{
    "pools": [
        {
            "rolls": 1,
            "entries": [
                {
                    "type": "item",
                    "weight": 1,
                    "name": "minecraft:leather_helmet",
                    "functions": [
                        {
                            "function": "set_nbt",
                            "tag": "{display:{Name:\"Lightning Helmet\",color:15662848},ench:[],enchant1:1b}"
                        }
                    ]
                },
                {
                    "type": "item",
                    "weight": 1,
                    "name": "minecraft:leather_helmet",
                    "functions": [
                        {
                            "function": "set_nbt",
                            "tag": "{display:{Name:\"Petrification Helmet\",color:0},ench:[],enchant2:1b}"
                        }
                    ]
                },
                {
                    "type": "item",
                    "weight": 1,
                    "name": "minecraft:leather_helmet",
                    "functions": [
                        {
                            "function": "set_nbt",
                            "tag": "{display:{Name:\"Levitation Helmet\",color:262093},ench:[],enchant3:1b}"
                        }
                    ]
                },
                {
                    "type": "item",
                    "weight": 1,
                    "name": "minecraft:leather_helmet",
                    "functions": [
                        {
                            "function": "set_nbt",
                            "tag": "{display:{Name:\"Explosive Helmet\",color:16753152},ench:[],enchant4:1b}"
                        }
                    ]
                },
                {
                    "type": "item",
                    "weight": 1,
                    "name": "minecraft:leather_helmet",
                    "functions": [
                        {
                            "function": "set_nbt",
                            "tag": "{display:{Name:\"Fire Helmet\",color:16711680},ench:[],enchant5:1b}"
                        }
                    ]
                },
                {
                    "type": "item",
                    "weight": 1,
                    "name": "minecraft:leather_helmet",
                    "functions": [
                        {
                            "function": "set_nbt",
                            "tag": "{display:{Name:\"Frosty Helmet\",color:12449023},ench:[],enchant6:1b}"
                        }
                    ]
                },
                {
                    "type": "item",
                    "weight": 1,
                    "name": "minecraft:leather_helmet",
                    "functions": [
                        {
                            "function": "set_nbt",
                            "tag": "{display:{Name:\"Grave Digger Helmet\",color:5395026},ench:[],enchant7:1b}"
                        }
                    ]
                },
                {
                    "type": "item",
                    "weight": 1,
                    "name": "minecraft:leather_helmet",
                    "functions": [
                        {
                            "function": "set_nbt",
                            "tag": "{display:{Name:\"Sinker Helmet\",color:5388837},ench:[],enchant8:1b}"
                        }
                    ]
                }
            ]
        }
    ]
}