{
    "pools": [
        {
            "rolls": 1,
            "entries": [
                {
                    "type": "item",
                    "weight": 1,
                    "name": "minecraft:blaze_powder"
                },
                {
                    "type": "item",
                    "weight": 1,
                    "name": "minecraft:gunpowder"
                },
                {
                    "type": "item",
                    "weight": 3,
                    "name": "minecraft:netherrack"
                }
            ]
        }
    ]
}