{
    "pools": [
        {
            "rolls": 1,
            "entries": [
                {
                    "type": "item",
                    "weight": 1,
                    "name": "minecraft:vine"
                },
                {
                    "type": "item",
                    "weight": 1,
                    "name": "minecraft:slime_ball"
                },
                {
                    "type": "item",
                    "weight": 3,
                    "name": "minecraft:cobblestone"
                }
            ]
        }
    ]
}