{
    "pools": [
        {
            "rolls": 1,
            "entries": [
                {
                    "type": "item",
                    "weight": 2,
                    "name": "minecraft:fish",
                    "functions": [
                        {
                            "function": "set_count",
                            "count": {
                                "min": 0,
                                "max": 5
                            }
                        },
                        {
                            "function": "set_data",
                            "data": {
                                "min": 0,
                                "max": 3
                            }
                        }
                    ]
                },
                {
                    "type": "item",
                    "weight": 1,
                    "name": "minecraft:leather_boots",
                    "functions": [
                        {
                            "function": "set_nbt",
                            "tag": "{ench:[{id:8,lvl:5}],display:{Name:\"Flippers\",color:1668457}}"
                        },
                        {
                            "function": "set_damage",
                            "damage": {
                                "min": 45,
                                "max": 55
                            }
                        }
                    ]
                },
                {
                    "type": "item",
                    "weight": 1,
                    "name": "minecraft:prismarine_shard",
                    "functions": [
                        {
                            "function": "set_count",
                            "count": {
                                "min": 0,
                                "max": 6
                            }
                        }
                    ]
                }
            ]
        }
    ]
}