{
    "pools": [
        {
            "rolls": 1,
            "entries": [
                {
                    "type": "item",
                    "weight": 1,
                    "name": "minecraft:spawn_egg",
                    "functions": [
                        {
                            "function": "set_nbt",
                            "tag": "{EntityTag:{id:\"minecraft:zombie\",CustomName:\"Wanderer\",Tags:[\"found\",\"canCurse\",\"wanderer\",\"timer10\"],IsVillager:0,IsBaby:0,ArmorItems:[{},{},{},{id:iron_hoe,Damage:23s,Count:1b,tag:{Unbreakable:1b}}],ArmorDropChances:[0.085F,0.085F,0.085F,-327.67F],Attributes:[{Name:generic.maxHealth,Base:50},{Name:generic.attackDamage,Base:12}],Health:50.0f,Silent:1,DeathLootTable:\"mobs/wanderer\",ActiveEffects:[{Id:12,Amplifier:0,Duration:2000000},{Id:24,Amplifier:0,Duration:200},{Id:14,Amplifier:0,Duration:200000}]},display:{Name:\"§aSpawn Wanderer\"}}"
                        }
                    ]
                }
            ]
        }
    ]
}