{
    "pools": [
        {
            "rolls": 1,
            "entries": [
                {
                    "type": "item",
                    "weight": 1,
                    "name": "minecraft:carrot_on_a_stick",
                    "functions": [
                        {
                            "function": "set_nbt",
                            "tag": "{Unbreakable:1,EFF_0:1b,EFF_11:1b,display:{Name:\"§aMage Staff\",Lore:[\"§bCost = 6 Mana\"]},ench:[{id:20,lvl:1}]}"
                        },
                        {
                            "function": "set_attributes",
                            "modifiers": [
                                {
                                    "name": "null",
                                    "attribute": "generic.attackDamage",
                                    "operation": "addition",
                                    "amount": {
                                        "min": 1,
                                        "max": 6
                                    },
                                    "slot": "mainhand"
                                }
                            ]
                        },
                        {
                            "function": "set_data",
                            "data": 11
                        }
                    ]
                }
            ]
        }
    ]
}