{
    "pools": [
        {
            "rolls": 1,
            "entries": [
                {
                    "type": "item",
                    "weight": 1,
                    "name": "minecraft:dye",
                    "conditions": [
                        {
                            "condition": "random_chance",
                            "chance": 0.75
                        }
				],
                    "functions": [
                        {
                            "function": "set_data",
                            "data": {
                                "min": 14,
                                "max": 14
                            }
                        },
                        {
                            "function": "set_count",
                            "count": {
                                "min": 0,
                                "max": 1
                            }
                        },
                        {
                            "function": "looting_enchant",
                            "count": {
                                "min": 0,
                                "max": 1
                            }
                        }
                    ]
                }
            ]
        },
        {
            "rolls": 1,
            "conditions": [
                {
                    "condition": "killed_by_player"
                },
                {
                    "condition": "random_chance_with_looting",
                    "chance": 0.05,
                    "looting_multiplier": 0.01
                }
            ],
            "entries": [
                {
                    "type": "item",
                    "weight": 1,
                    "name": "minecraft:dye",
                    "functions": [
                        {
                            "function": "set_data",
                            "data": {
                                "min": 11,
                                "max": 11
                            }
                        },
                        {
                            "function": "set_count",
                            "count": {
                                "min": 1,
                                "max": 2
                            }
                        }
                    ]
                }
            ]
        }
    ]
}