{
    "pools": [
        {
            "rolls": 1,
            "entries": [
                {
                    "type": "item",
                    "weight": 1,
                    "name": "minecraft:spawn_egg",
                    "functions": [
                        {
                            "function": "set_nbt",
                            "tag": "{EntityTag:{id:\"minecraft:zombie\",CustomName:\"Torgan\",CustomNameVisible:0,Tags:[\"found\",\"mobOne\"],ArmorItems:[{id:leather_boots,Count:1,tag:{display:{color:0}}},{id:leather_leggings,Count:1,tag:{display:{color:1321760}}},{id:leather_chestplate,Count:1,tag:{display:{color:1321760}}},{id:skull,Damage:3,Count:1,tag:{SkullOwner:{Id:\"9baee765-e355-4e8d-b82f-08a0028b2aaa\",Properties:{textures:[{Value:\"eyJ0ZXh0dXJlcyI6eyJTS0lOIjp7InVybCI6Imh0dHA6Ly90ZXh0dXJlcy5taW5lY3JhZnQubmV0L3RleHR1cmUvZjNlYzFiZWNmMDExMmRhODc3ZWU5ZGE0MjcyM2UyNDMzYjNjY2UzMmE2ZGRiODc3MWVhNzFjYWE4NWI1YTQifX19\"}]}}}}],HandItems:[{id:stone_axe,Count:1},{id:iron_pickaxe,Count:1}],ArmorDropChances:[0.085F,0.085F,0.085F,-327.67F],Attributes:[{Name:generic.maxHealth,Base:40},{Name:generic.movementSpeed,Base:0.42},{Name:generic.knockbackResistance,Base:1.0}],Health:40.0f,DeathLootTable:\"minecraft:mobs/orc\"},display:{Name:\"§aSpawn Torgan\"}}"
                        }
                    ]
                }
            ]
        }
    ]
}