{
    "pools": [
        {
            "rolls": 1,
            "entries": [
                {
                    "type": "item",
                    "weight": 1,
                    "name": "minecraft:spawn_egg",
                    "functions": [
                        {
                            "function": "set_nbt",
                            "tag": "{EntityTag:{id:\"minecraft:zombie\",CustomName:\"Angry Zombie\",Tags:[\"found\"],ArmorItems:[{},{},{},{id:skull,Damage:3,Count:1,tag:{SkullOwner:{Id:\"325c405a-c378-4f98-b98d-8db5a435aecf\",Properties:{textures:[{Value:\"eyJ0ZXh0dXJlcyI6eyJTS0lOIjp7InVybCI6Imh0dHA6Ly90ZXh0dXJlcy5taW5lY3JhZnQubmV0L3RleHR1cmUvN2JjOWQ4ODE2MmY4NzRiNDY3NzAxMzJmNTk5YjcyYTIwZmIyMjgyNGVmMDllYzdkMzU4NTA0OThiNDAxNiJ9fX0=\"}]}}}}],ArmorDropChances:[0.085F,0.085F,0.085F,-327.67F],Attributes:[{Name:generic.maxHealth,Base:40},{Name:generic.movementSpeed,Base:0.35},{Name:generic.attackDamage,Base:6}],Health:40.0f,DeathLootTable:\"minecraft:mobs/angry_zombie\"},display:{Name:\"§aSpawn Angry Zombie\"}}"
                        }
                    ]
                }
            ]
        }
    ]
}