{
    "pools": [
        {
            "rolls": 1,
            "entries": [
                {
                    "type": "item",
                    "weight": 1,
                    "name": "minecraft:spawn_egg",
                    "functions": [
                        {
                            "function": "set_nbt",
                            "tag": "{EntityTag:{id:\"minecraft:zombie\",CustomName:\"Wanderer\",CustomNameVisible:0,Tags:[\"found\",\"mobOne\",\"mobTwo\"],IsVillager:0,IsBaby:0,CanBreakDoors:1,ArmorItems:[{},{},{},{id:skull,Damage:3,Count:1,tag:{display:{Name:\"Wanderer Head\"},SkullOwner:{Id:\"31152fb2-cb1e-45c3-86dd-b23f7a20a6f8\",Properties:{textures:[{Value:\"eyJ0ZXh0dXJlcyI6eyJTS0lOIjp7InVybCI6Imh0dHA6Ly90ZXh0dXJlcy5taW5lY3JhZnQubmV0L3RleHR1cmUvNjhkMjE4MzY0MDIxOGFiMzMwYWM1NmQyYWFiN2UyOWE5NzkwYTU0NWY2OTE2MTllMzg1NzhlYTRhNjlhZTBiNiJ9fX0=\"}]}}}}],ArmorDropChances:[0.085F,0.085F,0.085F,0.1F],Attributes:[{Name:generic.maxHealth,Base:100},{Name:zombie.spawnReinforcements,Base:1.0F},{Name:generic.attackDamage,Base:8},{Name:generic.knockbackResistance,Base:1.0}],Health:100.0f,Silent:1,DeathLootTable:\"minecraft:mobs/wanderer\",ActiveEffects:[{Id:12,Amplifier:0,Duration:2000000},{Id:14,Amplifier:0,Duration:2000000},{Id:24,Amplifier:0,Duration:200}]},display:{Name:\"§aSpawn Wanderer\"}}"
                        }
                    ]
                }
            ]
        }
    ]
}