{
    "pools": [
        {
            "rolls": 1,
            "entries": [
                {
                    "type": "item",
                    "weight": 1,
                    "name": "minecraft:spawn_egg",
                    "functions": [
                        {
                            "function": "set_nbt",
                            "tag": "{EntityTag:{id:\"minecraft:zombie\",CustomName:\"Magra\",CustomNameVisible:0,Tags:[\"found\"],ArmorItems:[{id:leather_boots,Count:1,tag:{ench:[{id:2,lvl:100}],display:{color:0}}},{id:leather_leggings,Count:1,tag:{display:{color:1321760}}},{id:leather_chestplate,Count:1,tag:{ench:[{id:1,lvl:5},{id:3,lvl:5},{id:4,lvl:5},{id:7,lvl:15}],display:{color:1321760}}},{id:skull,Damage:3,Count:1,tag:{SkullOwner:{Id:\"d121a144-a2af-4376-ac3b-258644120706\",Properties:{textures:[{Value:\"eyJ0ZXh0dXJlcyI6eyJTS0lOIjp7InVybCI6Imh0dHA6Ly90ZXh0dXJlcy5taW5lY3JhZnQubmV0L3RleHR1cmUvOWE1NzMyN2JhYTE0YTNjMTI2YTQyNzdkMzAxZjc1MjJkMjI1MWEzMWFhNjlhZGViYmJmMTkxZmRiOGY1In19fQ==\"}]}}}}],HandItems:[{id:iron_sword,Count:1},{}],ArmorDropChances:[-327.67F,0.085F,-327.67F,-327.67F],Attributes:[{Name:generic.maxHealth,Base:70},{Name:generic.movementSpeed,Base:0.42},{Name:generic.knockbackResistance,Base:1.0}],Health:70.0f,DeathLootTable:\"minecraft:mobs/orc\"},display:{Name:\"§aSpawn Magra\"}}"
                        }
                    ]
                }
            ]
        }
    ]
}