{
    "pools": [
        {
            "rolls": 1,
            "entries": [
                {
                    "type": "item",
                    "weight": 1,
                    "name": "minecraft:spawn_egg",
                    "functions": [
                        {
                            "function": "set_nbt",
                            "tag": "{EntityTag:{id:\"minecraft:zombie\",CustomName:\"Ogre\",CustomNameVisible:0,Tags:[\"found\",\"model\",\"mobOne\"],IsVillager:0,CanBreakDoors:1,Attributes:[{Name:generic.attackDamage,Base:10},{Name:generic.maxHealth,Base:100},{Name:zombie.spawnReinforcements,Base:1.0F},{Name:generic.followRange,Base:40},{Name:generic.knockbackResistance,Base:1.0},{Name:generic.armor,Base:10}],Silent:1,ActiveEffects:[{Id:8,Amplifier:4,Duration:1200000},{Id:14,Amplifier:0,Duration:200000000000,ShowParticles:0b}],Health:100.0f,DeathLootTable:\"minecraft:mobs/ogre\",ArmorItems:[{},{},{},{Count:1,id:iron_hoe,Damage:6s,tag:{Unbreakable:1}}],ArmorDropChances:[0.085F,0.085F,0.085F,-327.67F]},display:{Name:\"§aSpawn Ogre\"}}"
                        }
                    ]
                }
            ]
        }
    ]
}