{
    "pools": [
        {
            "rolls": 1,
            "entries": [
                {
                    "type": "item",
                    "weight": 1,
                    "name": "minecraft:spawn_egg",
                    "functions": [
                        {
                            "function": "set_nbt",
                            "tag": "{EntityTag:{id:\"minecraft:zombie\",CustomName:\"Netherknight\",CustomNameVisible:0,Tags:[\"found\",\"model\",\"mobOne\"],IsVillager:0,IsBaby:0,CanBreakDoors:1,ArmorItems:[{},{},{},{}],HandDropChances:[-327.67F,-327.67F],HandItems:[{id:golden_hoe,Count:1,Damage:31s,tag:{Unbreakable:1b,ench:[{id:19,lvl:7},{id:20,lvl:1}]}},{}],ArmorDropChances:[0.085F,0.085F,0.085F,-327.67F],Attributes:[{Name:generic.attackDamage,Base:10},{Name:generic.maxHealth,Base:50},{Name:generic.movementSpeed,Base:0.43},{Name:zombie.spawnReinforcements,Base:1.0F},{Name:generic.knockbackResistance,Base:1.0}],Health:50.0f,Silent:1,ActiveEffects:[{Id:12,Amplifier:0,Duration:20000000,ShowParticles:0b}],DeathLootTable:\"minecraft:mobs/netherknight\"},display:{Name:\"§aSpawn Netherknight\"}}"
                        }
                    ]
                }
            ]
        }
    ]
}