{
    "pools": [
        {
            "rolls": 1,
            "entries": [
                {
                    "type": "item",
                    "weight": 1,
                    "name": "minecraft:carrot_on_a_stick",
                    "functions": [
                        {
                            "function": "set_nbt",
                            "tag": "{HideFlags:63,AttributeModifiers:[],Unbreakable:1,relic:1b,display:{Name:\"§aDark Relic\"}}"
                        },
                        {
                            "function": "set_data",
                            "data": 25
                        },
                        {
                            "function": "set_count",
                            "count": {
                                "min": 1,
                                "max": 3
                            }
						}
                    ]
                }
            ]
        }
    ]
}