{
"__comment": "Designed by MasterianoX",
"textures": {
    "particle": "wynn/weapons/sets/flaming_set/flaming_wand",
    "texture": "wynn/weapons/sets/flaming_set/flaming_wand"
},
"elements": [ 
{
    "from": [ 7.75, 13.75, 7.25 ],
    "to": [ 8.5, 14.5, 8.75 ],
    "faces": {
        "down":  { "uv": [ 7.75, 2.25, 8.5, 2 ], "texture": "#texture" },
        "up":    { "uv": [ 7.75, 1.5, 8.5, 1.75 ], "texture": "#texture" },
        "north": { "uv": [ 8.5, 1.5, 7.75, 2.25 ], "texture": "#texture" },
        "south": { "uv": [ 7.75, 1.5, 8.5, 2.25 ], "texture": "#texture" },
        "west":  { "uv": [ 7.75, 1.5, 8, 2.25 ], "texture": "#texture" },
        "east":  { "uv": [ 8.5, 1.5, 8.25, 2.25 ], "texture": "#texture" }
    }
},
{
    "from": [ 7.75, 11.5, 7.25 ],
    "to": [ 8.5, 12, 8.75 ],
    "faces": {
        "down":  { "uv": [ 7.75, 4.5, 8.5, 4.25 ], "texture": "#texture" },
        "up":    { "uv": [ 7.75, 4, 8.5, 4.25 ], "texture": "#texture" },
        "north": { "uv": [ 8.5, 4, 7.75, 4.5 ], "texture": "#texture" },
        "south": { "uv": [ 7.75, 4, 8.5, 4.5 ], "texture": "#texture" },
        "west":  { "uv": [ 7.75, 4, 8, 4.5 ], "texture": "#texture" },
        "east":  { "uv": [ 8.5, 4, 8.25, 4.5 ], "texture": "#texture" }
    }
},
{
    "from": [ 7.75, 10.25, 7.25 ],
    "to": [ 8.5, 10.5, 8.75 ],
    "faces": {
        "down":  { "uv": [ 7.75, 5.75, 8.5, 5.5 ], "texture": "#texture" },
        "up":    { "uv": [ 7.75, 5.5, 8.5, 5.75 ], "texture": "#texture" },
        "north": { "uv": [ 8.5, 5.5, 7.75, 5.75 ], "texture": "#texture" },
        "south": { "uv": [ 7.75, 5.5, 8.5, 5.75 ], "texture": "#texture" },
        "west":  { "uv": [ 7.75, 5.5, 8, 5.75 ], "texture": "#texture" },
        "east":  { "uv": [ 8.5, 5.5, 8.25, 5.75 ], "texture": "#texture" }
    }
},
{
    "from": [ 7.75, 9.75, 7.25 ],
    "to": [ 8.5, 10, 8.75 ],
    "faces": {
        "down":  { "uv": [ 7.75, 6.25, 8.5, 6 ], "texture": "#texture" },
        "up":    { "uv": [ 7.75, 6, 8.5, 6.25 ], "texture": "#texture" },
        "north": { "uv": [ 8.5, 6, 7.75, 6.25 ], "texture": "#texture" },
        "south": { "uv": [ 7.75, 6, 8.5, 6.25 ], "texture": "#texture" },
        "west":  { "uv": [ 7.75, 6, 8, 6.25 ], "texture": "#texture" },
        "east":  { "uv": [ 8.5, 6, 8.25, 6.25 ], "texture": "#texture" }
    }
},
{
    "from": [ 8, 13.5, 7.25 ],
    "to": [ 8.25, 13.75, 8.75 ],
    "faces": {
        "down":  { "uv": [ 8, 2.5, 8.25, 2.25 ], "texture": "#texture" },
        "up":    { "uv": [ 8, 2.25, 8.25, 2.5 ], "texture": "#texture" },
        "north": { "uv": [ 8.25, 2.25, 8, 2.5 ], "texture": "#texture" },
        "south": { "uv": [ 8, 2.25, 8.25, 2.5 ], "texture": "#texture" },
        "west":  { "uv": [ 8, 2.25, 8.25, 2.5 ], "texture": "#texture" },
        "east":  { "uv": [ 8.25, 2.25, 8, 2.5 ], "texture": "#texture" }
    }
},
{
    "from": [ 7, 14.5, 7.5 ],
    "to": [ 7.25, 15.25, 8.5 ],
    "faces": {
        "down":  { "uv": [ 7, 1.5, 7.25, 1.25 ], "texture": "#texture" },
        "up":    { "uv": [ 7, 0.75, 7.25, 1 ], "texture": "#texture" },
        "north": { "uv": [ 7.25, 0.75, 7, 1.5 ], "texture": "#texture" },
        "south": { "uv": [ 7, 0.75, 7.25, 1.5 ], "texture": "#texture" },
        "west":  { "uv": [ 7, 0.75, 7.25, 1.5 ], "texture": "#texture" },
        "east":  { "uv": [ 7.25, 0.75, 7, 1.5 ], "texture": "#texture" }
    }
},
{
    "from": [ 7.25, 14.25, 7.5 ],
    "to": [ 7.5, 15, 8.5 ],
    "faces": {
        "down":  { "uv": [ 7.25, 1.75, 7.5, 1.5 ], "texture": "#texture" },
        "up":    { "uv": [ 7.25, 1, 7.5, 1.25 ], "texture": "#texture" },
        "north": { "uv": [ 7.5, 1, 7.25, 1.75 ], "texture": "#texture" },
        "south": { "uv": [ 7.25, 1, 7.5, 1.75 ], "texture": "#texture" },
        "west":  { "uv": [ 7.25, 1, 7.5, 1.75 ], "texture": "#texture" },
        "east":  { "uv": [ 7.5, 1, 7.25, 1.75 ], "texture": "#texture" }
    }
},
{
    "from": [ 7.25, 13, 7.5 ],
    "to": [ 9, 13.25, 8.5 ],
    "faces": {
        "down":  { "uv": [ 7.25, 3, 9, 2.75 ], "texture": "#texture" },
        "up":    { "uv": [ 7.25, 2.75, 9, 3 ], "texture": "#texture" },
        "north": { "uv": [ 9, 2.75, 7.25, 3 ], "texture": "#texture" },
        "south": { "uv": [ 7.25, 2.75, 9, 3 ], "texture": "#texture" },
        "west":  { "uv": [ 7.25, 2.75, 7.5, 3 ], "texture": "#texture" },
        "east":  { "uv": [ 9, 2.75, 8.75, 3 ], "texture": "#texture" }
    }
},
{
    "from": [ 7.5, 13.75, 7.5 ],
    "to": [ 8.75, 14.75, 8.5 ],
    "faces": {
        "down":  { "uv": [ 7.5, 2.25, 8.75, 2 ], "texture": "#texture" },
        "up":    { "uv": [ 7.5, 1.25, 8.75, 1.5 ], "texture": "#texture" },
        "north": { "uv": [ 8.75, 1.25, 7.5, 2.25 ], "texture": "#texture" },
        "south": { "uv": [ 7.5, 1.25, 8.75, 2.25 ], "texture": "#texture" },
        "west":  { "uv": [ 7.5, 1.25, 7.75, 2.25 ], "texture": "#texture" },
        "east":  { "uv": [ 8.75, 1.25, 8.5, 2.25 ], "texture": "#texture" }
    }
},
{
    "from": [ 7.5, 13.25, 7.5 ],
    "to": [ 8.75, 13.5, 8.5 ],
    "faces": {
        "down":  { "uv": [ 7.5, 2.75, 8.75, 2.5 ], "texture": "#texture" },
        "up":    { "uv": [ 7.5, 2.5, 8.75, 2.75 ], "texture": "#texture" },
        "north": { "uv": [ 8.75, 2.5, 7.5, 2.75 ], "texture": "#texture" },
        "south": { "uv": [ 7.5, 2.5, 8.75, 2.75 ], "texture": "#texture" },
        "west":  { "uv": [ 7.5, 2.5, 7.75, 2.75 ], "texture": "#texture" },
        "east":  { "uv": [ 8.75, 2.5, 8.5, 2.75 ], "texture": "#texture" }
    }
},
{
    "from": [ 7.5, 12.75, 7.5 ],
    "to": [ 8.75, 13, 8.5 ],
    "faces": {
        "down":  { "uv": [ 7.5, 3.25, 8.75, 3 ], "texture": "#texture" },
        "up":    { "uv": [ 7.5, 3, 8.75, 3.25 ], "texture": "#texture" },
        "north": { "uv": [ 8.75, 3, 7.5, 3.25 ], "texture": "#texture" },
        "south": { "uv": [ 7.5, 3, 8.75, 3.25 ], "texture": "#texture" },
        "west":  { "uv": [ 7.5, 3, 7.75, 3.25 ], "texture": "#texture" },
        "east":  { "uv": [ 8.75, 3, 8.5, 3.25 ], "texture": "#texture" }
    }
},
{
    "from": [ 7.5, 11.25, 7.5 ],
    "to": [ 8.75, 12.25, 8.5 ],
    "faces": {
        "down":  { "uv": [ 7.5, 4.75, 8.75, 4.5 ], "texture": "#texture" },
        "up":    { "uv": [ 7.5, 3.75, 8.75, 4 ], "texture": "#texture" },
        "north": { "uv": [ 8.75, 3.75, 7.5, 4.75 ], "texture": "#texture" },
        "south": { "uv": [ 7.5, 3.75, 8.75, 4.75 ], "texture": "#texture" },
        "west":  { "uv": [ 7.5, 3.75, 7.75, 4.75 ], "texture": "#texture" },
        "east":  { "uv": [ 8.75, 3.75, 8.5, 4.75 ], "texture": "#texture" }
    }
},
{
    "from": [ 7.5, 10.25, 7.5 ],
    "to": [ 8.75, 10.5, 8.5 ],
    "faces": {
        "down":  { "uv": [ 7.5, 5.75, 8.75, 5.5 ], "texture": "#texture" },
        "up":    { "uv": [ 7.5, 5.5, 8.75, 5.75 ], "texture": "#texture" },
        "north": { "uv": [ 8.75, 5.5, 7.5, 5.75 ], "texture": "#texture" },
        "south": { "uv": [ 7.5, 5.5, 8.75, 5.75 ], "texture": "#texture" },
        "west":  { "uv": [ 7.5, 5.5, 7.75, 5.75 ], "texture": "#texture" },
        "east":  { "uv": [ 8.75, 5.5, 8.5, 5.75 ], "texture": "#texture" }
    }
},
{
    "from": [ 7.5, 9.75, 7.5 ],
    "to": [ 8.75, 10, 8.5 ],
    "faces": {
        "down":  { "uv": [ 7.5, 6.25, 8.75, 6 ], "texture": "#texture" },
        "up":    { "uv": [ 7.5, 6, 8.75, 6.25 ], "texture": "#texture" },
        "north": { "uv": [ 8.75, 6, 7.5, 6.25 ], "texture": "#texture" },
        "south": { "uv": [ 7.5, 6, 8.75, 6.25 ], "texture": "#texture" },
        "west":  { "uv": [ 7.5, 6, 7.75, 6.25 ], "texture": "#texture" },
        "east":  { "uv": [ 8.75, 6, 8.5, 6.25 ], "texture": "#texture" }
    }
},
{
    "from": [ 7.75, 13.5, 7.5 ],
    "to": [ 8.5, 13.75, 8.5 ],
    "faces": {
        "down":  { "uv": [ 7.75, 2.5, 8.5, 2.25 ], "texture": "#texture" },
        "up":    { "uv": [ 7.75, 2.25, 8.5, 2.5 ], "texture": "#texture" },
        "north": { "uv": [ 8.5, 2.25, 7.75, 2.5 ], "texture": "#texture" },
        "south": { "uv": [ 7.75, 2.25, 8.5, 2.5 ], "texture": "#texture" },
        "west":  { "uv": [ 7.75, 2.25, 8, 2.5 ], "texture": "#texture" },
        "east":  { "uv": [ 8.5, 2.25, 8.25, 2.5 ], "texture": "#texture" }
    }
},
{
    "from": [ 7.75, 12.5, 7.5 ],
    "to": [ 8.5, 12.75, 8.5 ],
    "faces": {
        "down":  { "uv": [ 7.75, 3.5, 8.5, 3.25 ], "texture": "#texture" },
        "up":    { "uv": [ 7.75, 3.25, 8.5, 3.5 ], "texture": "#texture" },
        "north": { "uv": [ 8.5, 3.25, 7.75, 3.5 ], "texture": "#texture" },
        "south": { "uv": [ 7.75, 3.25, 8.5, 3.5 ], "texture": "#texture" },
        "west":  { "uv": [ 7.75, 3.25, 8, 3.5 ], "texture": "#texture" },
        "east":  { "uv": [ 8.5, 3.25, 8.25, 3.5 ], "texture": "#texture" }
    }
},
{
    "from": [ 7.75, 10.5, 7.5 ],
    "to": [ 8.5, 10.75, 8.5 ],
    "faces": {
        "down":  { "uv": [ 7.75, 5.5, 8.5, 5.25 ], "texture": "#texture" },
        "up":    { "uv": [ 7.75, 5.25, 8.5, 5.5 ], "texture": "#texture" },
        "north": { "uv": [ 8.5, 5.25, 7.75, 5.5 ], "texture": "#texture" },
        "south": { "uv": [ 7.75, 5.25, 8.5, 5.5 ], "texture": "#texture" },
        "west":  { "uv": [ 7.75, 5.25, 8, 5.5 ], "texture": "#texture" },
        "east":  { "uv": [ 8.5, 5.25, 8.25, 5.5 ], "texture": "#texture" }
    }
},
{
    "from": [ 7.75, 9.5, 7.5 ],
    "to": [ 8.5, 9.75, 8.5 ],
    "faces": {
        "down":  { "uv": [ 7.75, 6.5, 8.5, 6.25 ], "texture": "#texture" },
        "up":    { "uv": [ 7.75, 6.25, 8.5, 6.5 ], "texture": "#texture" },
        "north": { "uv": [ 8.5, 6.25, 7.75, 6.5 ], "texture": "#texture" },
        "south": { "uv": [ 7.75, 6.25, 8.5, 6.5 ], "texture": "#texture" },
        "west":  { "uv": [ 7.75, 6.25, 8, 6.5 ], "texture": "#texture" },
        "east":  { "uv": [ 8.5, 6.25, 8.25, 6.5 ], "texture": "#texture" }
    }
},
{
    "from": [ 7.75, 1.5, 7.5 ],
    "to": [ 8.5, 3, 8.5 ],
    "faces": {
        "down":  { "uv": [ 7.75, 14.5, 8.5, 14.25 ], "texture": "#texture" },
        "up":    { "uv": [ 7.75, 13, 8.5, 13.25 ], "texture": "#texture" },
        "north": { "uv": [ 8.5, 13, 7.75, 14.5 ], "texture": "#texture" },
        "south": { "uv": [ 7.75, 13, 8.5, 14.5 ], "texture": "#texture" },
        "west":  { "uv": [ 7.75, 13, 8, 14.5 ], "texture": "#texture" },
        "east":  { "uv": [ 8.5, 13, 8.25, 14.5 ], "texture": "#texture" }
    }
},
{
    "from": [ 8, 0.5, 7.5 ],
    "to": [ 8.25, 1.5, 8.5 ],
    "faces": {
        "down":  { "uv": [ 8, 15.5, 8.25, 15.25 ], "texture": "#texture" },
        "up":    { "uv": [ 8, 14.5, 8.25, 14.75 ], "texture": "#texture" },
        "north": { "uv": [ 8.25, 14.5, 8, 15.5 ], "texture": "#texture" },
        "south": { "uv": [ 8, 14.5, 8.25, 15.5 ], "texture": "#texture" },
        "west":  { "uv": [ 8, 14.5, 8.25, 15.5 ], "texture": "#texture" },
        "east":  { "uv": [ 8.25, 14.5, 8, 15.5 ], "texture": "#texture" }
    }
},
{
    "from": [ 8.75, 14.25, 7.5 ],
    "to": [ 9, 15, 8.5 ],
    "faces": {
        "down":  { "uv": [ 8.75, 1.75, 9, 1.5 ], "texture": "#texture" },
        "up":    { "uv": [ 8.75, 1, 9, 1.25 ], "texture": "#texture" },
        "north": { "uv": [ 9, 1, 8.75, 1.75 ], "texture": "#texture" },
        "south": { "uv": [ 8.75, 1, 9, 1.75 ], "texture": "#texture" },
        "west":  { "uv": [ 8.75, 1, 9, 1.75 ], "texture": "#texture" },
        "east":  { "uv": [ 9, 1, 8.75, 1.75 ], "texture": "#texture" }
    }
},
{
    "from": [ 9, 14.5, 7.5 ],
    "to": [ 9.25, 15.25, 8.5 ],
    "faces": {
        "down":  { "uv": [ 9, 1.5, 9.25, 1.25 ], "texture": "#texture" },
        "up":    { "uv": [ 9, 0.75, 9.25, 1 ], "texture": "#texture" },
        "north": { "uv": [ 9.25, 0.75, 9, 1.5 ], "texture": "#texture" },
        "south": { "uv": [ 9, 0.75, 9.25, 1.5 ], "texture": "#texture" },
        "west":  { "uv": [ 9, 0.75, 9.25, 1.5 ], "texture": "#texture" },
        "east":  { "uv": [ 9.25, 0.75, 9, 1.5 ], "texture": "#texture" }
    }
},
{
    "from": [ 6.75, 14.25, 7.75 ],
    "to": [ 7.25, 15.75, 8.25 ],
    "faces": {
        "down":  { "uv": [ 6.75, 1.75, 7.25, 1.5 ], "texture": "#texture" },
        "up":    { "uv": [ 6.75, 0.25, 7.25, 0.5 ], "texture": "#texture" },
        "north": { "uv": [ 7.25, 0.25, 6.75, 1.75 ], "texture": "#texture" },
        "south": { "uv": [ 6.75, 0.25, 7.25, 1.75 ], "texture": "#texture" },
        "west":  { "uv": [ 6.75, 0.25, 7, 1.75 ], "texture": "#texture" },
        "east":  { "uv": [ 7.25, 0.25, 7, 1.75 ], "texture": "#texture" }
    }
},
{
    "from": [ 6.75, 13.25, 7.75 ],
    "to": [ 7, 13.75, 8.25 ],
    "faces": {
        "down":  { "uv": [ 6.75, 2.75, 7, 2.5 ], "texture": "#texture" },
        "up":    { "uv": [ 6.75, 2.25, 7, 2.5 ], "texture": "#texture" },
        "north": { "uv": [ 7, 2.25, 6.75, 2.75 ], "texture": "#texture" },
        "south": { "uv": [ 6.75, 2.25, 7, 2.75 ], "texture": "#texture" },
        "west":  { "uv": [ 6.75, 2.25, 7, 2.75 ], "texture": "#texture" },
        "east":  { "uv": [ 7, 2.25, 6.75, 2.75 ], "texture": "#texture" }
    }
},
{
    "from": [ 7, 15.75, 7.75 ],
    "to": [ 7.5, 16, 8.25 ],
    "faces": {
        "down":  { "uv": [ 7, 0.25, 7.5, 0 ], "texture": "#texture" },
        "up":    { "uv": [ 7, 0, 7.5, 0.25 ], "texture": "#texture" },
        "north": { "uv": [ 7.5, 0, 7, 0.25 ], "texture": "#texture" },
        "south": { "uv": [ 7, 0, 7.5, 0.25 ], "texture": "#texture" },
        "west":  { "uv": [ 7, 0, 7.25, 0.25 ], "texture": "#texture" },
        "east":  { "uv": [ 7.5, 0, 7.25, 0.25 ], "texture": "#texture" }
    }
},
{
    "from": [ 7, 13, 7.75 ],
    "to": [ 9.25, 13.5, 8.25 ],
    "faces": {
        "down":  { "uv": [ 7, 3, 9.25, 2.75 ], "texture": "#texture" },
        "up":    { "uv": [ 7, 2.5, 9.25, 2.75 ], "texture": "#texture" },
        "north": { "uv": [ 9.25, 2.5, 7, 3 ], "texture": "#texture" },
        "south": { "uv": [ 7, 2.5, 9.25, 3 ], "texture": "#texture" },
        "west":  { "uv": [ 7, 2.5, 7.25, 3 ], "texture": "#texture" },
        "east":  { "uv": [ 9.25, 2.5, 9, 3 ], "texture": "#texture" }
    }
},
{
    "from": [ 7.25, 13.75, 7.75 ],
    "to": [ 7.5, 15.25, 8.25 ],
    "faces": {
        "down":  { "uv": [ 7.25, 2.25, 7.5, 2 ], "texture": "#texture" },
        "up":    { "uv": [ 7.25, 0.75, 7.5, 1 ], "texture": "#texture" },
        "north": { "uv": [ 7.5, 0.75, 7.25, 2.25 ], "texture": "#texture" },
        "south": { "uv": [ 7.25, 0.75, 7.5, 2.25 ], "texture": "#texture" },
        "west":  { "uv": [ 7.25, 0.75, 7.5, 2.25 ], "texture": "#texture" },
        "east":  { "uv": [ 7.5, 0.75, 7.25, 2.25 ], "texture": "#texture" }
    }
},
{
    "from": [ 7.25, 12.5, 7.75 ],
    "to": [ 9, 13, 8.25 ],
    "faces": {
        "down":  { "uv": [ 7.25, 3.5, 9, 3.25 ], "texture": "#texture" },
        "up":    { "uv": [ 7.25, 3, 9, 3.25 ], "texture": "#texture" },
        "north": { "uv": [ 9, 3, 7.25, 3.5 ], "texture": "#texture" },
        "south": { "uv": [ 7.25, 3, 9, 3.5 ], "texture": "#texture" },
        "west":  { "uv": [ 7.25, 3, 7.5, 3.5 ], "texture": "#texture" },
        "east":  { "uv": [ 9, 3, 8.75, 3.5 ], "texture": "#texture" }
    }
},
{
    "from": [ 7.25, 11.25, 7.75 ],
    "to": [ 9, 12.25, 8.25 ],
    "faces": {
        "down":  { "uv": [ 7.25, 4.75, 9, 4.5 ], "texture": "#texture" },
        "up":    { "uv": [ 7.25, 3.75, 9, 4 ], "texture": "#texture" },
        "north": { "uv": [ 9, 3.75, 7.25, 4.75 ], "texture": "#texture" },
        "south": { "uv": [ 7.25, 3.75, 9, 4.75 ], "texture": "#texture" },
        "west":  { "uv": [ 7.25, 3.75, 7.5, 4.75 ], "texture": "#texture" },
        "east":  { "uv": [ 9, 3.75, 8.75, 4.75 ], "texture": "#texture" }
    }
},
{
    "from": [ 7.25, 10.25, 7.75 ],
    "to": [ 9, 10.5, 8.25 ],
    "faces": {
        "down":  { "uv": [ 7.25, 5.75, 9, 5.5 ], "texture": "#texture" },
        "up":    { "uv": [ 7.25, 5.5, 9, 5.75 ], "texture": "#texture" },
        "north": { "uv": [ 9, 5.5, 7.25, 5.75 ], "texture": "#texture" },
        "south": { "uv": [ 7.25, 5.5, 9, 5.75 ], "texture": "#texture" },
        "west":  { "uv": [ 7.25, 5.5, 7.5, 5.75 ], "texture": "#texture" },
        "east":  { "uv": [ 9, 5.5, 8.75, 5.75 ], "texture": "#texture" }
    }
},
{
    "from": [ 7.25, 9.75, 7.75 ],
    "to": [ 9, 10, 8.25 ],
    "faces": {
        "down":  { "uv": [ 7.25, 6.25, 9, 6 ], "texture": "#texture" },
        "up":    { "uv": [ 7.25, 6, 9, 6.25 ], "texture": "#texture" },
        "north": { "uv": [ 9, 6, 7.25, 6.25 ], "texture": "#texture" },
        "south": { "uv": [ 7.25, 6, 9, 6.25 ], "texture": "#texture" },
        "west":  { "uv": [ 7.25, 6, 7.5, 6.25 ], "texture": "#texture" },
        "east":  { "uv": [ 9, 6, 8.75, 6.25 ], "texture": "#texture" }
    }
},
{
    "from": [ 7.5, 13.5, 7.75 ],
    "to": [ 8.75, 15, 8.25 ],
    "faces": {
        "down":  { "uv": [ 7.5, 2.5, 8.75, 2.25 ], "texture": "#texture" },
        "up":    { "uv": [ 7.5, 1, 8.75, 1.25 ], "texture": "#texture" },
        "north": { "uv": [ 8.75, 1, 7.5, 2.5 ], "texture": "#texture" },
        "south": { "uv": [ 7.5, 1, 8.75, 2.5 ], "texture": "#texture" },
        "west":  { "uv": [ 7.5, 1, 7.75, 2.5 ], "texture": "#texture" },
        "east":  { "uv": [ 8.75, 1, 8.5, 2.5 ], "texture": "#texture" }
    }
},
{
    "from": [ 7.5, 12.25, 7.75 ],
    "to": [ 8.75, 12.5, 8.25 ],
    "faces": {
        "down":  { "uv": [ 7.5, 3.75, 8.75, 3.5 ], "texture": "#texture" },
        "up":    { "uv": [ 7.5, 3.5, 8.75, 3.75 ], "texture": "#texture" },
        "north": { "uv": [ 8.75, 3.5, 7.5, 3.75 ], "texture": "#texture" },
        "south": { "uv": [ 7.5, 3.5, 8.75, 3.75 ], "texture": "#texture" },
        "west":  { "uv": [ 7.5, 3.5, 7.75, 3.75 ], "texture": "#texture" },
        "east":  { "uv": [ 8.75, 3.5, 8.5, 3.75 ], "texture": "#texture" }
    }
},
{
    "from": [ 7.5, 11, 7.75 ],
    "to": [ 8.75, 11.25, 8.25 ],
    "faces": {
        "down":  { "uv": [ 7.5, 5, 8.75, 4.75 ], "texture": "#texture" },
        "up":    { "uv": [ 7.5, 4.75, 8.75, 5 ], "texture": "#texture" },
        "north": { "uv": [ 8.75, 4.75, 7.5, 5 ], "texture": "#texture" },
        "south": { "uv": [ 7.5, 4.75, 8.75, 5 ], "texture": "#texture" },
        "west":  { "uv": [ 7.5, 4.75, 7.75, 5 ], "texture": "#texture" },
        "east":  { "uv": [ 8.75, 4.75, 8.5, 5 ], "texture": "#texture" }
    }
},
{
    "from": [ 7.5, 10.5, 7.75 ],
    "to": [ 8.75, 10.75, 8.25 ],
    "faces": {
        "down":  { "uv": [ 7.5, 5.5, 8.75, 5.25 ], "texture": "#texture" },
        "up":    { "uv": [ 7.5, 5.25, 8.75, 5.5 ], "texture": "#texture" },
        "north": { "uv": [ 8.75, 5.25, 7.5, 5.5 ], "texture": "#texture" },
        "south": { "uv": [ 7.5, 5.25, 8.75, 5.5 ], "texture": "#texture" },
        "west":  { "uv": [ 7.5, 5.25, 7.75, 5.5 ], "texture": "#texture" },
        "east":  { "uv": [ 8.75, 5.25, 8.5, 5.5 ], "texture": "#texture" }
    }
},
{
    "from": [ 7.5, 10, 7.5 ],
    "to": [ 8.75, 10.25, 8.5 ],
    "faces": {
        "down":  { "uv": [ 7.5, 6, 8.75, 5.75 ], "texture": "#texture" },
        "up":    { "uv": [ 7.5, 5.75, 8.75, 6 ], "texture": "#texture" },
        "north": { "uv": [ 8.75, 5.75, 7.5, 6 ], "texture": "#texture" },
        "south": { "uv": [ 7.5, 5.75, 8.75, 6 ], "texture": "#texture" },
        "west":  { "uv": [ 7.5, 5.75, 7.75, 6 ], "texture": "#texture" },
        "east":  { "uv": [ 8.75, 5.75, 8.5, 6 ], "texture": "#texture" }
    }
},
{
    "from": [ 7.5, 9.5, 7.75 ],
    "to": [ 8.75, 9.75, 8.25 ],
    "faces": {
        "down":  { "uv": [ 7.5, 6.5, 8.75, 6.25 ], "texture": "#texture" },
        "up":    { "uv": [ 7.5, 6.25, 8.75, 6.5 ], "texture": "#texture" },
        "north": { "uv": [ 8.75, 6.25, 7.5, 6.5 ], "texture": "#texture" },
        "south": { "uv": [ 7.5, 6.25, 8.75, 6.5 ], "texture": "#texture" },
        "west":  { "uv": [ 7.5, 6.25, 7.75, 6.5 ], "texture": "#texture" },
        "east":  { "uv": [ 8.75, 6.25, 8.5, 6.5 ], "texture": "#texture" }
    }
},
{
    "from": [ 7.5, 1.5, 7.75 ],
    "to": [ 8.75, 3, 8.25 ],
    "faces": {
        "down":  { "uv": [ 7.5, 14.5, 8.75, 14.25 ], "texture": "#texture" },
        "up":    { "uv": [ 7.5, 13, 8.75, 13.25 ], "texture": "#texture" },
        "north": { "uv": [ 8.75, 13, 7.5, 14.5 ], "texture": "#texture" },
        "south": { "uv": [ 7.5, 13, 8.75, 14.5 ], "texture": "#texture" },
        "west":  { "uv": [ 7.5, 13, 7.75, 14.5 ], "texture": "#texture" },
        "east":  { "uv": [ 8.75, 13, 8.5, 14.5 ], "texture": "#texture" }
    }
},
{
    "from": [ 7.75, 10.75, 7.75 ],
    "to": [ 8.5, 11, 8.25 ],
    "faces": {
        "down":  { "uv": [ 7.75, 5.25, 8.5, 5 ], "texture": "#texture" },
        "up":    { "uv": [ 7.75, 5, 8.5, 5.25 ], "texture": "#texture" },
        "north": { "uv": [ 8.5, 5, 7.75, 5.25 ], "texture": "#texture" },
        "south": { "uv": [ 7.75, 5, 8.5, 5.25 ], "texture": "#texture" },
        "west":  { "uv": [ 7.75, 5, 8, 5.25 ], "texture": "#texture" },
        "east":  { "uv": [ 8.5, 5, 8.25, 5.25 ], "texture": "#texture" }
    }
},
{
    "from": [ 7.75, 3, 7.625 ],
    "to": [ 8.5, 9.5, 8.375 ],
    "faces": {
        "down":  { "uv": [ 7.75, 13, 8.5, 12.75 ], "texture": "#texture" },
        "up":    { "uv": [ 7.75, 6.5, 8.5, 6.75 ], "texture": "#texture" },
        "north": { "uv": [ 7.75, 6.5, 8.5, 13 ], "texture": "#texture" },
        "south": { "uv": [ 7.75, 6.5, 8.5, 13 ], "texture": "#texture" },
        "west":  { "uv": [ 8.5, 6.5, 7.75, 13 ], "texture": "#texture" },
        "east":  { "uv": [ 8.5, 6.5, 7.75, 13 ], "texture": "#texture" }
    }
},
{
    "from": [ 7.75, 0.5, 7.75 ],
    "to": [ 8.5, 1.5, 8.25 ],
    "faces": {
        "down":  { "uv": [ 7.75, 15.5, 8.5, 15.25 ], "texture": "#texture" },
        "up":    { "uv": [ 7.75, 14.5, 8.5, 14.75 ], "texture": "#texture" },
        "north": { "uv": [ 8.5, 14.5, 7.75, 15.5 ], "texture": "#texture" },
        "south": { "uv": [ 7.75, 14.5, 8.5, 15.5 ], "texture": "#texture" },
        "west":  { "uv": [ 7.75, 14.5, 8, 15.5 ], "texture": "#texture" },
        "east":  { "uv": [ 8.5, 14.5, 8.25, 15.5 ], "texture": "#texture" }
    }
},
{
    "from": [ 8, 0, 7.75 ],
    "to": [ 8.25, 0.5, 8.25 ],
    "faces": {
        "down":  { "uv": [ 8, 16, 8.25, 15.75 ], "texture": "#texture" },
        "up":    { "uv": [ 8, 15.5, 8.25, 15.75 ], "texture": "#texture" },
        "north": { "uv": [ 8.25, 15.5, 8, 16 ], "texture": "#texture" },
        "south": { "uv": [ 8, 15.5, 8.25, 16 ], "texture": "#texture" },
        "west":  { "uv": [ 8, 15.5, 8.25, 16 ], "texture": "#texture" },
        "east":  { "uv": [ 8.25, 15.5, 8, 16 ], "texture": "#texture" }
    }
},
{
    "from": [ 8.75, 15.75, 7.75 ],
    "to": [ 9.25, 16, 8.25 ],
    "faces": {
        "down":  { "uv": [ 8.75, 0.25, 9.25, 0 ], "texture": "#texture" },
        "up":    { "uv": [ 8.75, 0, 9.25, 0.25 ], "texture": "#texture" },
        "north": { "uv": [ 9.25, 0, 8.75, 0.25 ], "texture": "#texture" },
        "south": { "uv": [ 8.75, 0, 9.25, 0.25 ], "texture": "#texture" },
        "west":  { "uv": [ 8.75, 0, 9, 0.25 ], "texture": "#texture" },
        "east":  { "uv": [ 9.25, 0, 9, 0.25 ], "texture": "#texture" }
    }
},
{
    "from": [ 8.75, 13.75, 7.75 ],
    "to": [ 9, 15.25, 8.25 ],
    "faces": {
        "down":  { "uv": [ 8.75, 2.25, 9, 2 ], "texture": "#texture" },
        "up":    { "uv": [ 8.75, 0.75, 9, 1 ], "texture": "#texture" },
        "north": { "uv": [ 9, 0.75, 8.75, 2.25 ], "texture": "#texture" },
        "south": { "uv": [ 8.75, 0.75, 9, 2.25 ], "texture": "#texture" },
        "west":  { "uv": [ 8.75, 0.75, 9, 2.25 ], "texture": "#texture" },
        "east":  { "uv": [ 9, 0.75, 8.75, 2.25 ], "texture": "#texture" }
    }
},
{
    "from": [ 9, 14.25, 7.75 ],
    "to": [ 9.5, 15.75, 8.25 ],
    "faces": {
        "down":  { "uv": [ 9, 1.75, 9.5, 1.5 ], "texture": "#texture" },
        "up":    { "uv": [ 9, 0.25, 9.5, 0.5 ], "texture": "#texture" },
        "north": { "uv": [ 9.5, 0.25, 9, 1.75 ], "texture": "#texture" },
        "south": { "uv": [ 9, 0.25, 9.5, 1.75 ], "texture": "#texture" },
        "west":  { "uv": [ 9, 0.25, 9.25, 1.75 ], "texture": "#texture" },
        "east":  { "uv": [ 9.5, 0.25, 9.25, 1.75 ], "texture": "#texture" }
    }
},
{
    "from": [ 9.25, 13.25, 7.75 ],
    "to": [ 9.5, 13.75, 8.25 ],
    "faces": {
        "down":  { "uv": [ 9.25, 2.75, 9.5, 2.5 ], "texture": "#texture" },
        "up":    { "uv": [ 9.25, 2.25, 9.5, 2.5 ], "texture": "#texture" },
        "north": { "uv": [ 9.5, 2.25, 9.25, 2.75 ], "texture": "#texture" },
        "south": { "uv": [ 9.25, 2.25, 9.5, 2.75 ], "texture": "#texture" },
        "west":  { "uv": [ 9.25, 2.25, 9.5, 2.75 ], "texture": "#texture" },
        "east":  { "uv": [ 9.5, 2.25, 9.25, 2.75 ], "texture": "#texture" }
    }
}
],
"display": {
    "thirdperson_righthand": {
        "rotation": [ 0, 90, 0 ],
        "translation": [ 0, 0.19, 1.51 ],
        "scale": [ 2, 2, 2 ]
    },
    "thirdperson_lefthand": {
        "rotation": [ 0, -90, 0 ],
        "translation": [ 0, 0.19, 1.51 ],
        "scale": [ 2, 2, 2 ]
    },
    "ground": {
        "rotation": [ 0, 0, 45 ],
        "translation": [ 0, 4.16, 0 ],
        "scale": [ 0.5, 0.5, 0.5 ]
    },
    "fixed": {
        "rotation": [ 0, 0, 45 ],
        "translation": [ 0, 0, 0 ],
        "scale": [ 1, 1, 1 ]
    },
    "firstperson_righthand": {
        "rotation": [ 0, -84, 0 ],
        "translation": [ 2.27, 0.94, -0.57 ],
        "scale": [ 2, 2, 2 ]
    },
    "firstperson_lefthand": {
        "rotation": [ 0, 98, 0 ],
        "translation": [ 1.89, 0.94, -1.51 ],
        "scale": [ 2, 2, 2 ]
    },
    "gui": {
        "rotation": [ 0, 0, -45 ],
        "translation": [ 0, 0, 0 ],
        "scale": [ 1, 1, 1 ]
    }
}
}