{
    "__comment": "Model animated using Fizzy's model animator - http://fizzy81.github.io/animated-models/", 
    "textures": {
        "main": "mob/bullant"
    }, 
    "elements": [
        {
            "name": "Cube", 
            "from": [ 5, 3, 0 ], 
            "to":   [ 11, 7, 5 ], 
            "faces": {
                "north": { "texture": "#main", "uv": [ 0, 0, 3, 2 ] }, 
                "east":  { "texture": "#main", "uv": [ 0, 0, 2.5, 2 ] }, 
                "south": { "texture": "#main", "uv": [ 0, 0, 3, 2 ] }, 
                "west":  { "texture": "#main", "uv": [ 0, 0, 2.5, 2 ] }, 
                "up":    { "texture": "#main", "uv": [ 0, 0, 3, 2.5 ] }, 
                "down":  { "texture": "#main", "uv": [ 0, 0, 3, 2.5 ] }
            }
        }, 
        {
            "name": "Cube", 
            "from": [ 7, 4, 5 ], 
            "to":   [ 9, 6, 9 ], 
            "faces": {
                "north": { "texture": "#main", "uv": [ 0, 0, 1, 1 ] }, 
                "east":  { "texture": "#main", "uv": [ 0, 0, 2, 1 ] }, 
                "south": { "texture": "#main", "uv": [ 0, 0, 1, 1 ] }, 
                "west":  { "texture": "#main", "uv": [ 0, 0, 2, 1 ] }, 
                "up":    { "texture": "#main", "uv": [ 0, 0, 1, 2 ] }, 
                "down":  { "texture": "#main", "uv": [ 0, 0, 1, 2 ] }
            }
        }, 
        {
            "name": "Cube", 
            "from": [ 6, 3.4999999925494194, 9 ], 
            "to":   [ 10, 6.499999992549419, 12 ], 
            "faces": {
                "north": { "texture": "#main", "uv": [ 0, 0, 2, 1.5 ] }, 
                "east":  { "texture": "#main", "uv": [ 0, 0, 1.5, 1.5 ] }, 
                "south": { "texture": "#main", "uv": [ 0, 0, 2, 1.5 ] }, 
                "west":  { "texture": "#main", "uv": [ 0, 0, 1.5, 1.5 ] }, 
                "up":    { "texture": "#main", "uv": [ 0, 0, 2, 1.5 ] }, 
                "down":  { "texture": "#main", "uv": [ 0, 0, 2, 1.5 ] }
            }
        }, 
        {
            "name": "Cube", 
            "from": [ 7, 3, 10 ], 
            "to":   [ 9, 5, 14 ], 
            "rotation": { "origin": [8, 8, 8], "axis": "x", "angle": -22.5 }, 
            "faces": {
                "north": { "texture": "#main", "uv": [ 0, 0, 1, 1 ] }, 
                "east":  { "texture": "#main", "uv": [ 0, 0, 2, 1 ] }, 
                "south": { "texture": "#main", "uv": [ 0, 0, 1, 1 ] }, 
                "west":  { "texture": "#main", "uv": [ 0, 0, 2, 1 ] }, 
                "up":    { "texture": "#main", "uv": [ 0, 0, 1, 2 ] }, 
                "down":  { "texture": "#main", "uv": [ 0, 0, 1, 2 ] }
            }
        }, 
        {
            "name": "Cube", 
            "from": [ 5, 5.499999992549419, 14 ], 
            "to":   [ 11, 9.49999999254942, 18 ], 
            "faces": {
                "north": { "texture": "#main", "uv": [ 0, 0, 3, 2 ] }, 
                "east":  { "texture": "#main", "uv": [ 0, 0, 2, 2 ] }, 
                "south": { "texture": "#main", "uv": [ 0, 0, 3, 2 ] }, 
                "west":  { "texture": "#main", "uv": [ 0, 0, 2, 2 ] }, 
                "up":    { "texture": "#main", "uv": [ 0, 0, 3, 2 ] }, 
                "down":  { "texture": "#main", "uv": [ 0, 0, 3, 2 ] }
            }
        }, 
        {
            "name": "Cube", 
            "from": [ 5, 5.499999992549419, 17 ], 
            "to":   [ 6, 6.499999992549419, 20 ], 
            "rotation": { "origin": [8, 8, 8], "axis": "x", "angle": -22.5 }, 
            "faces": {
                "north": { "texture": "#main", "uv": [ 0, 0, 0.5, 0.5 ] }, 
                "east":  { "texture": "#main", "uv": [ 0, 0, 1.5, 0.5 ] }, 
                "south": { "texture": "#main", "uv": [ 0, 0, 0.5, 0.5 ] }, 
                "west":  { "texture": "#main", "uv": [ 0, 0, 1.5, 0.5 ] }, 
                "up":    { "texture": "#main", "uv": [ 0, 0, 0.5, 1.5 ] }, 
                "down":  { "texture": "#main", "uv": [ 0, 0, 0.5, 1.5 ] }
            }
        }, 
        {
            "name": "Cube", 
            "from": [ 10, 5.499999992549419, 17 ], 
            "to":   [ 11, 6.499999992549419, 20 ], 
            "rotation": { "origin": [8, 8, 8], "axis": "x", "angle": -22.5 }, 
            "faces": {
                "north": { "texture": "#main", "uv": [ 0, 0, 0.5, 0.5 ] }, 
                "east":  { "texture": "#main", "uv": [ 0, 0, 1.5, 0.5 ] }, 
                "south": { "texture": "#main", "uv": [ 0, 0, 0.5, 0.5 ] }, 
                "west":  { "texture": "#main", "uv": [ 0, 0, 1.5, 0.5 ] }, 
                "up":    { "texture": "#main", "uv": [ 0, 0, 0.5, 1.5 ] }, 
                "down":  { "texture": "#main", "uv": [ 0, 0, 0.5, 1.5 ] }
            }
        }, 
        {
            "name": "Cube", 
            "from": [ 14, 5.499999992549419, 16 ], 
            "to":   [ 15, 6.499999992549419, 20 ], 
            "rotation": { "origin": [8, 8, 8], "axis": "y", "angle": -22.5 }, 
            "faces": {
                "north": { "texture": "#main", "uv": [ 0, 0, 0.5, 0.5 ] }, 
                "east":  { "texture": "#main", "uv": [ 0, 0, 2, 0.5 ] }, 
                "south": { "texture": "#main", "uv": [ 0, 0, 0.5, 0.5 ] }, 
                "west":  { "texture": "#main", "uv": [ 0, 0, 2, 0.5 ] }, 
                "up":    { "texture": "#main", "uv": [ 0, 0, 0.5, 2 ] }, 
                "down":  { "texture": "#main", "uv": [ 0, 0, 0.5, 2 ] }
            }
        }, 
        {
            "name": "Cube", 
            "from": [ 1, 5.499999992549419, 16 ], 
            "to":   [ 2, 6.499999992549419, 20 ], 
            "rotation": { "origin": [8, 8, 8], "axis": "y", "angle": 22.5 }, 
            "faces": {
                "north": { "texture": "#main", "uv": [ 0, 0, 0.5, 0.5 ] }, 
                "east":  { "texture": "#main", "uv": [ 0, 0, 2, 0.5 ] }, 
                "south": { "texture": "#main", "uv": [ 0, 0, 0.5, 0.5 ] }, 
                "west":  { "texture": "#main", "uv": [ 0, 0, 2, 0.5 ] }, 
                "up":    { "texture": "#main", "uv": [ 0, 0, 0.5, 2 ] }, 
                "down":  { "texture": "#main", "uv": [ 0, 0, 0.5, 2 ] }
            }
        }, 
        {
            "name": "Cube", 
            "from": [ 10.100000001490116, 1.4999999925494194, 18 ], 
            "to":   [ 10.899999998509884, 2.4999999925494194, 21 ], 
            "rotation": { "origin": [8, 8, 8], "axis": "x", "angle": -45 }, 
            "faces": {
                "north": { "texture": "#main", "uv": [ 0, 0, 0.3999999985098839, 0.5 ] }, 
                "east":  { "texture": "#main", "uv": [ 0, 0, 1.5, 0.5 ] }, 
                "south": { "texture": "#main", "uv": [ 0, 0, 0.3999999985098839, 0.5 ] }, 
                "west":  { "texture": "#main", "uv": [ 0, 0, 1.5, 0.5 ] }, 
                "up":    { "texture": "#main", "uv": [ 0, 0, 0.3999999985098839, 1.5 ] }, 
                "down":  { "texture": "#main", "uv": [ 0, 0, 0.3999999985098839, 1.5 ] }
            }
        }, 
        {
            "name": "Cube", 
            "from": [ 5.100000001490116, 1.4999999925494194, 18 ], 
            "to":   [ 5.899999998509884, 2.4999999925494194, 21 ], 
            "rotation": { "origin": [8, 8, 8], "axis": "x", "angle": -45 }, 
            "faces": {
                "north": { "texture": "#main", "uv": [ 0, 0, 0.3999999985098839, 0.5 ] }, 
                "east":  { "texture": "#main", "uv": [ 0, 0, 1.5, 0.5 ] }, 
                "south": { "texture": "#main", "uv": [ 0, 0, 0.3999999985098839, 0.5 ] }, 
                "west":  { "texture": "#main", "uv": [ 0, 0, 1.5, 0.5 ] }, 
                "up":    { "texture": "#main", "uv": [ 0, 0, 0.3999999985098839, 1.5 ] }, 
                "down":  { "texture": "#main", "uv": [ 0, 0, 0.3999999985098839, 1.5 ] }
            }
        }, 
        {
            "name": "Cube", 
            "from": [ -4, 8, 2 ], 
            "to":   [ 5, 9, 3 ], 
            "rotation": { "origin": [8, 8, 8], "axis": "z", "angle": 45 }, 
            "faces": {
                "north": { "texture": "#main", "uv": [ 0, 0, 4.5, 0.5 ] }, 
                "east":  { "texture": "#main", "uv": [ 0, 0, 0.5, 0.5 ] }, 
                "south": { "texture": "#main", "uv": [ 0, 0, 4.5, 0.5 ] }, 
                "west":  { "texture": "#main", "uv": [ 0, 0, 0.5, 0.5 ] }, 
                "up":    { "texture": "#main", "uv": [ 0, 0, 4.5, 0.5 ] }, 
                "down":  { "texture": "#main", "uv": [ 0, 0, 4.5, 0.5 ] }
            }
        }, 
        {
            "name": "Cube", 
            "from": [ 11, 8, 2 ], 
            "to":   [ 20, 9, 3 ], 
            "rotation": { "origin": [8, 8, 8], "axis": "z", "angle": -45 }, 
            "faces": {
                "north": { "texture": "#main", "uv": [ 0, 0, 4.5, 0.5 ] }, 
                "east":  { "texture": "#main", "uv": [ 0, 0, 0.5, 0.5 ] }, 
                "south": { "texture": "#main", "uv": [ 0, 0, 4.5, 0.5 ] }, 
                "west":  { "texture": "#main", "uv": [ 0, 0, 0.5, 0.5 ] }, 
                "up":    { "texture": "#main", "uv": [ 0, 0, 4.5, 0.5 ] }, 
                "down":  { "texture": "#main", "uv": [ 0, 0, 4.5, 0.5 ] }
            }
        }, 
        {
            "name": "Cube", 
            "from": [ 11, 8, 10 ], 
            "to":   [ 20, 9, 11 ], 
            "rotation": { "origin": [8, 8, 8], "axis": "z", "angle": -45 }, 
            "faces": {
                "north": { "texture": "#main", "uv": [ 0, 0, 4.5, 0.5 ] }, 
                "east":  { "texture": "#main", "uv": [ 0, 0, 0.5, 0.5 ] }, 
                "south": { "texture": "#main", "uv": [ 0, 0, 4.5, 0.5 ] }, 
                "west":  { "texture": "#main", "uv": [ 0, 0, 0.5, 0.5 ] }, 
                "up":    { "texture": "#main", "uv": [ 0, 0, 4.5, 0.5 ] }, 
                "down":  { "texture": "#main", "uv": [ 0, 0, 4.5, 0.5 ] }
            }
        }, 
        {
            "name": "Cube", 
            "from": [ -4, 8, 10 ], 
            "to":   [ 5, 9, 11 ], 
            "rotation": { "origin": [8, 8, 8], "axis": "z", "angle": 45 }, 
            "faces": {
                "north": { "texture": "#main", "uv": [ 0, 0, 4.5, 0.5 ] }, 
                "east":  { "texture": "#main", "uv": [ 0, 0, 0.5, 0.5 ] }, 
                "south": { "texture": "#main", "uv": [ 0, 0, 4.5, 0.5 ] }, 
                "west":  { "texture": "#main", "uv": [ 0, 0, 0.5, 0.5 ] }, 
                "up":    { "texture": "#main", "uv": [ 0, 0, 4.5, 0.5 ] }, 
                "down":  { "texture": "#main", "uv": [ 0, 0, 4.5, 0.5 ] }
            }
        }, 
        {
            "name": "Cube", 
            "from": [ -4, 8, 6 ], 
            "to":   [ 5, 9, 7 ], 
            "rotation": { "origin": [8, 8, 8], "axis": "z", "angle": 45 }, 
            "faces": {
                "north": { "texture": "#main", "uv": [ 0, 0, 4.5, 0.5 ] }, 
                "east":  { "texture": "#main", "uv": [ 0, 0, 0.5, 0.5 ] }, 
                "south": { "texture": "#main", "uv": [ 0, 0, 4.5, 0.5 ] }, 
                "west":  { "texture": "#main", "uv": [ 0, 0, 0.5, 0.5 ] }, 
                "up":    { "texture": "#main", "uv": [ 0, 0, 4.5, 0.5 ] }, 
                "down":  { "texture": "#main", "uv": [ 0, 0, 4.5, 0.5 ] }
            }
        }, 
        {
            "name": "Cube", 
            "from": [ 11, 8, 6 ], 
            "to":   [ 20, 9, 7 ], 
            "rotation": { "origin": [8, 8, 8], "axis": "z", "angle": -45 }, 
            "faces": {
                "north": { "texture": "#main", "uv": [ 0, 0, 4.5, 0.5 ] }, 
                "east":  { "texture": "#main", "uv": [ 0, 0, 0.5, 0.5 ] }, 
                "south": { "texture": "#main", "uv": [ 0, 0, 4.5, 0.5 ] }, 
                "west":  { "texture": "#main", "uv": [ 0, 0, 0.5, 0.5 ] }, 
                "up":    { "texture": "#main", "uv": [ 0, 0, 4.5, 0.5 ] }, 
                "down":  { "texture": "#main", "uv": [ 0, 0, 4.5, 0.5 ] }
            }
        }, 
        {
            "name": "Cube", 
            "from": [ 4, 5, 6.100000001490116 ], 
            "to":   [ 13, 6, 6.899999998509884 ], 
            "faces": {
                "north": { "texture": "#main", "uv": [ 0, 0, 4.5, 0.5 ] }, 
                "east":  { "texture": "#main", "uv": [ 0, 0, 0.3999999985098839, 0.5 ] }, 
                "south": { "texture": "#main", "uv": [ 0, 0, 4.5, 0.5 ] }, 
                "west":  { "texture": "#main", "uv": [ 0, 0, 0.3999999985098839, 0.5 ] }, 
                "up":    { "texture": "#main", "uv": [ 0, 0, 4.5, 0.3999999985098839 ] }, 
                "down":  { "texture": "#main", "uv": [ 0, 0, 4.5, 0.3999999985098839 ] }
            }
        }, 
        {
            "name": "Cube", 
            "from": [ 5, 3, 0 ], 
            "to":   [ 11, 7, 5 ], 
            "faces": {
                "north": { "texture": "#main", "uv": [ 8, 0, 11, 2 ] }, 
                "east":  { "texture": "#main", "uv": [ 8, 0, 10.5, 2 ] }, 
                "south": { "texture": "#main", "uv": [ 8, 0, 11, 2 ] }, 
                "west":  { "texture": "#main", "uv": [ 8, 0, 10.5, 2 ] }, 
                "up":    { "texture": "#main", "uv": [ 8, 0, 11, 2.5 ] }, 
                "down":  { "texture": "#main", "uv": [ 8, 0, 11, 2.5 ] }
            }
        }, 
        {
            "name": "Cube", 
            "from": [ 7, 4, 5 ], 
            "to":   [ 9, 6, 9 ], 
            "faces": {
                "north": { "texture": "#main", "uv": [ 8, 0, 9, 1 ] }, 
                "east":  { "texture": "#main", "uv": [ 8, 0, 10, 1 ] }, 
                "south": { "texture": "#main", "uv": [ 8, 0, 9, 1 ] }, 
                "west":  { "texture": "#main", "uv": [ 8, 0, 10, 1 ] }, 
                "up":    { "texture": "#main", "uv": [ 8, 0, 9, 2 ] }, 
                "down":  { "texture": "#main", "uv": [ 8, 0, 9, 2 ] }
            }
        }, 
        {
            "name": "Cube", 
            "from": [ 6, 3.4999999925494194, 9 ], 
            "to":   [ 10, 6.499999992549419, 12 ], 
            "faces": {
                "north": { "texture": "#main", "uv": [ 8, 0, 10, 1.5 ] }, 
                "east":  { "texture": "#main", "uv": [ 8, 0, 9.5, 1.5 ] }, 
                "south": { "texture": "#main", "uv": [ 8, 0, 10, 1.5 ] }, 
                "west":  { "texture": "#main", "uv": [ 8, 0, 9.5, 1.5 ] }, 
                "up":    { "texture": "#main", "uv": [ 8, 0, 10, 1.5 ] }, 
                "down":  { "texture": "#main", "uv": [ 8, 0, 10, 1.5 ] }
            }
        }, 
        {
            "name": "Cube", 
            "from": [ 7, 3, 10 ], 
            "to":   [ 9, 5, 14 ], 
            "rotation": { "origin": [8, 8, 8], "axis": "x", "angle": -22.5 }, 
            "faces": {
                "north": { "texture": "#main", "uv": [ 8, 0, 9, 1 ] }, 
                "east":  { "texture": "#main", "uv": [ 8, 0, 10, 1 ] }, 
                "south": { "texture": "#main", "uv": [ 8, 0, 9, 1 ] }, 
                "west":  { "texture": "#main", "uv": [ 8, 0, 10, 1 ] }, 
                "up":    { "texture": "#main", "uv": [ 8, 0, 9, 2 ] }, 
                "down":  { "texture": "#main", "uv": [ 8, 0, 9, 2 ] }
            }
        }, 
        {
            "name": "Cube", 
            "from": [ 5, 5.499999992549419, 14 ], 
            "to":   [ 11, 9.49999999254942, 18 ], 
            "faces": {
                "north": { "texture": "#main", "uv": [ 8, 0, 11, 2 ] }, 
                "east":  { "texture": "#main", "uv": [ 8, 0, 10, 2 ] }, 
                "south": { "texture": "#main", "uv": [ 8, 0, 11, 2 ] }, 
                "west":  { "texture": "#main", "uv": [ 8, 0, 10, 2 ] }, 
                "up":    { "texture": "#main", "uv": [ 8, 0, 11, 2 ] }, 
                "down":  { "texture": "#main", "uv": [ 8, 0, 11, 2 ] }
            }
        }, 
        {
            "name": "Cube", 
            "from": [ 5, 5.499999992549419, 17 ], 
            "to":   [ 6, 6.499999992549419, 20 ], 
            "rotation": { "origin": [8, 8, 8], "axis": "x", "angle": -22.5 }, 
            "faces": {
                "north": { "texture": "#main", "uv": [ 8, 0, 8.5, 0.5 ] }, 
                "east":  { "texture": "#main", "uv": [ 8, 0, 9.5, 0.5 ] }, 
                "south": { "texture": "#main", "uv": [ 8, 0, 8.5, 0.5 ] }, 
                "west":  { "texture": "#main", "uv": [ 8, 0, 9.5, 0.5 ] }, 
                "up":    { "texture": "#main", "uv": [ 8, 0, 8.5, 1.5 ] }, 
                "down":  { "texture": "#main", "uv": [ 8, 0, 8.5, 1.5 ] }
            }
        }, 
        {
            "name": "Cube", 
            "from": [ 10, 5.499999992549419, 17 ], 
            "to":   [ 11, 6.499999992549419, 20 ], 
            "rotation": { "origin": [8, 8, 8], "axis": "x", "angle": -22.5 }, 
            "faces": {
                "north": { "texture": "#main", "uv": [ 8, 0, 8.5, 0.5 ] }, 
                "east":  { "texture": "#main", "uv": [ 8, 0, 9.5, 0.5 ] }, 
                "south": { "texture": "#main", "uv": [ 8, 0, 8.5, 0.5 ] }, 
                "west":  { "texture": "#main", "uv": [ 8, 0, 9.5, 0.5 ] }, 
                "up":    { "texture": "#main", "uv": [ 8, 0, 8.5, 1.5 ] }, 
                "down":  { "texture": "#main", "uv": [ 8, 0, 8.5, 1.5 ] }
            }
        }, 
        {
            "name": "Cube", 
            "from": [ 17, 5.499999992549419, 13 ], 
            "to":   [ 18, 6.499999992549419, 17 ], 
            "rotation": { "origin": [8, 8, 8], "axis": "y", "angle": -45 }, 
            "faces": {
                "north": { "texture": "#main", "uv": [ 8, 0, 8.5, 0.5 ] }, 
                "east":  { "texture": "#main", "uv": [ 8, 0, 10, 0.5 ] }, 
                "south": { "texture": "#main", "uv": [ 8, 0, 8.5, 0.5 ] }, 
                "west":  { "texture": "#main", "uv": [ 8, 0, 10, 0.5 ] }, 
                "up":    { "texture": "#main", "uv": [ 8, 0, 8.5, 2 ] }, 
                "down":  { "texture": "#main", "uv": [ 8, 0, 8.5, 2 ] }
            }
        }, 
        {
            "name": "Cube", 
            "from": [ -2, 5.499999992549419, 13 ], 
            "to":   [ -1, 6.499999992549419, 17 ], 
            "rotation": { "origin": [8, 8, 8], "axis": "y", "angle": 45 }, 
            "faces": {
                "north": { "texture": "#main", "uv": [ 8, 0, 8.5, 0.5 ] }, 
                "east":  { "texture": "#main", "uv": [ 8, 0, 10, 0.5 ] }, 
                "south": { "texture": "#main", "uv": [ 8, 0, 8.5, 0.5 ] }, 
                "west":  { "texture": "#main", "uv": [ 8, 0, 10, 0.5 ] }, 
                "up":    { "texture": "#main", "uv": [ 8, 0, 8.5, 2 ] }, 
                "down":  { "texture": "#main", "uv": [ 8, 0, 8.5, 2 ] }
            }
        }, 
        {
            "name": "Cube", 
            "from": [ 10.100000001490116, 1.4999999925494194, 18 ], 
            "to":   [ 10.899999998509884, 2.4999999925494194, 21 ], 
            "rotation": { "origin": [8, 8, 8], "axis": "x", "angle": -45 }, 
            "faces": {
                "north": { "texture": "#main", "uv": [ 8, 0, 8.399999998509884, 0.5 ] }, 
                "east":  { "texture": "#main", "uv": [ 8, 0, 9.5, 0.5 ] }, 
                "south": { "texture": "#main", "uv": [ 8, 0, 8.399999998509884, 0.5 ] }, 
                "west":  { "texture": "#main", "uv": [ 8, 0, 9.5, 0.5 ] }, 
                "up":    { "texture": "#main", "uv": [ 8, 0, 8.399999998509884, 1.5 ] }, 
                "down":  { "texture": "#main", "uv": [ 8, 0, 8.399999998509884, 1.5 ] }
            }
        }, 
        {
            "name": "Cube", 
            "from": [ 5.100000001490116, 1.4999999925494194, 18 ], 
            "to":   [ 5.899999998509884, 2.4999999925494194, 21 ], 
            "rotation": { "origin": [8, 8, 8], "axis": "x", "angle": -45 }, 
            "faces": {
                "north": { "texture": "#main", "uv": [ 8, 0, 8.399999998509884, 0.5 ] }, 
                "east":  { "texture": "#main", "uv": [ 8, 0, 9.5, 0.5 ] }, 
                "south": { "texture": "#main", "uv": [ 8, 0, 8.399999998509884, 0.5 ] }, 
                "west":  { "texture": "#main", "uv": [ 8, 0, 9.5, 0.5 ] }, 
                "up":    { "texture": "#main", "uv": [ 8, 0, 8.399999998509884, 1.5 ] }, 
                "down":  { "texture": "#main", "uv": [ 8, 0, 8.399999998509884, 1.5 ] }
            }
        }, 
        {
            "name": "Cube", 
            "from": [ -4, 8, 2 ], 
            "to":   [ 5, 9, 3 ], 
            "rotation": { "origin": [8, 8, 8], "axis": "z", "angle": 45 }, 
            "faces": {
                "north": { "texture": "#main", "uv": [ 8, 0, 12.5, 0.5 ] }, 
                "east":  { "texture": "#main", "uv": [ 8, 0, 8.5, 0.5 ] }, 
                "south": { "texture": "#main", "uv": [ 8, 0, 12.5, 0.5 ] }, 
                "west":  { "texture": "#main", "uv": [ 8, 0, 8.5, 0.5 ] }, 
                "up":    { "texture": "#main", "uv": [ 8, 0, 12.5, 0.5 ] }, 
                "down":  { "texture": "#main", "uv": [ 8, 0, 12.5, 0.5 ] }
            }
        }, 
        {
            "name": "Cube", 
            "from": [ 11, 8, 2 ], 
            "to":   [ 20, 9, 3 ], 
            "rotation": { "origin": [8, 8, 8], "axis": "z", "angle": -45 }, 
            "faces": {
                "north": { "texture": "#main", "uv": [ 8, 0, 12.5, 0.5 ] }, 
                "east":  { "texture": "#main", "uv": [ 8, 0, 8.5, 0.5 ] }, 
                "south": { "texture": "#main", "uv": [ 8, 0, 12.5, 0.5 ] }, 
                "west":  { "texture": "#main", "uv": [ 8, 0, 8.5, 0.5 ] }, 
                "up":    { "texture": "#main", "uv": [ 8, 0, 12.5, 0.5 ] }, 
                "down":  { "texture": "#main", "uv": [ 8, 0, 12.5, 0.5 ] }
            }
        }, 
        {
            "name": "Cube", 
            "from": [ 11, 8, 10 ], 
            "to":   [ 20, 9, 11 ], 
            "rotation": { "origin": [8, 8, 8], "axis": "z", "angle": -45 }, 
            "faces": {
                "north": { "texture": "#main", "uv": [ 8, 0, 12.5, 0.5 ] }, 
                "east":  { "texture": "#main", "uv": [ 8, 0, 8.5, 0.5 ] }, 
                "south": { "texture": "#main", "uv": [ 8, 0, 12.5, 0.5 ] }, 
                "west":  { "texture": "#main", "uv": [ 8, 0, 8.5, 0.5 ] }, 
                "up":    { "texture": "#main", "uv": [ 8, 0, 12.5, 0.5 ] }, 
                "down":  { "texture": "#main", "uv": [ 8, 0, 12.5, 0.5 ] }
            }
        }, 
        {
            "name": "Cube", 
            "from": [ -4, 8, 10 ], 
            "to":   [ 5, 9, 11 ], 
            "rotation": { "origin": [8, 8, 8], "axis": "z", "angle": 45 }, 
            "faces": {
                "north": { "texture": "#main", "uv": [ 8, 0, 12.5, 0.5 ] }, 
                "east":  { "texture": "#main", "uv": [ 8, 0, 8.5, 0.5 ] }, 
                "south": { "texture": "#main", "uv": [ 8, 0, 12.5, 0.5 ] }, 
                "west":  { "texture": "#main", "uv": [ 8, 0, 8.5, 0.5 ] }, 
                "up":    { "texture": "#main", "uv": [ 8, 0, 12.5, 0.5 ] }, 
                "down":  { "texture": "#main", "uv": [ 8, 0, 12.5, 0.5 ] }
            }
        }, 
        {
            "name": "Cube", 
            "from": [ -4, 8, 6 ], 
            "to":   [ 5, 9, 7 ], 
            "rotation": { "origin": [8, 8, 8], "axis": "z", "angle": 45 }, 
            "faces": {
                "north": { "texture": "#main", "uv": [ 8, 0, 12.5, 0.5 ] }, 
                "east":  { "texture": "#main", "uv": [ 8, 0, 8.5, 0.5 ] }, 
                "south": { "texture": "#main", "uv": [ 8, 0, 12.5, 0.5 ] }, 
                "west":  { "texture": "#main", "uv": [ 8, 0, 8.5, 0.5 ] }, 
                "up":    { "texture": "#main", "uv": [ 8, 0, 12.5, 0.5 ] }, 
                "down":  { "texture": "#main", "uv": [ 8, 0, 12.5, 0.5 ] }
            }
        }, 
        {
            "name": "Cube", 
            "from": [ 11, 8, 6 ], 
            "to":   [ 20, 9, 7 ], 
            "rotation": { "origin": [8, 8, 8], "axis": "z", "angle": -45 }, 
            "faces": {
                "north": { "texture": "#main", "uv": [ 8, 0, 12.5, 0.5 ] }, 
                "east":  { "texture": "#main", "uv": [ 8, 0, 8.5, 0.5 ] }, 
                "south": { "texture": "#main", "uv": [ 8, 0, 12.5, 0.5 ] }, 
                "west":  { "texture": "#main", "uv": [ 8, 0, 8.5, 0.5 ] }, 
                "up":    { "texture": "#main", "uv": [ 8, 0, 12.5, 0.5 ] }, 
                "down":  { "texture": "#main", "uv": [ 8, 0, 12.5, 0.5 ] }
            }
        }, 
        {
            "name": "Cube", 
            "from": [ 4, 5, 6.100000001490116 ], 
            "to":   [ 13, 6, 6.899999998509884 ], 
            "faces": {
                "north": { "texture": "#main", "uv": [ 8, 0, 12.5, 0.5 ] }, 
                "east":  { "texture": "#main", "uv": [ 8, 0, 8.399999998509884, 0.5 ] }, 
                "south": { "texture": "#main", "uv": [ 8, 0, 12.5, 0.5 ] }, 
                "west":  { "texture": "#main", "uv": [ 8, 0, 8.399999998509884, 0.5 ] }, 
                "up":    { "texture": "#main", "uv": [ 8, 0, 12.5, 0.3999999985098839 ] }, 
                "down":  { "texture": "#main", "uv": [ 8, 0, 12.5, 0.3999999985098839 ] }
            }
        }
    ],
"display": {
    "head": {
        "rotation": [ 0, 180, 0 ],
        "translation": [ 0, -16, -1.13 ],
        "scale": [ 2.5, 2.5, 2.5 ]
    },
		"thirdperson_righthand": {
			"rotation":  [ 120, 0, 0 ],
			"translation":  [ 0, -7, 5 ],
			"scale":  [ 0.3, 0.75, 0.6 ]
	},
		"thirdperson_lefthand": {
			"rotation":  [ 120, 0, 0 ],
			"translation":  [ 0, -7, 5 ],
			"scale":  [ 0.3, 0.75, 0.6 ]
		}
}
}