{
    "__comment": "Model generated using MrCrayfish's Model Creator (http://mrcrayfish.com/modelcreator/)",
    "textures": {
        "0": "mob/lost",
        "1": "blocks/nether_wart_block",
        "2": "blocks/lava_flow"
    },
    "elements": [
        {
            "name": "Tail",
            "from": [ 4.0, 0.0, -9.0 ], 
            "to": [ 12.0, 2.0, 7.0 ], 
            "faces": {
                "north": { "texture": "#0", "uv": [ 0.0, 0.0, 6.0, 2.0 ] },
                "east": { "texture": "#0", "uv": [ 0.0, 0.0, 16.0, 2.0 ] },
                "south": { "texture": "#0", "uv": [ 0.0, 0.0, 6.0, 2.0 ] },
                "west": { "texture": "#0", "uv": [ 0.0, 0.0, 16.0, 2.0 ] },
                "up": { "texture": "#0", "uv": [ 0.0, 0.0, 6.0, 16.0 ] },
                "down": { "texture": "#0", "uv": [ 0.0, 0.0, 6.0, 16.0 ] }
            }
        },
        {
            "name": "Tail",
            "from": [ 5.0, 1.5, -4.0 ], 
            "to": [ 11.0, 5.5, 5.0 ], 
            "faces": {
                "north": { "texture": "#1", "uv": [ 0.0, 0.0, 6.0, 2.0 ] },
                "east": { "texture": "#1", "uv": [ 0.0, 0.0, 9.0, 2.0 ] },
                "south": { "texture": "#1", "uv": [ 0.0, 0.0, 6.0, 2.0 ] },
                "west": { "texture": "#1", "uv": [ 0.0, 0.0, 9.0, 2.0 ] },
                "up": { "texture": "#1", "uv": [ 0.0, 0.0, 6.0, 9.0 ] },
                "down": { "texture": "#1", "uv": [ 0.0, 0.0, 6.0, 9.0 ] }
            }
        },
        {
            "name": "Body",
            "from": [ 5.5, 2.5, 2.0 ], 
            "to": [ 10.5, 13.5, 7.0 ], 
            "rotation": { "origin": [ 8.0, 8.0, 8.0 ], "axis": "x", "angle": 22.5 },
            "faces": {
                "north": { "texture": "#0", "uv": [ 0.0, 0.0, 6.0, 6.0 ] },
                "east": { "texture": "#0", "uv": [ 0.0, 0.0, 6.0, 6.0 ] },
                "south": { "texture": "#0", "uv": [ 0.0, 0.0, 6.0, 6.0 ] },
                "west": { "texture": "#0", "uv": [ 0.0, 0.0, 6.0, 6.0 ] },
                "up": { "texture": "#0", "uv": [ 0.0, 0.0, 6.0, 6.0 ] },
                "down": { "texture": "#0", "uv": [ 0.0, 0.0, 6.0, 6.0 ] }
            }
        },
        {
            "name": "Body",
            "from": [ 5.0, 11.0, -0.75 ], 
            "to": [ 11.0, 23.0, 4.75 ], 
            "rotation": { "origin": [ 8.0, 8.0, 8.0 ], "axis": "x", "angle": 45.0 },
            "faces": {
                "north": { "texture": "#0", "uv": [ 0.0, 0.0, 8.0, 10.0 ] },
                "east": { "texture": "#0", "uv": [ 0.0, 0.0, 8.0, 10.0 ] },
                "south": { "texture": "#0", "uv": [ 0.0, 0.0, 8.0, 10.0 ] },
                "west": { "texture": "#0", "uv": [ 0.0, 0.0, 8.0, 10.0 ] },
                "up": { "texture": "#0", "uv": [ 0.0, 0.0, 8.0, 8.0 ] },
                "down": { "texture": "#0", "uv": [ 0.0, 0.0, 8.0, 8.0 ] }
            }
        },
        {
            "name": "Face",
            "from": [ 5.0, 21.0, 15.0 ], 
            "to": [ 11.0, 27.0, 16.0 ], 
            "faces": {
                "north": { "texture": "#2", "uv": [ 0.0, 0.0, 6.0, 6.0 ] },
                "east": { "texture": "#2", "uv": [ 0.0, 0.0, 1.0, 6.0 ] },
                "south": { "texture": "#2", "uv": [ 0.0, 0.0, 6.0, 6.0 ] },
                "west": { "texture": "#2", "uv": [ 0.0, 0.0, 1.0, 6.0 ] },
                "up": { "texture": "#2", "uv": [ 0.0, 0.0, 6.0, 1.0 ] },
                "down": { "texture": "#2", "uv": [ 0.0, 0.0, 6.0, 1.0 ] }
            }
        },
        {
            "name": "Detail",
            "from": [ 7.0, 25.0, 16.0 ], 
            "to": [ 9.0, 27.0, 17.0 ], 
            "faces": {
                "north": { "texture": "#0", "uv": [ 0.0, 0.0, 2.0, 2.0 ] },
                "east": { "texture": "#0", "uv": [ 0.0, 0.0, 1.0, 2.0 ] },
                "south": { "texture": "#0", "uv": [ 0.0, 0.0, 2.0, 2.0 ] },
                "west": { "texture": "#0", "uv": [ 0.0, 0.0, 1.0, 2.0 ] },
                "up": { "texture": "#0", "uv": [ 0.0, 0.0, 2.0, 1.0 ] },
                "down": { "texture": "#0", "uv": [ 0.0, 0.0, 2.0, 1.0 ] }
            }
        },
        {
            "name": "Detail",
            "from": [ 5.0, 24.0, 16.0 ], 
            "to": [ 7.0, 25.0, 17.0 ], 
            "faces": {
                "north": { "texture": "#0", "uv": [ 0.0, 0.0, 2.0, 1.0 ] },
                "east": { "texture": "#0", "uv": [ 0.0, 0.0, 1.0, 1.0 ] },
                "south": { "texture": "#0", "uv": [ 0.0, 0.0, 2.0, 1.0 ] },
                "west": { "texture": "#0", "uv": [ 0.0, 0.0, 1.0, 1.0 ] },
                "up": { "texture": "#0", "uv": [ 0.0, 0.0, 2.0, 1.0 ] },
                "down": { "texture": "#0", "uv": [ 0.0, 0.0, 2.0, 1.0 ] }
            }
        },
        {
            "name": "Detail",
            "from": [ 9.0, 24.0, 16.0 ], 
            "to": [ 11.0, 25.0, 17.0 ], 
            "faces": {
                "north": { "texture": "#0", "uv": [ 0.0, 0.0, 2.0, 1.0 ] },
                "east": { "texture": "#0", "uv": [ 0.0, 0.0, 1.0, 1.0 ] },
                "south": { "texture": "#0", "uv": [ 0.0, 0.0, 2.0, 1.0 ] },
                "west": { "texture": "#0", "uv": [ 0.0, 0.0, 1.0, 1.0 ] },
                "up": { "texture": "#0", "uv": [ 0.0, 0.0, 2.0, 1.0 ] },
                "down": { "texture": "#0", "uv": [ 0.0, 0.0, 2.0, 1.0 ] }
            }
        },
        {
            "name": "Detail",
            "from": [ 10.0, 21.0, 16.0 ], 
            "to": [ 11.0, 24.0, 17.0 ], 
            "faces": {
                "north": { "texture": "#0", "uv": [ 0.0, 0.0, 1.0, 3.0 ] },
                "east": { "texture": "#0", "uv": [ 0.0, 0.0, 1.0, 3.0 ] },
                "south": { "texture": "#0", "uv": [ 0.0, 0.0, 1.0, 3.0 ] },
                "west": { "texture": "#0", "uv": [ 0.0, 0.0, 1.0, 3.0 ] },
                "up": { "texture": "#0", "uv": [ 0.0, 0.0, 1.0, 1.0 ] },
                "down": { "texture": "#0", "uv": [ 0.0, 0.0, 1.0, 1.0 ] }
            }
        },
        {
            "name": "Detail",
            "from": [ 5.0, 21.0, 16.0 ], 
            "to": [ 6.0, 24.0, 17.0 ], 
            "faces": {
                "north": { "texture": "#0", "uv": [ 0.0, 0.0, 1.0, 3.0 ] },
                "east": { "texture": "#0", "uv": [ 0.0, 0.0, 1.0, 3.0 ] },
                "south": { "texture": "#0", "uv": [ 0.0, 0.0, 1.0, 3.0 ] },
                "west": { "texture": "#0", "uv": [ 0.0, 0.0, 1.0, 3.0 ] },
                "up": { "texture": "#0", "uv": [ 0.0, 0.0, 1.0, 1.0 ] },
                "down": { "texture": "#0", "uv": [ 0.0, 0.0, 1.0, 1.0 ] }
            }
        },
        {
            "name": "Head",
            "from": [ 4.0, 27.0, 9.0 ], 
            "to": [ 12.0, 29.0, 17.0 ], 
            "faces": {
                "north": { "texture": "#0", "uv": [ 0.0, 0.0, 10.0, 2.0 ] },
                "east": { "texture": "#0", "uv": [ 0.0, 0.0, 10.0, 2.0 ] },
                "south": { "texture": "#0", "uv": [ 0.0, 0.0, 10.0, 2.0 ] },
                "west": { "texture": "#0", "uv": [ 0.0, 0.0, 10.0, 2.0 ] },
                "up": { "texture": "#0", "uv": [ 0.0, 0.0, 10.0, 10.0 ] },
                "down": { "texture": "#0", "uv": [ 0.0, 0.0, 10.0, 10.0 ] }
            }
        },
        {
            "name": "Back",
            "from": [ 4.0, 21.0, 9.0 ], 
            "to": [ 12.0, 27.0, 10.0 ], 
            "faces": {
                "north": { "texture": "#0", "uv": [ 0.0, 0.0, 10.0, 6.0 ] },
                "east": { "texture": "#0", "uv": [ 0.0, 0.0, 1.0, 6.0 ] },
                "south": { "texture": "#0", "uv": [ 0.0, 0.0, 10.0, 6.0 ] },
                "west": { "texture": "#0", "uv": [ 0.0, 0.0, 1.0, 6.0 ] },
                "up": { "texture": "#0", "uv": [ 0.0, 0.0, 10.0, 1.0 ] },
                "down": { "texture": "#0", "uv": [ 0.0, 0.0, 10.0, 1.0 ] }
            }
        },
        {
            "name": "Side",
            "from": [ 4.0, 21.0, 10.0 ], 
            "to": [ 5.0, 27.0, 17.0 ], 
            "faces": {
                "north": { "texture": "#0", "uv": [ 0.0, 0.0, 1.0, 6.0 ] },
                "east": { "texture": "#0", "uv": [ 0.0, 0.0, 9.0, 6.0 ] },
                "south": { "texture": "#0", "uv": [ 0.0, 0.0, 1.0, 6.0 ] },
                "west": { "texture": "#0", "uv": [ 0.0, 0.0, 10.0, 6.0 ] },
                "up": { "texture": "#0", "uv": [ 0.0, 0.0, 2.0, 9.0 ] },
                "down": { "texture": "#0", "uv": [ 0.0, 0.0, 2.0, 9.0 ] }
            }
        },
        {
            "name": "Side",
            "from": [ 11.0, 21.0, 10.0 ], 
            "to": [ 12.0, 27.0, 17.0 ], 
            "faces": {
                "north": { "texture": "#0", "uv": [ 0.0, 0.0, 1.0, 6.0 ] },
                "east": { "texture": "#0", "uv": [ 0.0, 0.0, 9.0, 6.0 ] },
                "south": { "texture": "#0", "uv": [ 0.0, 0.0, 1.0, 6.0 ] },
                "west": { "texture": "#0", "uv": [ 0.0, 0.0, 9.0, 6.0 ] },
                "up": { "texture": "#0", "uv": [ 0.0, 0.0, 2.0, 9.0 ] },
                "down": { "texture": "#0", "uv": [ 0.0, 0.0, 2.0, 9.0 ] }
            }
        },
        {
            "name": "Tail Side",
            "from": [ 2.0, 0.0, -3.0 ], 
            "to": [ 4.0, 1.0, 7.0 ], 
            "faces": {
                "north": { "texture": "#1", "uv": [ 0.0, 0.0, 2.0, 1.0 ] },
                "east": { "texture": "#1", "uv": [ 0.0, 0.0, 10.0, 1.0 ] },
                "south": { "texture": "#1", "uv": [ 0.0, 0.0, 2.0, 1.0 ] },
                "west": { "texture": "#1", "uv": [ 0.0, 0.0, 10.0, 1.0 ] },
                "up": { "texture": "#1", "uv": [ 0.0, 0.0, 2.0, 10.0 ] },
                "down": { "texture": "#1", "uv": [ 0.0, 0.0, 2.0, 10.0 ] }
            }
        },
        {
            "name": "Tail Side",
            "from": [ 12.0, 0.0, -3.0 ], 
            "to": [ 14.0, 1.0, 7.0 ], 
            "faces": {
                "north": { "texture": "#1", "uv": [ 0.0, 0.0, 2.0, 1.0 ] },
                "east": { "texture": "#1", "uv": [ 0.0, 0.0, 10.0, 1.0 ] },
                "south": { "texture": "#1", "uv": [ 0.0, 0.0, 2.0, 1.0 ] },
                "west": { "texture": "#1", "uv": [ 0.0, 0.0, 10.0, 1.0 ] },
                "up": { "texture": "#1", "uv": [ 0.0, 0.0, 2.0, 10.0 ] },
                "down": { "texture": "#1", "uv": [ 0.0, 0.0, 2.0, 10.0 ] }
            }
        },
        {
            "name": "Tail Front",
            "from": [ 4.0, 0.0, 7.0 ], 
            "to": [ 12.0, 1.0, 8.0 ], 
            "faces": {
                "north": { "texture": "#1", "uv": [ 0.0, 0.0, 6.0, 1.0 ] },
                "east": { "texture": "#1", "uv": [ 0.0, 0.0, 1.0, 1.0 ] },
                "south": { "texture": "#1", "uv": [ 0.0, 0.0, 6.0, 1.0 ] },
                "west": { "texture": "#1", "uv": [ 0.0, 0.0, 1.0, 1.0 ] },
                "up": { "texture": "#1", "uv": [ 0.0, 0.0, 6.0, 1.0 ] },
                "down": { "texture": "#1", "uv": [ 0.0, 0.0, 6.0, 1.0 ] }
            }
        },
        {
            "name": "Arm",
            "from": [ 1.0, 13.0, 10.0 ], 
            "to": [ 5.0, 17.0, 22.0 ], 
            "faces": {
                "north": { "texture": "#1", "uv": [ 0.0, 0.0, 4.0, 4.0 ] },
                "east": { "texture": "#1", "uv": [ 0.0, 0.0, 12.0, 4.0 ] },
                "south": { "texture": "#1", "uv": [ 0.0, 0.0, 4.0, 4.0 ] },
                "west": { "texture": "#1", "uv": [ 0.0, 0.0, 12.0, 4.0 ] },
                "up": { "texture": "#1", "uv": [ 0.0, 0.0, 4.0, 12.0 ] },
                "down": { "texture": "#1", "uv": [ 0.0, 0.0, 4.0, 12.0 ] }
            }
        },
        {
            "name": "Arm",
            "from": [ 11.0, 13.0, 10.0 ], 
            "to": [ 15.0, 17.0, 22.0 ], 
            "faces": {
                "north": { "texture": "#1", "uv": [ 0.0, 0.0, 4.0, 4.0 ] },
                "east": { "texture": "#1", "uv": [ 0.0, 0.0, 12.0, 4.0 ] },
                "south": { "texture": "#1", "uv": [ 0.0, 0.0, 4.0, 4.0 ] },
                "west": { "texture": "#1", "uv": [ 0.0, 0.0, 12.0, 4.0 ] },
                "up": { "texture": "#1", "uv": [ 0.0, 0.0, 4.0, 12.0 ] },
                "down": { "texture": "#1", "uv": [ 0.0, 0.0, 4.0, 12.0 ] }
            }
        },
        {
            "name": "Arm",
            "from": [ 11.5, 1.5, 12.0 ], 
            "to": [ 14.5, 4.5, 24.0 ], 
            "rotation": { "origin": [ 8.0, 8.0, 8.0 ], "axis": "x", "angle": -45.0 },
            "faces": {
                "north": { "texture": "#1", "uv": [ 0.0, 0.0, 3.0, 3.0 ] },
                "east": { "texture": "#1", "uv": [ 0.0, 0.0, 12.0, 3.0 ] },
                "south": { "texture": "#1", "uv": [ 0.0, 0.0, 3.0, 3.0 ] },
                "west": { "texture": "#1", "uv": [ 0.0, 0.0, 12.0, 3.0 ] },
                "up": { "texture": "#1", "uv": [ 0.0, 0.0, 3.0, 12.0 ] },
                "down": { "texture": "#1", "uv": [ 0.0, 0.0, 3.0, 12.0 ] }
            }
        },
        {
            "name": "Arm",
            "from": [ 1.5, 1.5, 12.0 ], 
            "to": [ 4.5, 4.5, 24.0 ], 
            "rotation": { "origin": [ 8.0, 8.0, 8.0 ], "axis": "x", "angle": -45.0 },
            "faces": {
                "north": { "texture": "#1", "uv": [ 0.0, 0.0, 3.0, 3.0 ] },
                "east": { "texture": "#1", "uv": [ 0.0, 0.0, 12.0, 3.0 ] },
                "south": { "texture": "#1", "uv": [ 0.0, 0.0, 3.0, 3.0 ] },
                "west": { "texture": "#1", "uv": [ 0.0, 0.0, 12.0, 3.0 ] },
                "up": { "texture": "#1", "uv": [ 0.0, 0.0, 3.0, 12.0 ] },
                "down": { "texture": "#1", "uv": [ 0.0, 0.0, 3.0, 12.0 ] }
            }
        },
        {
            "name": "Distorted Mouth Detail",
            "from": [ 8.0, 21.0, 16.0 ], 
            "to": [ 10.0, 22.0, 17.0 ], 
            "faces": {
                "north": { "texture": "#0", "uv": [ 0.0, 0.0, 2.0, 1.0 ] },
                "east": { "texture": "#0", "uv": [ 0.0, 0.0, 1.0, 1.0 ] },
                "south": { "texture": "#0", "uv": [ 0.0, 1.0, 2.0, 2.0 ] },
                "west": { "texture": "#0", "uv": [ 0.0, 0.0, 1.0, 1.0 ] },
                "up": { "texture": "#0", "uv": [ 0.0, 0.0, 2.0, 1.0 ] },
                "down": { "texture": "#0", "uv": [ 0.0, 0.0, 2.0, 1.0 ] }
            }
        },
        {
            "name": "Distorted Mouth Detail",
            "from": [ 8.0, 24.0, 16.0 ], 
            "to": [ 9.0, 25.0, 17.0 ], 
            "faces": {
                "north": { "texture": "#0", "uv": [ 0.0, 0.0, 1.0, 1.0 ] },
                "east": { "texture": "#0", "uv": [ 0.0, 0.0, 1.0, 1.0 ] },
                "south": { "texture": "#0", "uv": [ 0.0, 1.0, 1.0, 2.0 ] },
                "west": { "texture": "#0", "uv": [ 0.0, 0.0, 1.0, 1.0 ] },
                "up": { "texture": "#0", "uv": [ 0.0, 0.0, 1.0, 1.0 ] },
                "down": { "texture": "#0", "uv": [ 0.0, 0.0, 1.0, 1.0 ] }
            }
        },
        {
            "name": "Spike",
            "from": [ 7.5, 5.0, 1.0 ], 
            "to": [ 8.5, 7.0, 2.0 ], 
            "rotation": { "origin": [ 8.0, 8.0, 8.0 ], "axis": "x", "angle": 22.5 },
            "faces": {
                "north": { "texture": "#1", "uv": [ 0.0, 0.0, 1.0, 2.0 ] },
                "east": { "texture": "#1", "uv": [ 0.0, 0.0, 1.0, 2.0 ] },
                "south": { "texture": "#1", "uv": [ 0.0, 0.0, 1.0, 2.0 ] },
                "west": { "texture": "#1", "uv": [ 0.0, 0.0, 1.0, 2.0 ] },
                "up": { "texture": "#1", "uv": [ 0.0, 0.0, 1.0, 1.0 ] },
                "down": { "texture": "#1", "uv": [ 0.0, 0.0, 1.0, 1.0 ] }
            }
        },
        {
            "name": "Spike",
            "from": [ 7.5, 9.0, 1.0 ], 
            "to": [ 8.5, 11.0, 2.0 ], 
            "rotation": { "origin": [ 8.0, 8.0, 8.0 ], "axis": "x", "angle": 22.5 },
            "faces": {
                "north": { "texture": "#1", "uv": [ 0.0, 0.0, 1.0, 2.0 ] },
                "east": { "texture": "#1", "uv": [ 0.0, 0.0, 1.0, 2.0 ] },
                "south": { "texture": "#1", "uv": [ 0.0, 0.0, 1.0, 2.0 ] },
                "west": { "texture": "#1", "uv": [ 0.0, 0.0, 1.0, 2.0 ] },
                "up": { "texture": "#1", "uv": [ 0.0, 0.0, 1.0, 1.0 ] },
                "down": { "texture": "#1", "uv": [ 0.0, 0.0, 1.0, 1.0 ] }
            }
        },
        {
            "name": "Spike",
            "from": [ 7.5, 13.0, -2.5 ], 
            "to": [ 8.5, 15.0, -0.5 ], 
            "rotation": { "origin": [ 8.0, 8.0, 8.0 ], "axis": "x", "angle": 45.0 },
            "faces": {
                "north": { "texture": "#1", "uv": [ 0.0, 0.0, 1.0, 2.0 ] },
                "east": { "texture": "#1", "uv": [ 0.0, 0.0, 2.0, 2.0 ] },
                "south": { "texture": "#1", "uv": [ 0.0, 0.0, 1.0, 2.0 ] },
                "west": { "texture": "#1", "uv": [ 0.0, 0.0, 2.0, 2.0 ] },
                "up": { "texture": "#1", "uv": [ 0.0, 0.0, 1.0, 2.0 ] },
                "down": { "texture": "#1", "uv": [ 0.0, 0.0, 1.0, 2.0 ] }
            }
        },
        {
            "name": "Spike",
            "from": [ 7.5, 17.0, -2.5 ], 
            "to": [ 8.5, 19.0, -0.5 ], 
            "rotation": { "origin": [ 8.0, 8.0, 8.0 ], "axis": "x", "angle": 45.0 },
            "faces": {
                "north": { "texture": "#1", "uv": [ 0.0, 0.0, 1.0, 2.0 ] },
                "east": { "texture": "#1", "uv": [ 0.0, 0.0, 2.0, 2.0 ] },
                "south": { "texture": "#1", "uv": [ 0.0, 0.0, 1.0, 2.0 ] },
                "west": { "texture": "#1", "uv": [ 0.0, 0.0, 2.0, 2.0 ] },
                "up": { "texture": "#1", "uv": [ 0.0, 0.0, 1.0, 2.0 ] },
                "down": { "texture": "#1", "uv": [ 0.0, 0.0, 1.0, 2.0 ] }
            }
        }
    ],
"display": {
    "thirdperson_righthand": {
        "rotation": [ -90, 0, 0 ],
        "translation": [ -0.56, 2.46, -2.65 ],
        "scale": [ 1.3, 1.3, 1.3 ]
    },
    "thirdperson_lefthand": {
        "rotation": [ -90, 0, 0 ],
        "translation": [ 0.57, 2.46, -2.65 ],
        "scale": [ 1.3, 1.3, 1.3 ]
    },
    "head": {
        "rotation": [ 0, -180, 0 ],
        "translation": [ 0, -30.5, 0 ],
        "scale": [ 1.75, 1.75, 1.75 ]
    },
    "ground": {
        "rotation": [ 0, 0, 0 ],
        "translation": [ 0, 0, 0 ],
        "scale": [ 0.6, 0.6, 0.6 ]
    },
    "firstperson_righthand": {
        "rotation": [ 0, 0, 0 ],
        "translation": [ 0, 0, 0 ],
        "scale": [ 1, 1, 1 ]
    },
    "firstperson_lefthand": {
        "rotation": [ 0, 0, 0 ],
        "translation": [ 0, 0, 0 ],
        "scale": [ 1, 1, 1 ]
    },
    "gui": {
        "rotation": [ 0, 0, 0 ],
        "translation": [ 0, 0, 0 ],
        "scale": [ 1.3, 1.3, 1.3 ]
    }
}
}