{
    "__comment": "Model animated using Fizzy's model animator - http://fizzy81.github.io/animated-models/", 
    "textures": {
        "main": "mob/ratch"
    }, 
    "elements": [
        {
            "name": "Cube", 
            "from": [ 5.000000014901161, 3, 4 ], 
            "to":   [ 11.000000014901161, 7, 11 ], 
            "faces": {
                "north": { "texture": "#main", "uv": [ 0, 0, 1.5, 1 ] }, 
                "east":  { "texture": "#main", "uv": [ 0, 0, 1.75, 1 ] }, 
                "south": { "texture": "#main", "uv": [ 0, 0, 1.5, 1 ] }, 
                "west":  { "texture": "#main", "uv": [ 0, 0, 1.75, 1 ] }, 
                "up":    { "texture": "#main", "uv": [ 0, 0, 1.5, 1.75 ] }, 
                "down":  { "texture": "#main", "uv": [ 4, 0, 5.5, 1.75 ] }
            }
        }, 
        {
            "name": "Cube", 
            "from": [ 7, 3, 11 ], 
            "to":   [ 9, 6, 12 ], 
            "faces": {
                "north": { "texture": "#main", "uv": [ 4, 0, 4.5, 0.75 ] }, 
                "east":  { "texture": "#main", "uv": [ 4, 0, 4.25, 0.75 ] }, 
                "south": { "texture": "#main", "uv": [ 4, 0, 4.5, 0.75 ] }, 
                "west":  { "texture": "#main", "uv": [ 4, 0, 4.25, 0.75 ] }, 
                "up":    { "texture": "#main", "uv": [ 4, 0, 4.5, 0.25 ] }, 
                "down":  { "texture": "#main", "uv": [ 4, 0, 4.5, 0.25 ] }
            }
        }, 
        {
            "name": "Cube", 
            "from": [ 6.699999995529652, 1, 10 ], 
            "to":   [ 9.300000004470348, 4, 12 ], 
            "rotation": { "origin": [8, 8, 8], "axis": "x", "angle": -22.5 }, 
            "faces": {
                "north": { "texture": "#main", "uv": [ 4, 0, 4.650000002235174, 0.75 ] }, 
                "east":  { "texture": "#main", "uv": [ 4, 0, 4.5, 0.75 ] }, 
                "south": { "texture": "#main", "uv": [ 4, 0, 4.650000002235174, 0.75 ] }, 
                "west":  { "texture": "#main", "uv": [ 4, 0, 4.5, 0.75 ] }, 
                "up":    { "texture": "#main", "uv": [ 4, 0, 4.650000002235174, 0.5 ] }, 
                "down":  { "texture": "#main", "uv": [ 4, 0, 4.650000002235174, 0.5 ] }
            }
        }, 
        {
            "name": "eye", 
            "from": [ 9, 3, 13 ], 
            "to":   [ 10, 3.4999999925494194, 13.49999999254942 ], 
            "faces": {
                "north": { "texture": "#main", "uv": [ 0, 4, 0.12499999813735485, 4.124999998137355 ] }, 
                "east":  { "texture": "#main", "uv": [ 0, 4, 0.12499999813735485, 4.124999998137355 ] }, 
                "south": { "texture": "#main", "uv": [ 0, 4, 0.12499999813735485, 4.124999998137355 ] }, 
                "west":  { "texture": "#main", "uv": [ 0, 4, 0.12499999813735485, 4.124999998137355 ] }, 
                "up":    { "texture": "#main", "uv": [ 0, 4, 0.12499999813735485, 4.124999998137355 ] }, 
                "down":  { "texture": "#main", "uv": [ 0, 4, 0.12499999813735485, 4.124999998137355 ] }
            }
        }, 
        {
            "name": "eye", 
            "from": [ 6, 3, 13 ], 
            "to":   [ 7, 3.4999999925494194, 13.49999999254942 ], 
            "faces": {
                "north": { "texture": "#main", "uv": [ 0, 4, 0.12499999813735485, 4.124999998137355 ] }, 
                "east":  { "texture": "#main", "uv": [ 0, 4, 0.12499999813735485, 4.124999998137355 ] }, 
                "south": { "texture": "#main", "uv": [ 0, 4, 0.12499999813735485, 4.124999998137355 ] }, 
                "west":  { "texture": "#main", "uv": [ 0, 4, 0.12499999813735485, 4.124999998137355 ] }, 
                "up":    { "texture": "#main", "uv": [ 0, 4, 0.12499999813735485, 4.124999998137355 ] }, 
                "down":  { "texture": "#main", "uv": [ 0, 4, 0.12499999813735485, 4.124999998137355 ] }
            }
        }, 
        {
            "name": "Cube", 
            "from": [ 6, 5, 0 ], 
            "to":   [ 10, 8, 4 ], 
            "rotation": { "origin": [8, 8, 8], "axis": "x", "angle": -22.5 }, 
            "faces": {
                "north": { "texture": "#main", "uv": [ 0, 0, 1, 0.75 ] }, 
                "east":  { "texture": "#main", "uv": [ 0, 0, 1, 0.75 ] }, 
                "south": { "texture": "#main", "uv": [ 0, 0, 1, 0.75 ] }, 
                "west":  { "texture": "#main", "uv": [ 0, 0, 1, 0.75 ] }, 
                "up":    { "texture": "#main", "uv": [ 0, 0, 1, 1 ] }, 
                "down":  { "texture": "#main", "uv": [ 4, 0, 5, 1 ] }
            }
        }, 
        {
            "name": "Cube", 
            "from": [ 7, 8, -2 ], 
            "to":   [ 9, 10, 0 ], 
            "rotation": { "origin": [8, 8, 8], "axis": "x", "angle": -45 }, 
            "faces": {
                "north": { "texture": "#main", "uv": [ 0, 0, 0.5, 0.5 ] }, 
                "east":  { "texture": "#main", "uv": [ 0, 0, 0.5, 0.5 ] }, 
                "south": { "texture": "#main", "uv": [ 0, 0, 0.5, 0.5 ] }, 
                "west":  { "texture": "#main", "uv": [ 0, 0, 0.5, 0.5 ] }, 
                "up":    { "texture": "#main", "uv": [ 0, 0, 0.5, 0.5 ] }, 
                "down":  { "texture": "#main", "uv": [ 4, 0, 4.5, 0.5 ] }
            }
        }, 
        {
            "name": "Cube", 
            "from": [ 7.700000010430813, 5.999999985098839, 15.599999994039536 ], 
            "to":   [ 8.200000002980232, 6.499999977648258, 17.599999994039536 ], 
            "rotation": { "origin": [8, 8, 10], "axis": "x", "angle": 45 }, 
            "faces": {
                "north": { "texture": "#main", "uv": [ 0, 0, 0.12499999813735485, 0.12499999813735485 ] }, 
                "east":  { "texture": "#main", "uv": [ 0, 0, 0.5, 0.12499999813735485 ] }, 
                "south": { "texture": "#main", "uv": [ 0, 0, 0.12499999813735485, 0.12499999813735485 ] }, 
                "west":  { "texture": "#main", "uv": [ 0, 0, 0.5, 0.12499999813735485 ] }, 
                "up":    { "texture": "#main", "uv": [ 0, 0, 0.12499999813735485, 0.5 ] }, 
                "down":  { "texture": "#main", "uv": [ 0, 0, 0.12499999813735485, 0.5 ] }
            }
        }, 
        {
            "name": "Cube", 
            "from": [ 7.800000011920929, 0.4999999925494194, 13.899999983608723 ], 
            "to":   [ 8.100000001490116, 1.4999999925494194, 14.19999997317791 ], 
            "faces": {
                "north": { "texture": "#main", "uv": [ 0, 0, 0.07499999739229679, 0.25 ] }, 
                "east":  { "texture": "#main", "uv": [ 0, 0, 0.07499999739229679, 0.25 ] }, 
                "south": { "texture": "#main", "uv": [ 0, 0, 0.07499999739229679, 0.25 ] }, 
                "west":  { "texture": "#main", "uv": [ 0, 0, 0.07499999739229679, 0.25 ] }, 
                "up":    { "texture": "#main", "uv": [ 0, 0, 0.07499999739229679, 0.07499999739229679 ] }, 
                "down":  { "texture": "#main", "uv": [ 0, 0, 0.07499999739229679, 0.07499999739229679 ] }
            }
        }, 
        {
            "name": "Cube", 
            "from": [ 8.800000011920929, 5.499999992549419, 14.899999983608723 ], 
            "to":   [ 9.100000001490116, 7.499999992549419, 15.19999997317791 ], 
            "rotation": { "origin": [8, 8, 10], "axis": "x", "angle": 22.5 }, 
            "faces": {
                "north": { "texture": "#main", "uv": [ 0, 0, 0.07499999739229679, 0.5 ] }, 
                "east":  { "texture": "#main", "uv": [ 0, 0, 0.07499999739229679, 0.5 ] }, 
                "south": { "texture": "#main", "uv": [ 0, 0, 0.07499999739229679, 0.5 ] }, 
                "west":  { "texture": "#main", "uv": [ 0, 0, 0.07499999739229679, 0.5 ] }, 
                "up":    { "texture": "#main", "uv": [ 0, 0, 0.07499999739229679, 0.07499999739229679 ] }, 
                "down":  { "texture": "#main", "uv": [ 0, 0, 0.07499999739229679, 0.07499999739229679 ] }
            }
        }, 
        {
            "name": "Cube", 
            "from": [ 6.800000011920929, 5.499999992549419, 14.899999983608723 ], 
            "to":   [ 7.100000001490116, 7.499999992549419, 15.19999997317791 ], 
            "rotation": { "origin": [8, 8, 10], "axis": "x", "angle": 22.5 }, 
            "faces": {
                "north": { "texture": "#main", "uv": [ 0, 0, 0.07499999739229679, 0.5 ] }, 
                "east":  { "texture": "#main", "uv": [ 0, 0, 0.07499999739229679, 0.5 ] }, 
                "south": { "texture": "#main", "uv": [ 0, 0, 0.07499999739229679, 0.5 ] }, 
                "west":  { "texture": "#main", "uv": [ 0, 0, 0.07499999739229679, 0.5 ] }, 
                "up":    { "texture": "#main", "uv": [ 0, 0, 0.07499999739229679, 0.07499999739229679 ] }, 
                "down":  { "texture": "#main", "uv": [ 0, 0, 0.07499999739229679, 0.07499999739229679 ] }
            }
        }, 
        {
            "name": "Cube", 
            "from": [ 9.800000011920929, 6.100000001490116, 14.199999988079071 ], 
            "to":   [ 10.100000001490116, 8.100000001490116, 14.499999977648258 ], 
            "rotation": { "origin": [8, 8, 8], "axis": "z", "angle": -22.5 }, 
            "faces": {
                "north": { "texture": "#main", "uv": [ 0, 0, 0.07499999739229679, 0.5 ] }, 
                "east":  { "texture": "#main", "uv": [ 0, 0, 0.07499999739229679, 0.5 ] }, 
                "south": { "texture": "#main", "uv": [ 0, 0, 0.07499999739229679, 0.5 ] }, 
                "west":  { "texture": "#main", "uv": [ 0, 0, 0.07499999739229679, 0.5 ] }, 
                "up":    { "texture": "#main", "uv": [ 0, 0, 0.07499999739229679, 0.07499999739229679 ] }, 
                "down":  { "texture": "#main", "uv": [ 0, 0, 0.07499999739229679, 0.07499999739229679 ] }
            }
        }, 
        {
            "name": "Cube", 
            "from": [ 5.800000011920929, 6.100000001490116, 14.199999988079071 ], 
            "to":   [ 6.100000001490116, 8.100000001490116, 14.499999977648258 ], 
            "rotation": { "origin": [8, 8, 8], "axis": "z", "angle": 22.5 }, 
            "faces": {
                "north": { "texture": "#main", "uv": [ 0, 0, 0.07499999739229679, 0.5 ] }, 
                "east":  { "texture": "#main", "uv": [ 0, 0, 0.07499999739229679, 0.5 ] }, 
                "south": { "texture": "#main", "uv": [ 0, 0, 0.07499999739229679, 0.5 ] }, 
                "west":  { "texture": "#main", "uv": [ 0, 0, 0.07499999739229679, 0.5 ] }, 
                "up":    { "texture": "#main", "uv": [ 0, 0, 0.07499999739229679, 0.07499999739229679 ] }, 
                "down":  { "texture": "#main", "uv": [ 0, 0, 0.07499999739229679, 0.07499999739229679 ] }
            }
        }, 
        {
            "name": "Cube", 
            "from": [ 6.000000014901161, 7, 5 ], 
            "to":   [ 10.000000014901161, 7.499999992549419, 10 ], 
            "faces": {
                "north": { "texture": "#main", "uv": [ 0, 0, 1, 0.12499999813735485 ] }, 
                "east":  { "texture": "#main", "uv": [ 0, 0, 1.25, 0.12499999813735485 ] }, 
                "south": { "texture": "#main", "uv": [ 0, 0, 1, 0.12499999813735485 ] }, 
                "west":  { "texture": "#main", "uv": [ 0, 0, 1.25, 0.12499999813735485 ] }, 
                "up":    { "texture": "#main", "uv": [ 0, 0, 1, 1.25 ] }, 
                "down":  { "texture": "#main", "uv": [ 4, 0, 5, 1.25 ] }
            }
        }, 
        {
            "name": "wing", 
            "from": [ 9, 8, 5.100000001490116 ], 
            "to":   [ 10, 13, 9.100000001490116 ], 
            "rotation": { "origin": [8, 8, 8], "axis": "z", "angle": -45 }, 
            "faces": {
                "north": { "texture": "#main", "uv": [ 4, 4, 4.25, 5.25 ] }, 
                "east":  { "texture": "#main", "uv": [ 4, 4, 5, 5.25 ] }, 
                "south": { "texture": "#main", "uv": [ 4, 4, 4.25, 5.25 ] }, 
                "west":  { "texture": "#main", "uv": [ 4, 4, 5, 5.25 ] }, 
                "up":    { "texture": "#main", "uv": [ 4, 4, 4.25, 5 ] }, 
                "down":  { "texture": "#main", "uv": [ 4, 4, 4.25, 5 ] }
            }
        }, 
        {
            "name": "wing", 
            "from": [ 6, 8, 5.100000001490116 ], 
            "to":   [ 7, 13, 9.100000001490116 ], 
            "rotation": { "origin": [8, 8, 8], "axis": "z", "angle": 45 }, 
            "faces": {
                "north": { "texture": "#main", "uv": [ 4, 4, 4.25, 5.25 ] }, 
                "east":  { "texture": "#main", "uv": [ 4, 4, 5, 5.25 ] }, 
                "south": { "texture": "#main", "uv": [ 4, 4, 4.25, 5.25 ] }, 
                "west":  { "texture": "#main", "uv": [ 4, 4, 5, 5.25 ] }, 
                "up":    { "texture": "#main", "uv": [ 4, 4, 4.25, 5 ] }, 
                "down":  { "texture": "#main", "uv": [ 4, 4, 4.25, 5 ] }
            }
        }, 
        {
            "name": "arm", 
            "from": [ 6.000000014901161, 2.5000000074505806, 12 ], 
            "to":   [ 6.500000007450581, 5, 12.49999999254942 ], 
            "rotation": { "origin": [8, 8, 8], "axis": "x", "angle": 22.5 }, 
            "faces": {
                "north": { "texture": "#main", "uv": [ 0, 0, 0.12499999813735485, 0.6249999981373549 ] }, 
                "east":  { "texture": "#main", "uv": [ 0, 0, 0.12499999813735485, 0.6249999981373549 ] }, 
                "south": { "texture": "#main", "uv": [ 0, 0, 0.12499999813735485, 0.6249999981373549 ] }, 
                "west":  { "texture": "#main", "uv": [ 0, 0, 0.12499999813735485, 0.6249999981373549 ] }, 
                "up":    { "texture": "#main", "uv": [ 0, 0, 0.12499999813735485, 0.12499999813735485 ] }, 
                "down":  { "texture": "#main", "uv": [ 4, 0, 4.124999998137355, 0.12499999813735485 ] }
            }
        }, 
        {
            "name": "arm", 
            "from": [ 9.000000014901161, 2.5000000074505806, 12 ], 
            "to":   [ 9.50000000745058, 5, 12.49999999254942 ], 
            "rotation": { "origin": [8, 8, 8], "axis": "x", "angle": 22.5 }, 
            "faces": {
                "north": { "texture": "#main", "uv": [ 0, 0, 0.12499999813735485, 0.6249999981373549 ] }, 
                "east":  { "texture": "#main", "uv": [ 0, 0, 0.12499999813735485, 0.6249999981373549 ] }, 
                "south": { "texture": "#main", "uv": [ 0, 0, 0.12499999813735485, 0.6249999981373549 ] }, 
                "west":  { "texture": "#main", "uv": [ 0, 0, 0.12499999813735485, 0.6249999981373549 ] }, 
                "up":    { "texture": "#main", "uv": [ 0, 0, 0.12499999813735485, 0.12499999813735485 ] }, 
                "down":  { "texture": "#main", "uv": [ 4, 0, 4.124999998137355, 0.12499999813735485 ] }
            }
        }, 
        {
            "name": "arm", 
            "from": [ 9.100000016391277, 3.5000000074505806, 13.599999994039536 ], 
            "to":   [ 9.400000005960464, 5, 14.099999986588955 ], 
            "rotation": { "origin": [8, 8, 8], "axis": "x", "angle": 45 }, 
            "faces": {
                "north": { "texture": "#main", "uv": [ 0, 0, 0.07499999739229679, 0.37499999813735485 ] }, 
                "east":  { "texture": "#main", "uv": [ 0, 0, 0.12499999813735485, 0.37499999813735485 ] }, 
                "south": { "texture": "#main", "uv": [ 0, 0, 0.07499999739229679, 0.37499999813735485 ] }, 
                "west":  { "texture": "#main", "uv": [ 0, 0, 0.12499999813735485, 0.37499999813735485 ] }, 
                "up":    { "texture": "#main", "uv": [ 0, 0, 0.07499999739229679, 0.12499999813735485 ] }, 
                "down":  { "texture": "#main", "uv": [ 4, 0, 4.074999997392297, 0.12499999813735485 ] }
            }
        }, 
        {
            "name": "arm", 
            "from": [ 6.100000016391277, 3.5000000074505806, 13.599999994039536 ], 
            "to":   [ 6.4000000059604645, 5, 14.099999986588955 ], 
            "rotation": { "origin": [8, 8, 8], "axis": "x", "angle": 45 }, 
            "faces": {
                "north": { "texture": "#main", "uv": [ 0, 0, 0.07499999739229679, 0.37499999813735485 ] }, 
                "east":  { "texture": "#main", "uv": [ 0, 0, 0.12499999813735485, 0.37499999813735485 ] }, 
                "south": { "texture": "#main", "uv": [ 0, 0, 0.07499999739229679, 0.37499999813735485 ] }, 
                "west":  { "texture": "#main", "uv": [ 0, 0, 0.12499999813735485, 0.37499999813735485 ] }, 
                "up":    { "texture": "#main", "uv": [ 0, 0, 0.07499999739229679, 0.12499999813735485 ] }, 
                "down":  { "texture": "#main", "uv": [ 4, 0, 4.074999997392297, 0.12499999813735485 ] }
            }
        }, 
        {
            "name": "Cube", 
            "from": [ 6.899999998509884, 7.899999998509884, -6 ], 
            "to":   [ 9.100000001490116, 10.099999986588955, -2 ], 
            "rotation": { "origin": [8, 8, 8], "axis": "x", "angle": -45 }, 
            "faces": {
                "north": { "texture": "#main", "uv": [ 0, 0, 0.5500000007450581, 0.5499999970197678 ] }, 
                "east":  { "texture": "#main", "uv": [ 0, 0, 1, 0.5499999970197678 ] }, 
                "south": { "texture": "#main", "uv": [ 0, 0, 0.5500000007450581, 0.5499999970197678 ] }, 
                "west":  { "texture": "#main", "uv": [ 0, 0, 1, 0.5499999970197678 ] }, 
                "up":    { "texture": "#main", "uv": [ 0, 0, 0.5500000007450581, 1 ] }, 
                "down":  { "texture": "#main", "uv": [ 4, 0, 4.550000000745058, 1 ] }
            }
        }, 
        {
            "name": "Cube", 
            "from": [ 7.500000007450581, -3.4999999925494194, -3 ], 
            "to":   [ 8.50000000745058, -0.4999999925494194, -2 ], 
            "faces": {
                "north": { "texture": "#main", "uv": [ 0, 0, 0.25, 0.75 ] }, 
                "east":  { "texture": "#main", "uv": [ 0, 0, 0.25, 0.75 ] }, 
                "south": { "texture": "#main", "uv": [ 0, 0, 0.25, 0.75 ] }, 
                "west":  { "texture": "#main", "uv": [ 0, 0, 0.25, 0.75 ] }, 
                "up":    { "texture": "#main", "uv": [ 0, 0, 0.25, 0.25 ] }, 
                "down":  { "texture": "#main", "uv": [ 4, 0, 4.25, 0.25 ] }
            }
        }, 
        {
            "name": "Cube", 
            "from": [ 5.000000014901161, 3, 4 ], 
            "to":   [ 11.000000014901161, 7, 11 ], 
            "faces": {
                "north": { "texture": "#main", "uv": [ 8, 0, 9.5, 1 ] }, 
                "east":  { "texture": "#main", "uv": [ 8, 0, 9.75, 1 ] }, 
                "south": { "texture": "#main", "uv": [ 8, 0, 9.5, 1 ] }, 
                "west":  { "texture": "#main", "uv": [ 8, 0, 9.75, 1 ] }, 
                "up":    { "texture": "#main", "uv": [ 8, 0, 9.5, 1.75 ] }, 
                "down":  { "texture": "#main", "uv": [ 12, 0, 13.5, 1.75 ] }
            }
        }, 
        {
            "name": "Cube", 
            "from": [ 7, 3, 11 ], 
            "to":   [ 9, 6, 12 ], 
            "faces": {
                "north": { "texture": "#main", "uv": [ 12, 0, 12.5, 0.75 ] }, 
                "east":  { "texture": "#main", "uv": [ 12, 0, 12.25, 0.75 ] }, 
                "south": { "texture": "#main", "uv": [ 12, 0, 12.5, 0.75 ] }, 
                "west":  { "texture": "#main", "uv": [ 12, 0, 12.25, 0.75 ] }, 
                "up":    { "texture": "#main", "uv": [ 12, 0, 12.5, 0.25 ] }, 
                "down":  { "texture": "#main", "uv": [ 12, 0, 12.5, 0.25 ] }
            }
        }, 
        {
            "name": "Cube", 
            "from": [ 6.699999995529652, 1, 10 ], 
            "to":   [ 9.300000004470348, 4, 12 ], 
            "rotation": { "origin": [8, 8, 8], "axis": "x", "angle": -22.5 }, 
            "faces": {
                "north": { "texture": "#main", "uv": [ 12, 0, 12.650000002235174, 0.75 ] }, 
                "east":  { "texture": "#main", "uv": [ 12, 0, 12.5, 0.75 ] }, 
                "south": { "texture": "#main", "uv": [ 12, 0, 12.650000002235174, 0.75 ] }, 
                "west":  { "texture": "#main", "uv": [ 12, 0, 12.5, 0.75 ] }, 
                "up":    { "texture": "#main", "uv": [ 12, 0, 12.650000002235174, 0.5 ] }, 
                "down":  { "texture": "#main", "uv": [ 12, 0, 12.650000002235174, 0.5 ] }
            }
        }, 
        {
            "name": "eye", 
            "from": [ 9, 3, 13 ], 
            "to":   [ 10, 3.4999999925494194, 13.49999999254942 ], 
            "faces": {
                "north": { "texture": "#main", "uv": [ 8, 4, 8.124999998137355, 4.124999998137355 ] }, 
                "east":  { "texture": "#main", "uv": [ 8, 4, 8.124999998137355, 4.124999998137355 ] }, 
                "south": { "texture": "#main", "uv": [ 8, 4, 8.124999998137355, 4.124999998137355 ] }, 
                "west":  { "texture": "#main", "uv": [ 8, 4, 8.124999998137355, 4.124999998137355 ] }, 
                "up":    { "texture": "#main", "uv": [ 8, 4, 8.124999998137355, 4.124999998137355 ] }, 
                "down":  { "texture": "#main", "uv": [ 8, 4, 8.124999998137355, 4.124999998137355 ] }
            }
        }, 
        {
            "name": "eye", 
            "from": [ 6, 3, 13 ], 
            "to":   [ 7, 3.4999999925494194, 13.49999999254942 ], 
            "faces": {
                "north": { "texture": "#main", "uv": [ 8, 4, 8.124999998137355, 4.124999998137355 ] }, 
                "east":  { "texture": "#main", "uv": [ 8, 4, 8.124999998137355, 4.124999998137355 ] }, 
                "south": { "texture": "#main", "uv": [ 8, 4, 8.124999998137355, 4.124999998137355 ] }, 
                "west":  { "texture": "#main", "uv": [ 8, 4, 8.124999998137355, 4.124999998137355 ] }, 
                "up":    { "texture": "#main", "uv": [ 8, 4, 8.124999998137355, 4.124999998137355 ] }, 
                "down":  { "texture": "#main", "uv": [ 8, 4, 8.124999998137355, 4.124999998137355 ] }
            }
        }, 
        {
            "name": "Cube", 
            "from": [ 6, 5, 0 ], 
            "to":   [ 10, 8, 4 ], 
            "rotation": { "origin": [8, 8, 8], "axis": "x", "angle": -22.5 }, 
            "faces": {
                "north": { "texture": "#main", "uv": [ 8, 0, 9, 0.75 ] }, 
                "east":  { "texture": "#main", "uv": [ 8, 0, 9, 0.75 ] }, 
                "south": { "texture": "#main", "uv": [ 8, 0, 9, 0.75 ] }, 
                "west":  { "texture": "#main", "uv": [ 8, 0, 9, 0.75 ] }, 
                "up":    { "texture": "#main", "uv": [ 8, 0, 9, 1 ] }, 
                "down":  { "texture": "#main", "uv": [ 12, 0, 13, 1 ] }
            }
        }, 
        {
            "name": "Cube", 
            "from": [ 7, 8, -2 ], 
            "to":   [ 9, 10, 0 ], 
            "rotation": { "origin": [8, 8, 8], "axis": "x", "angle": -45 }, 
            "faces": {
                "north": { "texture": "#main", "uv": [ 8, 0, 8.5, 0.5 ] }, 
                "east":  { "texture": "#main", "uv": [ 8, 0, 8.5, 0.5 ] }, 
                "south": { "texture": "#main", "uv": [ 8, 0, 8.5, 0.5 ] }, 
                "west":  { "texture": "#main", "uv": [ 8, 0, 8.5, 0.5 ] }, 
                "up":    { "texture": "#main", "uv": [ 8, 0, 8.5, 0.5 ] }, 
                "down":  { "texture": "#main", "uv": [ 12, 0, 12.5, 0.5 ] }
            }
        }, 
        {
            "name": "Cube", 
            "from": [ 7.700000010430813, 5.999999985098839, 15.599999994039536 ], 
            "to":   [ 8.200000002980232, 6.499999977648258, 17.599999994039536 ], 
            "rotation": { "origin": [8, 8, 10], "axis": "x", "angle": 45 }, 
            "faces": {
                "north": { "texture": "#main", "uv": [ 8, 0, 8.124999998137355, 0.12499999813735485 ] }, 
                "east":  { "texture": "#main", "uv": [ 8, 0, 8.5, 0.12499999813735485 ] }, 
                "south": { "texture": "#main", "uv": [ 8, 0, 8.124999998137355, 0.12499999813735485 ] }, 
                "west":  { "texture": "#main", "uv": [ 8, 0, 8.5, 0.12499999813735485 ] }, 
                "up":    { "texture": "#main", "uv": [ 8, 0, 8.124999998137355, 0.5 ] }, 
                "down":  { "texture": "#main", "uv": [ 8, 0, 8.124999998137355, 0.5 ] }
            }
        }, 
        {
            "name": "Cube", 
            "from": [ 7.800000011920929, 1, 13.899999983608723 ], 
            "to":   [ 8.100000001490116, 1.4999999925494194, 14.19999997317791 ], 
            "faces": {
                "north": { "texture": "#main", "uv": [ 8, 0, 8.074999997392297, 0.12499999813735485 ] }, 
                "east":  { "texture": "#main", "uv": [ 8, 0, 8.074999997392297, 0.12499999813735485 ] }, 
                "south": { "texture": "#main", "uv": [ 8, 0, 8.074999997392297, 0.12499999813735485 ] }, 
                "west":  { "texture": "#main", "uv": [ 8, 0, 8.074999997392297, 0.12499999813735485 ] }, 
                "up":    { "texture": "#main", "uv": [ 8, 0, 8.074999997392297, 0.07499999739229679 ] }, 
                "down":  { "texture": "#main", "uv": [ 8, 0, 8.074999997392297, 0.07499999739229679 ] }
            }
        }, 
        {
            "name": "Cube", 
            "from": [ 8.800000011920929, 5.499999992549419, 14.899999983608723 ], 
            "to":   [ 9.100000001490116, 7.499999992549419, 15.19999997317791 ], 
            "rotation": { "origin": [8, 8, 10], "axis": "x", "angle": 22.5 }, 
            "faces": {
                "north": { "texture": "#main", "uv": [ 8, 0, 8.074999997392297, 0.5 ] }, 
                "east":  { "texture": "#main", "uv": [ 8, 0, 8.074999997392297, 0.5 ] }, 
                "south": { "texture": "#main", "uv": [ 8, 0, 8.074999997392297, 0.5 ] }, 
                "west":  { "texture": "#main", "uv": [ 8, 0, 8.074999997392297, 0.5 ] }, 
                "up":    { "texture": "#main", "uv": [ 8, 0, 8.074999997392297, 0.07499999739229679 ] }, 
                "down":  { "texture": "#main", "uv": [ 8, 0, 8.074999997392297, 0.07499999739229679 ] }
            }
        }, 
        {
            "name": "Cube", 
            "from": [ 6.800000011920929, 5.499999992549419, 14.899999983608723 ], 
            "to":   [ 7.100000001490116, 7.499999992549419, 15.19999997317791 ], 
            "rotation": { "origin": [8, 8, 10], "axis": "x", "angle": 22.5 }, 
            "faces": {
                "north": { "texture": "#main", "uv": [ 8, 0, 8.074999997392297, 0.5 ] }, 
                "east":  { "texture": "#main", "uv": [ 8, 0, 8.074999997392297, 0.5 ] }, 
                "south": { "texture": "#main", "uv": [ 8, 0, 8.074999997392297, 0.5 ] }, 
                "west":  { "texture": "#main", "uv": [ 8, 0, 8.074999997392297, 0.5 ] }, 
                "up":    { "texture": "#main", "uv": [ 8, 0, 8.074999997392297, 0.07499999739229679 ] }, 
                "down":  { "texture": "#main", "uv": [ 8, 0, 8.074999997392297, 0.07499999739229679 ] }
            }
        }, 
        {
            "name": "Cube", 
            "from": [ 9.800000011920929, 6.100000001490116, 14.199999988079071 ], 
            "to":   [ 10.100000001490116, 8.100000001490116, 14.499999977648258 ], 
            "rotation": { "origin": [8, 8, 8], "axis": "z", "angle": -22.5 }, 
            "faces": {
                "north": { "texture": "#main", "uv": [ 8, 0, 8.074999997392297, 0.5 ] }, 
                "east":  { "texture": "#main", "uv": [ 8, 0, 8.074999997392297, 0.5 ] }, 
                "south": { "texture": "#main", "uv": [ 8, 0, 8.074999997392297, 0.5 ] }, 
                "west":  { "texture": "#main", "uv": [ 8, 0, 8.074999997392297, 0.5 ] }, 
                "up":    { "texture": "#main", "uv": [ 8, 0, 8.074999997392297, 0.07499999739229679 ] }, 
                "down":  { "texture": "#main", "uv": [ 8, 0, 8.074999997392297, 0.07499999739229679 ] }
            }
        }, 
        {
            "name": "Cube", 
            "from": [ 5.800000011920929, 6.100000001490116, 14.199999988079071 ], 
            "to":   [ 6.100000001490116, 8.100000001490116, 14.499999977648258 ], 
            "rotation": { "origin": [8, 8, 8], "axis": "z", "angle": 22.5 }, 
            "faces": {
                "north": { "texture": "#main", "uv": [ 8, 0, 8.074999997392297, 0.5 ] }, 
                "east":  { "texture": "#main", "uv": [ 8, 0, 8.074999997392297, 0.5 ] }, 
                "south": { "texture": "#main", "uv": [ 8, 0, 8.074999997392297, 0.5 ] }, 
                "west":  { "texture": "#main", "uv": [ 8, 0, 8.074999997392297, 0.5 ] }, 
                "up":    { "texture": "#main", "uv": [ 8, 0, 8.074999997392297, 0.07499999739229679 ] }, 
                "down":  { "texture": "#main", "uv": [ 8, 0, 8.074999997392297, 0.07499999739229679 ] }
            }
        }, 
        {
            "name": "Cube", 
            "from": [ 6.000000014901161, 7, 5 ], 
            "to":   [ 10.000000014901161, 7.499999992549419, 10 ], 
            "faces": {
                "north": { "texture": "#main", "uv": [ 8, 0, 9, 0.12499999813735485 ] }, 
                "east":  { "texture": "#main", "uv": [ 8, 0, 9.25, 0.12499999813735485 ] }, 
                "south": { "texture": "#main", "uv": [ 8, 0, 9, 0.12499999813735485 ] }, 
                "west":  { "texture": "#main", "uv": [ 8, 0, 9.25, 0.12499999813735485 ] }, 
                "up":    { "texture": "#main", "uv": [ 8, 0, 9, 1.25 ] }, 
                "down":  { "texture": "#main", "uv": [ 12, 0, 13, 1.25 ] }
            }
        }, 
        {
            "name": "wing", 
            "from": [ 9, 8, 5.100000001490116 ], 
            "to":   [ 10, 13, 9.100000001490116 ], 
            "rotation": { "origin": [8, 8, 8], "axis": "z", "angle": -22.5 }, 
            "faces": {
                "north": { "texture": "#main", "uv": [ 12, 4, 12.25, 5.25 ] }, 
                "east":  { "texture": "#main", "uv": [ 12, 4, 13, 5.25 ] }, 
                "south": { "texture": "#main", "uv": [ 12, 4, 12.25, 5.25 ] }, 
                "west":  { "texture": "#main", "uv": [ 12, 4, 13, 5.25 ] }, 
                "up":    { "texture": "#main", "uv": [ 12, 4, 12.25, 5 ] }, 
                "down":  { "texture": "#main", "uv": [ 12, 4, 12.25, 5 ] }
            }
        }, 
        {
            "name": "wing", 
            "from": [ 6, 8, 5.100000001490116 ], 
            "to":   [ 7, 13, 9.100000001490116 ], 
            "rotation": { "origin": [8, 8, 8], "axis": "z", "angle": 22.5 }, 
            "faces": {
                "north": { "texture": "#main", "uv": [ 12, 4, 12.25, 5.25 ] }, 
                "east":  { "texture": "#main", "uv": [ 12, 4, 13, 5.25 ] }, 
                "south": { "texture": "#main", "uv": [ 12, 4, 12.25, 5.25 ] }, 
                "west":  { "texture": "#main", "uv": [ 12, 4, 13, 5.25 ] }, 
                "up":    { "texture": "#main", "uv": [ 12, 4, 12.25, 5 ] }, 
                "down":  { "texture": "#main", "uv": [ 12, 4, 12.25, 5 ] }
            }
        }, 
        {
            "name": "arm", 
            "from": [ 6.000000014901161, 2.5000000074505806, 12 ], 
            "to":   [ 6.500000007450581, 5, 12.49999999254942 ], 
            "rotation": { "origin": [8, 8, 8], "axis": "x", "angle": 22.5 }, 
            "faces": {
                "north": { "texture": "#main", "uv": [ 8, 0, 8.124999998137355, 0.6249999981373549 ] }, 
                "east":  { "texture": "#main", "uv": [ 8, 0, 8.124999998137355, 0.6249999981373549 ] }, 
                "south": { "texture": "#main", "uv": [ 8, 0, 8.124999998137355, 0.6249999981373549 ] }, 
                "west":  { "texture": "#main", "uv": [ 8, 0, 8.124999998137355, 0.6249999981373549 ] }, 
                "up":    { "texture": "#main", "uv": [ 8, 0, 8.124999998137355, 0.12499999813735485 ] }, 
                "down":  { "texture": "#main", "uv": [ 12, 0, 12.124999998137355, 0.12499999813735485 ] }
            }
        }, 
        {
            "name": "arm", 
            "from": [ 9.000000014901161, 2.5000000074505806, 12 ], 
            "to":   [ 9.50000000745058, 5, 12.49999999254942 ], 
            "rotation": { "origin": [8, 8, 8], "axis": "x", "angle": 22.5 }, 
            "faces": {
                "north": { "texture": "#main", "uv": [ 8, 0, 8.124999998137355, 0.6249999981373549 ] }, 
                "east":  { "texture": "#main", "uv": [ 8, 0, 8.124999998137355, 0.6249999981373549 ] }, 
                "south": { "texture": "#main", "uv": [ 8, 0, 8.124999998137355, 0.6249999981373549 ] }, 
                "west":  { "texture": "#main", "uv": [ 8, 0, 8.124999998137355, 0.6249999981373549 ] }, 
                "up":    { "texture": "#main", "uv": [ 8, 0, 8.124999998137355, 0.12499999813735485 ] }, 
                "down":  { "texture": "#main", "uv": [ 12, 0, 12.124999998137355, 0.12499999813735485 ] }
            }
        }, 
        {
            "name": "arm", 
            "from": [ 9.100000016391277, 3.5000000074505806, 13.599999994039536 ], 
            "to":   [ 9.400000005960464, 5, 14.099999986588955 ], 
            "rotation": { "origin": [8, 8, 8], "axis": "x", "angle": 45 }, 
            "faces": {
                "north": { "texture": "#main", "uv": [ 8, 0, 8.074999997392297, 0.37499999813735485 ] }, 
                "east":  { "texture": "#main", "uv": [ 8, 0, 8.124999998137355, 0.37499999813735485 ] }, 
                "south": { "texture": "#main", "uv": [ 8, 0, 8.074999997392297, 0.37499999813735485 ] }, 
                "west":  { "texture": "#main", "uv": [ 8, 0, 8.124999998137355, 0.37499999813735485 ] }, 
                "up":    { "texture": "#main", "uv": [ 8, 0, 8.074999997392297, 0.12499999813735485 ] }, 
                "down":  { "texture": "#main", "uv": [ 12, 0, 12.074999997392297, 0.12499999813735485 ] }
            }
        }, 
        {
            "name": "arm", 
            "from": [ 6.100000016391277, 3.5000000074505806, 13.599999994039536 ], 
            "to":   [ 6.4000000059604645, 5, 14.099999986588955 ], 
            "rotation": { "origin": [8, 8, 8], "axis": "x", "angle": 45 }, 
            "faces": {
                "north": { "texture": "#main", "uv": [ 8, 0, 8.074999997392297, 0.37499999813735485 ] }, 
                "east":  { "texture": "#main", "uv": [ 8, 0, 8.124999998137355, 0.37499999813735485 ] }, 
                "south": { "texture": "#main", "uv": [ 8, 0, 8.074999997392297, 0.37499999813735485 ] }, 
                "west":  { "texture": "#main", "uv": [ 8, 0, 8.124999998137355, 0.37499999813735485 ] }, 
                "up":    { "texture": "#main", "uv": [ 8, 0, 8.074999997392297, 0.12499999813735485 ] }, 
                "down":  { "texture": "#main", "uv": [ 12, 0, 12.074999997392297, 0.12499999813735485 ] }
            }
        }, 
        {
            "name": "Cube", 
            "from": [ 6.799999997019768, 7.899999998509884, -6 ], 
            "to":   [ 9.200000002980232, 10.099999986588955, -2 ], 
            "rotation": { "origin": [8, 8, 8], "axis": "x", "angle": -45 }, 
            "faces": {
                "north": { "texture": "#main", "uv": [ 8, 0, 8.600000001490116, 0.5499999970197678 ] }, 
                "east":  { "texture": "#main", "uv": [ 8, 0, 9, 0.5499999970197678 ] }, 
                "south": { "texture": "#main", "uv": [ 8, 0, 8.600000001490116, 0.5499999970197678 ] }, 
                "west":  { "texture": "#main", "uv": [ 8, 0, 9, 0.5499999970197678 ] }, 
                "up":    { "texture": "#main", "uv": [ 8, 0, 8.600000001490116, 1 ] }, 
                "down":  { "texture": "#main", "uv": [ 12, 0, 12.600000001490116, 1 ] }
            }
        }, 
        {
            "name": "Cube", 
            "from": [ 7.500000007450581, -4.499999992549419, -3 ], 
            "to":   [ 8.50000000745058, -0.4999999925494194, -2 ], 
            "faces": {
                "north": { "texture": "#main", "uv": [ 8, 0, 8.25, 1 ] }, 
                "east":  { "texture": "#main", "uv": [ 8, 0, 8.25, 1 ] }, 
                "south": { "texture": "#main", "uv": [ 8, 0, 8.25, 1 ] }, 
                "west":  { "texture": "#main", "uv": [ 8, 0, 8.25, 1 ] }, 
                "up":    { "texture": "#main", "uv": [ 8, 0, 8.25, 0.25 ] }, 
                "down":  { "texture": "#main", "uv": [ 12, 0, 12.25, 0.25 ] }
            }
        }, 
        {
            "name": "Cube", 
            "from": [ 5.000000014901161, 3, 4 ], 
            "to":   [ 11.000000014901161, 7, 11 ], 
            "faces": {
                "north": { "texture": "#main", "uv": [ 0, 8, 1.5, 9 ] }, 
                "east":  { "texture": "#main", "uv": [ 0, 8, 1.75, 9 ] }, 
                "south": { "texture": "#main", "uv": [ 0, 8, 1.5, 9 ] }, 
                "west":  { "texture": "#main", "uv": [ 0, 8, 1.75, 9 ] }, 
                "up":    { "texture": "#main", "uv": [ 0, 8, 1.5, 9.75 ] }, 
                "down":  { "texture": "#main", "uv": [ 4, 8, 5.5, 9.75 ] }
            }
        }, 
        {
            "name": "Cube", 
            "from": [ 7, 3, 11 ], 
            "to":   [ 9, 6, 12 ], 
            "faces": {
                "north": { "texture": "#main", "uv": [ 4, 8, 4.5, 8.75 ] }, 
                "east":  { "texture": "#main", "uv": [ 4, 8, 4.25, 8.75 ] }, 
                "south": { "texture": "#main", "uv": [ 4, 8, 4.5, 8.75 ] }, 
                "west":  { "texture": "#main", "uv": [ 4, 8, 4.25, 8.75 ] }, 
                "up":    { "texture": "#main", "uv": [ 4, 8, 4.5, 8.25 ] }, 
                "down":  { "texture": "#main", "uv": [ 4, 8, 4.5, 8.25 ] }
            }
        }, 
        {
            "name": "Cube", 
            "from": [ 6.699999995529652, 1, 10 ], 
            "to":   [ 9.300000004470348, 4, 12 ], 
            "rotation": { "origin": [8, 8, 8], "axis": "x", "angle": -22.5 }, 
            "faces": {
                "north": { "texture": "#main", "uv": [ 4, 8, 4.650000002235174, 8.75 ] }, 
                "east":  { "texture": "#main", "uv": [ 4, 8, 4.5, 8.75 ] }, 
                "south": { "texture": "#main", "uv": [ 4, 8, 4.650000002235174, 8.75 ] }, 
                "west":  { "texture": "#main", "uv": [ 4, 8, 4.5, 8.75 ] }, 
                "up":    { "texture": "#main", "uv": [ 4, 8, 4.650000002235174, 8.5 ] }, 
                "down":  { "texture": "#main", "uv": [ 4, 8, 4.650000002235174, 8.5 ] }
            }
        }, 
        {
            "name": "eye", 
            "from": [ 9, 3, 13 ], 
            "to":   [ 10, 3.4999999925494194, 13.49999999254942 ], 
            "faces": {
                "north": { "texture": "#main", "uv": [ 0, 12, 0.12499999813735485, 12.124999998137355 ] }, 
                "east":  { "texture": "#main", "uv": [ 0, 12, 0.12499999813735485, 12.124999998137355 ] }, 
                "south": { "texture": "#main", "uv": [ 0, 12, 0.12499999813735485, 12.124999998137355 ] }, 
                "west":  { "texture": "#main", "uv": [ 0, 12, 0.12499999813735485, 12.124999998137355 ] }, 
                "up":    { "texture": "#main", "uv": [ 0, 12, 0.12499999813735485, 12.124999998137355 ] }, 
                "down":  { "texture": "#main", "uv": [ 0, 12, 0.12499999813735485, 12.124999998137355 ] }
            }
        }, 
        {
            "name": "eye", 
            "from": [ 6, 3, 13 ], 
            "to":   [ 7, 3.4999999925494194, 13.49999999254942 ], 
            "faces": {
                "north": { "texture": "#main", "uv": [ 0, 12, 0.12499999813735485, 12.124999998137355 ] }, 
                "east":  { "texture": "#main", "uv": [ 0, 12, 0.12499999813735485, 12.124999998137355 ] }, 
                "south": { "texture": "#main", "uv": [ 0, 12, 0.12499999813735485, 12.124999998137355 ] }, 
                "west":  { "texture": "#main", "uv": [ 0, 12, 0.12499999813735485, 12.124999998137355 ] }, 
                "up":    { "texture": "#main", "uv": [ 0, 12, 0.12499999813735485, 12.124999998137355 ] }, 
                "down":  { "texture": "#main", "uv": [ 0, 12, 0.12499999813735485, 12.124999998137355 ] }
            }
        }, 
        {
            "name": "Cube", 
            "from": [ 6, 5, 0 ], 
            "to":   [ 10, 8, 4 ], 
            "rotation": { "origin": [8, 8, 8], "axis": "x", "angle": -22.5 }, 
            "faces": {
                "north": { "texture": "#main", "uv": [ 0, 8, 1, 8.75 ] }, 
                "east":  { "texture": "#main", "uv": [ 0, 8, 1, 8.75 ] }, 
                "south": { "texture": "#main", "uv": [ 0, 8, 1, 8.75 ] }, 
                "west":  { "texture": "#main", "uv": [ 0, 8, 1, 8.75 ] }, 
                "up":    { "texture": "#main", "uv": [ 0, 8, 1, 9 ] }, 
                "down":  { "texture": "#main", "uv": [ 4, 8, 5, 9 ] }
            }
        }, 
        {
            "name": "Cube", 
            "from": [ 7, 8, -2 ], 
            "to":   [ 9, 10, 0 ], 
            "rotation": { "origin": [8, 8, 8], "axis": "x", "angle": -45 }, 
            "faces": {
                "north": { "texture": "#main", "uv": [ 0, 8, 0.5, 8.5 ] }, 
                "east":  { "texture": "#main", "uv": [ 0, 8, 0.5, 8.5 ] }, 
                "south": { "texture": "#main", "uv": [ 0, 8, 0.5, 8.5 ] }, 
                "west":  { "texture": "#main", "uv": [ 0, 8, 0.5, 8.5 ] }, 
                "up":    { "texture": "#main", "uv": [ 0, 8, 0.5, 8.5 ] }, 
                "down":  { "texture": "#main", "uv": [ 4, 8, 4.5, 8.5 ] }
            }
        }, 
        {
            "name": "Cube", 
            "from": [ 7.700000010430813, 5.999999985098839, 15.599999994039536 ], 
            "to":   [ 8.200000002980232, 6.499999977648258, 17.599999994039536 ], 
            "rotation": { "origin": [8, 8, 10], "axis": "x", "angle": 45 }, 
            "faces": {
                "north": { "texture": "#main", "uv": [ 0, 8, 0.12499999813735485, 8.124999998137355 ] }, 
                "east":  { "texture": "#main", "uv": [ 0, 8, 0.5, 8.124999998137355 ] }, 
                "south": { "texture": "#main", "uv": [ 0, 8, 0.12499999813735485, 8.124999998137355 ] }, 
                "west":  { "texture": "#main", "uv": [ 0, 8, 0.5, 8.124999998137355 ] }, 
                "up":    { "texture": "#main", "uv": [ 0, 8, 0.12499999813735485, 8.5 ] }, 
                "down":  { "texture": "#main", "uv": [ 0, 8, 0.12499999813735485, 8.5 ] }
            }
        }, 
        {
            "name": "Cube", 
            "from": [ 7.800000011920929, 1, 13.899999983608723 ], 
            "to":   [ 8.100000001490116, 1.4999999925494194, 14.19999997317791 ], 
            "faces": {
                "north": { "texture": "#main", "uv": [ 0, 8, 0.07499999739229679, 8.124999998137355 ] }, 
                "east":  { "texture": "#main", "uv": [ 0, 8, 0.07499999739229679, 8.124999998137355 ] }, 
                "south": { "texture": "#main", "uv": [ 0, 8, 0.07499999739229679, 8.124999998137355 ] }, 
                "west":  { "texture": "#main", "uv": [ 0, 8, 0.07499999739229679, 8.124999998137355 ] }, 
                "up":    { "texture": "#main", "uv": [ 0, 8, 0.07499999739229679, 8.074999997392297 ] }, 
                "down":  { "texture": "#main", "uv": [ 0, 8, 0.07499999739229679, 8.074999997392297 ] }
            }
        }, 
        {
            "name": "Cube", 
            "from": [ 8.800000011920929, 5.499999992549419, 14.899999983608723 ], 
            "to":   [ 9.100000001490116, 7.499999992549419, 15.19999997317791 ], 
            "rotation": { "origin": [8, 8, 10], "axis": "x", "angle": 22.5 }, 
            "faces": {
                "north": { "texture": "#main", "uv": [ 0, 8, 0.07499999739229679, 8.5 ] }, 
                "east":  { "texture": "#main", "uv": [ 0, 8, 0.07499999739229679, 8.5 ] }, 
                "south": { "texture": "#main", "uv": [ 0, 8, 0.07499999739229679, 8.5 ] }, 
                "west":  { "texture": "#main", "uv": [ 0, 8, 0.07499999739229679, 8.5 ] }, 
                "up":    { "texture": "#main", "uv": [ 0, 8, 0.07499999739229679, 8.074999997392297 ] }, 
                "down":  { "texture": "#main", "uv": [ 0, 8, 0.07499999739229679, 8.074999997392297 ] }
            }
        }, 
        {
            "name": "Cube", 
            "from": [ 6.800000011920929, 5.499999992549419, 14.899999983608723 ], 
            "to":   [ 7.100000001490116, 7.499999992549419, 15.19999997317791 ], 
            "rotation": { "origin": [8, 8, 10], "axis": "x", "angle": 22.5 }, 
            "faces": {
                "north": { "texture": "#main", "uv": [ 0, 8, 0.07499999739229679, 8.5 ] }, 
                "east":  { "texture": "#main", "uv": [ 0, 8, 0.07499999739229679, 8.5 ] }, 
                "south": { "texture": "#main", "uv": [ 0, 8, 0.07499999739229679, 8.5 ] }, 
                "west":  { "texture": "#main", "uv": [ 0, 8, 0.07499999739229679, 8.5 ] }, 
                "up":    { "texture": "#main", "uv": [ 0, 8, 0.07499999739229679, 8.074999997392297 ] }, 
                "down":  { "texture": "#main", "uv": [ 0, 8, 0.07499999739229679, 8.074999997392297 ] }
            }
        }, 
        {
            "name": "Cube", 
            "from": [ 9.800000011920929, 6.100000001490116, 14.199999988079071 ], 
            "to":   [ 10.100000001490116, 8.100000001490116, 14.499999977648258 ], 
            "rotation": { "origin": [8, 8, 8], "axis": "z", "angle": -22.5 }, 
            "faces": {
                "north": { "texture": "#main", "uv": [ 0, 8, 0.07499999739229679, 8.5 ] }, 
                "east":  { "texture": "#main", "uv": [ 0, 8, 0.07499999739229679, 8.5 ] }, 
                "south": { "texture": "#main", "uv": [ 0, 8, 0.07499999739229679, 8.5 ] }, 
                "west":  { "texture": "#main", "uv": [ 0, 8, 0.07499999739229679, 8.5 ] }, 
                "up":    { "texture": "#main", "uv": [ 0, 8, 0.07499999739229679, 8.074999997392297 ] }, 
                "down":  { "texture": "#main", "uv": [ 0, 8, 0.07499999739229679, 8.074999997392297 ] }
            }
        }, 
        {
            "name": "Cube", 
            "from": [ 5.800000011920929, 6.100000001490116, 14.199999988079071 ], 
            "to":   [ 6.100000001490116, 8.100000001490116, 14.499999977648258 ], 
            "rotation": { "origin": [8, 8, 8], "axis": "z", "angle": 22.5 }, 
            "faces": {
                "north": { "texture": "#main", "uv": [ 0, 8, 0.07499999739229679, 8.5 ] }, 
                "east":  { "texture": "#main", "uv": [ 0, 8, 0.07499999739229679, 8.5 ] }, 
                "south": { "texture": "#main", "uv": [ 0, 8, 0.07499999739229679, 8.5 ] }, 
                "west":  { "texture": "#main", "uv": [ 0, 8, 0.07499999739229679, 8.5 ] }, 
                "up":    { "texture": "#main", "uv": [ 0, 8, 0.07499999739229679, 8.074999997392297 ] }, 
                "down":  { "texture": "#main", "uv": [ 0, 8, 0.07499999739229679, 8.074999997392297 ] }
            }
        }, 
        {
            "name": "Cube", 
            "from": [ 6.000000014901161, 7, 5 ], 
            "to":   [ 10.000000014901161, 7.499999992549419, 10 ], 
            "faces": {
                "north": { "texture": "#main", "uv": [ 0, 8, 1, 8.124999998137355 ] }, 
                "east":  { "texture": "#main", "uv": [ 0, 8, 1.25, 8.124999998137355 ] }, 
                "south": { "texture": "#main", "uv": [ 0, 8, 1, 8.124999998137355 ] }, 
                "west":  { "texture": "#main", "uv": [ 0, 8, 1.25, 8.124999998137355 ] }, 
                "up":    { "texture": "#main", "uv": [ 0, 8, 1, 9.25 ] }, 
                "down":  { "texture": "#main", "uv": [ 4, 8, 5, 9.25 ] }
            }
        }, 
        {
            "name": "wing", 
            "from": [ 9, 7.499999992549419, 5.100000001490116 ], 
            "to":   [ 14, 8.49999999254942, 9.100000001490116 ], 
            "faces": {
                "north": { "texture": "#main", "uv": [ 4, 12, 5.25, 12.25 ] }, 
                "east":  { "texture": "#main", "uv": [ 4, 12, 5, 12.25 ] }, 
                "south": { "texture": "#main", "uv": [ 4, 12, 5.25, 12.25 ] }, 
                "west":  { "texture": "#main", "uv": [ 4, 12, 5, 12.25 ] }, 
                "up":    { "texture": "#main", "uv": [ 4, 12, 5.25, 13 ] }, 
                "down":  { "texture": "#main", "uv": [ 4, 12, 5.25, 13 ] }
            }
        }, 
        {
            "name": "wing", 
            "from": [ 2, 7.499999992549419, 5.100000001490116 ], 
            "to":   [ 7, 8.49999999254942, 9.100000001490116 ], 
            "faces": {
                "north": { "texture": "#main", "uv": [ 4, 12, 5.25, 12.25 ] }, 
                "east":  { "texture": "#main", "uv": [ 4, 12, 5, 12.25 ] }, 
                "south": { "texture": "#main", "uv": [ 4, 12, 5.25, 12.25 ] }, 
                "west":  { "texture": "#main", "uv": [ 4, 12, 5, 12.25 ] }, 
                "up":    { "texture": "#main", "uv": [ 4, 12, 5.25, 13 ] }, 
                "down":  { "texture": "#main", "uv": [ 4, 12, 5.25, 13 ] }
            }
        }, 
        {
            "name": "arm", 
            "from": [ 6.000000014901161, 2.5000000074505806, 12 ], 
            "to":   [ 6.500000007450581, 5, 12.49999999254942 ], 
            "rotation": { "origin": [8, 8, 8], "axis": "x", "angle": 22.5 }, 
            "faces": {
                "north": { "texture": "#main", "uv": [ 0, 8, 0.12499999813735485, 8.624999998137355 ] }, 
                "east":  { "texture": "#main", "uv": [ 0, 8, 0.12499999813735485, 8.624999998137355 ] }, 
                "south": { "texture": "#main", "uv": [ 0, 8, 0.12499999813735485, 8.624999998137355 ] }, 
                "west":  { "texture": "#main", "uv": [ 0, 8, 0.12499999813735485, 8.624999998137355 ] }, 
                "up":    { "texture": "#main", "uv": [ 0, 8, 0.12499999813735485, 8.124999998137355 ] }, 
                "down":  { "texture": "#main", "uv": [ 4, 8, 4.124999998137355, 8.124999998137355 ] }
            }
        }, 
        {
            "name": "arm", 
            "from": [ 9.000000014901161, 2.5000000074505806, 12 ], 
            "to":   [ 9.50000000745058, 5, 12.49999999254942 ], 
            "rotation": { "origin": [8, 8, 8], "axis": "x", "angle": 22.5 }, 
            "faces": {
                "north": { "texture": "#main", "uv": [ 0, 8, 0.12499999813735485, 8.624999998137355 ] }, 
                "east":  { "texture": "#main", "uv": [ 0, 8, 0.12499999813735485, 8.624999998137355 ] }, 
                "south": { "texture": "#main", "uv": [ 0, 8, 0.12499999813735485, 8.624999998137355 ] }, 
                "west":  { "texture": "#main", "uv": [ 0, 8, 0.12499999813735485, 8.624999998137355 ] }, 
                "up":    { "texture": "#main", "uv": [ 0, 8, 0.12499999813735485, 8.124999998137355 ] }, 
                "down":  { "texture": "#main", "uv": [ 4, 8, 4.124999998137355, 8.124999998137355 ] }
            }
        }, 
        {
            "name": "arm", 
            "from": [ 9.100000016391277, 3.5000000074505806, 13.599999994039536 ], 
            "to":   [ 9.400000005960464, 5, 14.099999986588955 ], 
            "rotation": { "origin": [8, 8, 8], "axis": "x", "angle": 45 }, 
            "faces": {
                "north": { "texture": "#main", "uv": [ 0, 8, 0.07499999739229679, 8.374999998137355 ] }, 
                "east":  { "texture": "#main", "uv": [ 0, 8, 0.12499999813735485, 8.374999998137355 ] }, 
                "south": { "texture": "#main", "uv": [ 0, 8, 0.07499999739229679, 8.374999998137355 ] }, 
                "west":  { "texture": "#main", "uv": [ 0, 8, 0.12499999813735485, 8.374999998137355 ] }, 
                "up":    { "texture": "#main", "uv": [ 0, 8, 0.07499999739229679, 8.124999998137355 ] }, 
                "down":  { "texture": "#main", "uv": [ 4, 8, 4.074999997392297, 8.124999998137355 ] }
            }
        }, 
        {
            "name": "arm", 
            "from": [ 6.100000016391277, 3.5000000074505806, 13.599999994039536 ], 
            "to":   [ 6.4000000059604645, 5, 14.099999986588955 ], 
            "rotation": { "origin": [8, 8, 8], "axis": "x", "angle": 45 }, 
            "faces": {
                "north": { "texture": "#main", "uv": [ 0, 8, 0.07499999739229679, 8.374999998137355 ] }, 
                "east":  { "texture": "#main", "uv": [ 0, 8, 0.12499999813735485, 8.374999998137355 ] }, 
                "south": { "texture": "#main", "uv": [ 0, 8, 0.07499999739229679, 8.374999998137355 ] }, 
                "west":  { "texture": "#main", "uv": [ 0, 8, 0.12499999813735485, 8.374999998137355 ] }, 
                "up":    { "texture": "#main", "uv": [ 0, 8, 0.07499999739229679, 8.124999998137355 ] }, 
                "down":  { "texture": "#main", "uv": [ 4, 8, 4.074999997392297, 8.124999998137355 ] }
            }
        }, 
        {
            "name": "Cube", 
            "from": [ 6.799999997019768, 7.899999998509884, -6 ], 
            "to":   [ 9.200000002980232, 10.099999986588955, -2 ], 
            "rotation": { "origin": [8, 8, 8], "axis": "x", "angle": -45 }, 
            "faces": {
                "north": { "texture": "#main", "uv": [ 0, 8, 0.6000000014901161, 8.549999997019768 ] }, 
                "east":  { "texture": "#main", "uv": [ 0, 8, 1, 8.549999997019768 ] }, 
                "south": { "texture": "#main", "uv": [ 0, 8, 0.6000000014901161, 8.549999997019768 ] }, 
                "west":  { "texture": "#main", "uv": [ 0, 8, 1, 8.549999997019768 ] }, 
                "up":    { "texture": "#main", "uv": [ 0, 8, 0.6000000014901161, 9 ] }, 
                "down":  { "texture": "#main", "uv": [ 4, 8, 4.600000001490116, 9 ] }
            }
        }, 
        {
            "name": "Cube", 
            "from": [ 7.500000007450581, -4.499999992549419, -3 ], 
            "to":   [ 8.50000000745058, -0.4999999925494194, -2 ], 
            "faces": {
                "north": { "texture": "#main", "uv": [ 0, 8, 0.25, 9 ] }, 
                "east":  { "texture": "#main", "uv": [ 0, 8, 0.25, 9 ] }, 
                "south": { "texture": "#main", "uv": [ 0, 8, 0.25, 9 ] }, 
                "west":  { "texture": "#main", "uv": [ 0, 8, 0.25, 9 ] }, 
                "up":    { "texture": "#main", "uv": [ 0, 8, 0.25, 8.25 ] }, 
                "down":  { "texture": "#main", "uv": [ 4, 8, 4.25, 8.25 ] }
            }
        }, 
        {
            "name": "Cube", 
            "from": [ 5.000000014901161, 3, 4 ], 
            "to":   [ 11.000000014901161, 7, 11 ], 
            "faces": {
                "north": { "texture": "#main", "uv": [ 8, 8, 9.5, 9 ] }, 
                "east":  { "texture": "#main", "uv": [ 8, 8, 9.75, 9 ] }, 
                "south": { "texture": "#main", "uv": [ 8, 8, 9.5, 9 ] }, 
                "west":  { "texture": "#main", "uv": [ 8, 8, 9.75, 9 ] }, 
                "up":    { "texture": "#main", "uv": [ 8, 8, 9.5, 9.75 ] }, 
                "down":  { "texture": "#main", "uv": [ 12, 8, 13.5, 9.75 ] }
            }
        }, 
        {
            "name": "Cube", 
            "from": [ 7, 3, 11 ], 
            "to":   [ 9, 6, 12 ], 
            "faces": {
                "north": { "texture": "#main", "uv": [ 12, 8, 12.5, 8.75 ] }, 
                "east":  { "texture": "#main", "uv": [ 12, 8, 12.25, 8.75 ] }, 
                "south": { "texture": "#main", "uv": [ 12, 8, 12.5, 8.75 ] }, 
                "west":  { "texture": "#main", "uv": [ 12, 8, 12.25, 8.75 ] }, 
                "up":    { "texture": "#main", "uv": [ 12, 8, 12.5, 8.25 ] }, 
                "down":  { "texture": "#main", "uv": [ 12, 8, 12.5, 8.25 ] }
            }
        }, 
        {
            "name": "Cube", 
            "from": [ 6.699999995529652, 1, 10 ], 
            "to":   [ 9.300000004470348, 4, 12 ], 
            "rotation": { "origin": [8, 8, 8], "axis": "x", "angle": -22.5 }, 
            "faces": {
                "north": { "texture": "#main", "uv": [ 12, 8, 12.650000002235174, 8.75 ] }, 
                "east":  { "texture": "#main", "uv": [ 12, 8, 12.5, 8.75 ] }, 
                "south": { "texture": "#main", "uv": [ 12, 8, 12.650000002235174, 8.75 ] }, 
                "west":  { "texture": "#main", "uv": [ 12, 8, 12.5, 8.75 ] }, 
                "up":    { "texture": "#main", "uv": [ 12, 8, 12.650000002235174, 8.5 ] }, 
                "down":  { "texture": "#main", "uv": [ 12, 8, 12.650000002235174, 8.5 ] }
            }
        }, 
        {
            "name": "eye", 
            "from": [ 9, 3, 13 ], 
            "to":   [ 10, 3.4999999925494194, 13.49999999254942 ], 
            "faces": {
                "north": { "texture": "#main", "uv": [ 8, 12, 8.124999998137355, 12.124999998137355 ] }, 
                "east":  { "texture": "#main", "uv": [ 8, 12, 8.124999998137355, 12.124999998137355 ] }, 
                "south": { "texture": "#main", "uv": [ 8, 12, 8.124999998137355, 12.124999998137355 ] }, 
                "west":  { "texture": "#main", "uv": [ 8, 12, 8.124999998137355, 12.124999998137355 ] }, 
                "up":    { "texture": "#main", "uv": [ 8, 12, 8.124999998137355, 12.124999998137355 ] }, 
                "down":  { "texture": "#main", "uv": [ 8, 12, 8.124999998137355, 12.124999998137355 ] }
            }
        }, 
        {
            "name": "eye", 
            "from": [ 6, 3, 13 ], 
            "to":   [ 7, 3.4999999925494194, 13.49999999254942 ], 
            "faces": {
                "north": { "texture": "#main", "uv": [ 8, 12, 8.124999998137355, 12.124999998137355 ] }, 
                "east":  { "texture": "#main", "uv": [ 8, 12, 8.124999998137355, 12.124999998137355 ] }, 
                "south": { "texture": "#main", "uv": [ 8, 12, 8.124999998137355, 12.124999998137355 ] }, 
                "west":  { "texture": "#main", "uv": [ 8, 12, 8.124999998137355, 12.124999998137355 ] }, 
                "up":    { "texture": "#main", "uv": [ 8, 12, 8.124999998137355, 12.124999998137355 ] }, 
                "down":  { "texture": "#main", "uv": [ 8, 12, 8.124999998137355, 12.124999998137355 ] }
            }
        }, 
        {
            "name": "Cube", 
            "from": [ 6, 5, 0 ], 
            "to":   [ 10, 8, 4 ], 
            "rotation": { "origin": [8, 8, 8], "axis": "x", "angle": -22.5 }, 
            "faces": {
                "north": { "texture": "#main", "uv": [ 8, 8, 9, 8.75 ] }, 
                "east":  { "texture": "#main", "uv": [ 8, 8, 9, 8.75 ] }, 
                "south": { "texture": "#main", "uv": [ 8, 8, 9, 8.75 ] }, 
                "west":  { "texture": "#main", "uv": [ 8, 8, 9, 8.75 ] }, 
                "up":    { "texture": "#main", "uv": [ 8, 8, 9, 9 ] }, 
                "down":  { "texture": "#main", "uv": [ 12, 8, 13, 9 ] }
            }
        }, 
        {
            "name": "Cube", 
            "from": [ 7, 8, -2 ], 
            "to":   [ 9, 10, 0 ], 
            "rotation": { "origin": [8, 8, 8], "axis": "x", "angle": -45 }, 
            "faces": {
                "north": { "texture": "#main", "uv": [ 8, 8, 8.5, 8.5 ] }, 
                "east":  { "texture": "#main", "uv": [ 8, 8, 8.5, 8.5 ] }, 
                "south": { "texture": "#main", "uv": [ 8, 8, 8.5, 8.5 ] }, 
                "west":  { "texture": "#main", "uv": [ 8, 8, 8.5, 8.5 ] }, 
                "up":    { "texture": "#main", "uv": [ 8, 8, 8.5, 8.5 ] }, 
                "down":  { "texture": "#main", "uv": [ 12, 8, 12.5, 8.5 ] }
            }
        }, 
        {
            "name": "Cube", 
            "from": [ 7.700000010430813, 5.999999985098839, 15.599999994039536 ], 
            "to":   [ 8.200000002980232, 6.499999977648258, 17.599999994039536 ], 
            "rotation": { "origin": [8, 8, 10], "axis": "x", "angle": 45 }, 
            "faces": {
                "north": { "texture": "#main", "uv": [ 8, 8, 8.124999998137355, 8.124999998137355 ] }, 
                "east":  { "texture": "#main", "uv": [ 8, 8, 8.5, 8.124999998137355 ] }, 
                "south": { "texture": "#main", "uv": [ 8, 8, 8.124999998137355, 8.124999998137355 ] }, 
                "west":  { "texture": "#main", "uv": [ 8, 8, 8.5, 8.124999998137355 ] }, 
                "up":    { "texture": "#main", "uv": [ 8, 8, 8.124999998137355, 8.5 ] }, 
                "down":  { "texture": "#main", "uv": [ 8, 8, 8.124999998137355, 8.5 ] }
            }
        }, 
        {
            "name": "Cube", 
            "from": [ 7.800000011920929, 1, 13.899999983608723 ], 
            "to":   [ 8.100000001490116, 1.4999999925494194, 14.19999997317791 ], 
            "faces": {
                "north": { "texture": "#main", "uv": [ 8, 8, 8.074999997392297, 8.124999998137355 ] }, 
                "east":  { "texture": "#main", "uv": [ 8, 8, 8.074999997392297, 8.124999998137355 ] }, 
                "south": { "texture": "#main", "uv": [ 8, 8, 8.074999997392297, 8.124999998137355 ] }, 
                "west":  { "texture": "#main", "uv": [ 8, 8, 8.074999997392297, 8.124999998137355 ] }, 
                "up":    { "texture": "#main", "uv": [ 8, 8, 8.074999997392297, 8.074999997392297 ] }, 
                "down":  { "texture": "#main", "uv": [ 8, 8, 8.074999997392297, 8.074999997392297 ] }
            }
        }, 
        {
            "name": "Cube", 
            "from": [ 8.800000011920929, 5.499999992549419, 14.899999983608723 ], 
            "to":   [ 9.100000001490116, 7.499999992549419, 15.19999997317791 ], 
            "rotation": { "origin": [8, 8, 10], "axis": "x", "angle": 22.5 }, 
            "faces": {
                "north": { "texture": "#main", "uv": [ 8, 8, 8.074999997392297, 8.5 ] }, 
                "east":  { "texture": "#main", "uv": [ 8, 8, 8.074999997392297, 8.5 ] }, 
                "south": { "texture": "#main", "uv": [ 8, 8, 8.074999997392297, 8.5 ] }, 
                "west":  { "texture": "#main", "uv": [ 8, 8, 8.074999997392297, 8.5 ] }, 
                "up":    { "texture": "#main", "uv": [ 8, 8, 8.074999997392297, 8.074999997392297 ] }, 
                "down":  { "texture": "#main", "uv": [ 8, 8, 8.074999997392297, 8.074999997392297 ] }
            }
        }, 
        {
            "name": "Cube", 
            "from": [ 6.800000011920929, 5.499999992549419, 14.899999983608723 ], 
            "to":   [ 7.100000001490116, 7.499999992549419, 15.19999997317791 ], 
            "rotation": { "origin": [8, 8, 10], "axis": "x", "angle": 22.5 }, 
            "faces": {
                "north": { "texture": "#main", "uv": [ 8, 8, 8.074999997392297, 8.5 ] }, 
                "east":  { "texture": "#main", "uv": [ 8, 8, 8.074999997392297, 8.5 ] }, 
                "south": { "texture": "#main", "uv": [ 8, 8, 8.074999997392297, 8.5 ] }, 
                "west":  { "texture": "#main", "uv": [ 8, 8, 8.074999997392297, 8.5 ] }, 
                "up":    { "texture": "#main", "uv": [ 8, 8, 8.074999997392297, 8.074999997392297 ] }, 
                "down":  { "texture": "#main", "uv": [ 8, 8, 8.074999997392297, 8.074999997392297 ] }
            }
        }, 
        {
            "name": "Cube", 
            "from": [ 9.800000011920929, 6.100000001490116, 14.199999988079071 ], 
            "to":   [ 10.100000001490116, 8.100000001490116, 14.499999977648258 ], 
            "rotation": { "origin": [8, 8, 8], "axis": "z", "angle": -22.5 }, 
            "faces": {
                "north": { "texture": "#main", "uv": [ 8, 8, 8.074999997392297, 8.5 ] }, 
                "east":  { "texture": "#main", "uv": [ 8, 8, 8.074999997392297, 8.5 ] }, 
                "south": { "texture": "#main", "uv": [ 8, 8, 8.074999997392297, 8.5 ] }, 
                "west":  { "texture": "#main", "uv": [ 8, 8, 8.074999997392297, 8.5 ] }, 
                "up":    { "texture": "#main", "uv": [ 8, 8, 8.074999997392297, 8.074999997392297 ] }, 
                "down":  { "texture": "#main", "uv": [ 8, 8, 8.074999997392297, 8.074999997392297 ] }
            }
        }, 
        {
            "name": "Cube", 
            "from": [ 5.800000011920929, 6.100000001490116, 14.199999988079071 ], 
            "to":   [ 6.100000001490116, 8.100000001490116, 14.499999977648258 ], 
            "rotation": { "origin": [8, 8, 8], "axis": "z", "angle": 22.5 }, 
            "faces": {
                "north": { "texture": "#main", "uv": [ 8, 8, 8.074999997392297, 8.5 ] }, 
                "east":  { "texture": "#main", "uv": [ 8, 8, 8.074999997392297, 8.5 ] }, 
                "south": { "texture": "#main", "uv": [ 8, 8, 8.074999997392297, 8.5 ] }, 
                "west":  { "texture": "#main", "uv": [ 8, 8, 8.074999997392297, 8.5 ] }, 
                "up":    { "texture": "#main", "uv": [ 8, 8, 8.074999997392297, 8.074999997392297 ] }, 
                "down":  { "texture": "#main", "uv": [ 8, 8, 8.074999997392297, 8.074999997392297 ] }
            }
        }, 
        {
            "name": "Cube", 
            "from": [ 6.000000014901161, 7, 5 ], 
            "to":   [ 10.000000014901161, 7.499999992549419, 10 ], 
            "faces": {
                "north": { "texture": "#main", "uv": [ 8, 8, 9, 8.124999998137355 ] }, 
                "east":  { "texture": "#main", "uv": [ 8, 8, 9.25, 8.124999998137355 ] }, 
                "south": { "texture": "#main", "uv": [ 8, 8, 9, 8.124999998137355 ] }, 
                "west":  { "texture": "#main", "uv": [ 8, 8, 9.25, 8.124999998137355 ] }, 
                "up":    { "texture": "#main", "uv": [ 8, 8, 9, 9.25 ] }, 
                "down":  { "texture": "#main", "uv": [ 12, 8, 13, 9.25 ] }
            }
        }, 
        {
            "name": "wing", 
            "from": [ 9, 7.499999992549419, 5.100000001490116 ], 
            "to":   [ 14, 8.49999999254942, 9.100000001490116 ], 
            "rotation": { "origin": [8, 8, 8], "axis": "z", "angle": -22.5 }, 
            "faces": {
                "north": { "texture": "#main", "uv": [ 12, 12, 13.25, 12.25 ] }, 
                "east":  { "texture": "#main", "uv": [ 12, 12, 13, 12.25 ] }, 
                "south": { "texture": "#main", "uv": [ 12, 12, 13.25, 12.25 ] }, 
                "west":  { "texture": "#main", "uv": [ 12, 12, 13, 12.25 ] }, 
                "up":    { "texture": "#main", "uv": [ 12, 12, 13.25, 13 ] }, 
                "down":  { "texture": "#main", "uv": [ 12, 12, 13.25, 13 ] }
            }
        }, 
        {
            "name": "wing", 
            "from": [ 2, 7.499999992549419, 5.100000001490116 ], 
            "to":   [ 7, 8.49999999254942, 9.100000001490116 ], 
            "rotation": { "origin": [8, 8, 8], "axis": "z", "angle": 22.5 }, 
            "faces": {
                "north": { "texture": "#main", "uv": [ 12, 12, 13.25, 12.25 ] }, 
                "east":  { "texture": "#main", "uv": [ 12, 12, 13, 12.25 ] }, 
                "south": { "texture": "#main", "uv": [ 12, 12, 13.25, 12.25 ] }, 
                "west":  { "texture": "#main", "uv": [ 12, 12, 13, 12.25 ] }, 
                "up":    { "texture": "#main", "uv": [ 12, 12, 13.25, 13 ] }, 
                "down":  { "texture": "#main", "uv": [ 12, 12, 13.25, 13 ] }
            }
        }, 
        {
            "name": "arm", 
            "from": [ 6.000000014901161, 2.5000000074505806, 12 ], 
            "to":   [ 6.500000007450581, 5, 12.49999999254942 ], 
            "rotation": { "origin": [8, 8, 8], "axis": "x", "angle": 22.5 }, 
            "faces": {
                "north": { "texture": "#main", "uv": [ 8, 8, 8.124999998137355, 8.624999998137355 ] }, 
                "east":  { "texture": "#main", "uv": [ 8, 8, 8.124999998137355, 8.624999998137355 ] }, 
                "south": { "texture": "#main", "uv": [ 8, 8, 8.124999998137355, 8.624999998137355 ] }, 
                "west":  { "texture": "#main", "uv": [ 8, 8, 8.124999998137355, 8.624999998137355 ] }, 
                "up":    { "texture": "#main", "uv": [ 8, 8, 8.124999998137355, 8.124999998137355 ] }, 
                "down":  { "texture": "#main", "uv": [ 12, 8, 12.124999998137355, 8.124999998137355 ] }
            }
        }, 
        {
            "name": "arm", 
            "from": [ 9.000000014901161, 2.5000000074505806, 12 ], 
            "to":   [ 9.50000000745058, 5, 12.49999999254942 ], 
            "rotation": { "origin": [8, 8, 8], "axis": "x", "angle": 22.5 }, 
            "faces": {
                "north": { "texture": "#main", "uv": [ 8, 8, 8.124999998137355, 8.624999998137355 ] }, 
                "east":  { "texture": "#main", "uv": [ 8, 8, 8.124999998137355, 8.624999998137355 ] }, 
                "south": { "texture": "#main", "uv": [ 8, 8, 8.124999998137355, 8.624999998137355 ] }, 
                "west":  { "texture": "#main", "uv": [ 8, 8, 8.124999998137355, 8.624999998137355 ] }, 
                "up":    { "texture": "#main", "uv": [ 8, 8, 8.124999998137355, 8.124999998137355 ] }, 
                "down":  { "texture": "#main", "uv": [ 12, 8, 12.124999998137355, 8.124999998137355 ] }
            }
        }, 
        {
            "name": "arm", 
            "from": [ 9.100000016391277, 3.5000000074505806, 13.599999994039536 ], 
            "to":   [ 9.400000005960464, 5, 14.099999986588955 ], 
            "rotation": { "origin": [8, 8, 8], "axis": "x", "angle": 45 }, 
            "faces": {
                "north": { "texture": "#main", "uv": [ 8, 8, 8.074999997392297, 8.374999998137355 ] }, 
                "east":  { "texture": "#main", "uv": [ 8, 8, 8.124999998137355, 8.374999998137355 ] }, 
                "south": { "texture": "#main", "uv": [ 8, 8, 8.074999997392297, 8.374999998137355 ] }, 
                "west":  { "texture": "#main", "uv": [ 8, 8, 8.124999998137355, 8.374999998137355 ] }, 
                "up":    { "texture": "#main", "uv": [ 8, 8, 8.074999997392297, 8.124999998137355 ] }, 
                "down":  { "texture": "#main", "uv": [ 12, 8, 12.074999997392297, 8.124999998137355 ] }
            }
        }, 
        {
            "name": "arm", 
            "from": [ 6.100000016391277, 3.5000000074505806, 13.599999994039536 ], 
            "to":   [ 6.4000000059604645, 5, 14.099999986588955 ], 
            "rotation": { "origin": [8, 8, 8], "axis": "x", "angle": 45 }, 
            "faces": {
                "north": { "texture": "#main", "uv": [ 8, 8, 8.074999997392297, 8.374999998137355 ] }, 
                "east":  { "texture": "#main", "uv": [ 8, 8, 8.124999998137355, 8.374999998137355 ] }, 
                "south": { "texture": "#main", "uv": [ 8, 8, 8.074999997392297, 8.374999998137355 ] }, 
                "west":  { "texture": "#main", "uv": [ 8, 8, 8.124999998137355, 8.374999998137355 ] }, 
                "up":    { "texture": "#main", "uv": [ 8, 8, 8.074999997392297, 8.124999998137355 ] }, 
                "down":  { "texture": "#main", "uv": [ 12, 8, 12.074999997392297, 8.124999998137355 ] }
            }
        }, 
        {
            "name": "Cube", 
            "from": [ 6.799999997019768, 7.899999998509884, -6 ], 
            "to":   [ 9.200000002980232, 10.099999986588955, -2 ], 
            "rotation": { "origin": [8, 8, 8], "axis": "x", "angle": -45 }, 
            "faces": {
                "north": { "texture": "#main", "uv": [ 8, 8, 8.600000001490116, 8.549999997019768 ] }, 
                "east":  { "texture": "#main", "uv": [ 8, 8, 9, 8.549999997019768 ] }, 
                "south": { "texture": "#main", "uv": [ 8, 8, 8.600000001490116, 8.549999997019768 ] }, 
                "west":  { "texture": "#main", "uv": [ 8, 8, 9, 8.549999997019768 ] }, 
                "up":    { "texture": "#main", "uv": [ 8, 8, 8.600000001490116, 9 ] }, 
                "down":  { "texture": "#main", "uv": [ 12, 8, 12.600000001490116, 9 ] }
            }
        }, 
        {
            "name": "Cube", 
            "from": [ 7.500000007450581, -4.499999992549419, -3 ], 
            "to":   [ 8.50000000745058, -0.4999999925494194, -2 ], 
            "faces": {
                "north": { "texture": "#main", "uv": [ 8, 8, 8.25, 9 ] }, 
                "east":  { "texture": "#main", "uv": [ 8, 8, 8.25, 9 ] }, 
                "south": { "texture": "#main", "uv": [ 8, 8, 8.25, 9 ] }, 
                "west":  { "texture": "#main", "uv": [ 8, 8, 8.25, 9 ] }, 
                "up":    { "texture": "#main", "uv": [ 8, 8, 8.25, 8.25 ] }, 
                "down":  { "texture": "#main", "uv": [ 12, 8, 12.25, 8.25 ] }
            }
        }
    ],
"display": {
    "head": {
        "rotation": [ 0, 180, 0 ],
        "translation": [ 0, -5, -1.13 ],
        "scale": [ 2.5, 2.5, 2.5 ]
    }
}
}