{
    "__comment": "Model animated using Fizzy's model animator - http://fizzy81.github.io/animated-models/", 
    "textures": {
        "main": "mob/sandskull"
    }, 
    "elements": [
        {
            "name": "head", 
            "from": [ 4.499999992549419, 14, 4.499999992549419 ], 
            "to":   [ 11.49999999254942, 21, 11.49999999254942 ], 
            "faces": {
                "north": { "texture": "#main", "uv": [ 0, 0, 4, 4 ] }, 
                "east":  { "texture": "#main", "uv": [ 0, 0, 4, 4 ] }, 
                "south": { "texture": "#main", "uv": [ 0, 0, 4, 4 ] }, 
                "west":  { "texture": "#main", "uv": [ 0, 0, 4, 4 ] }, 
                "up":    { "texture": "#main", "uv": [ 4, 0, 8, 4 ] }, 
                "down":  { "texture": "#main", "uv": [ 4, 0, 8, 4 ] }
            }
        }, 
        {
            "name": "body", 
            "from": [ 3.4999999925494194, 4, 7 ], 
            "to":   [ 12.49999999254942, 14, 9 ], 
            "faces": {
                "north": { "texture": "#main", "uv": [ 0, 4, 2.25, 6.5 ] }, 
                "east":  { "texture": "#main", "uv": [ 0, 4, 0.5, 6.5 ] }, 
                "south": { "texture": "#main", "uv": [ 0, 4, 2.25, 6.5 ] }, 
                "west":  { "texture": "#main", "uv": [ 0, 4, 0.5, 6.5 ] }, 
                "up":    { "texture": "#main", "uv": [ 0, 4, 2.25, 4.5 ] }, 
                "down":  { "texture": "#main", "uv": [ 0, 4, 2.25, 4.5 ] }
            }
        }, 
        {
            "name": "arm1", 
            "from": [ 2, 11, 8 ], 
            "to":   [ 3, 17, 9 ], 
            "rotation": { "origin": [8, 8, 8], "axis": "z", "angle": 45 }, 
            "faces": {
                "north": { "texture": "#main", "uv": [ 4, 4, 4.25, 5.5 ] }, 
                "east":  { "texture": "#main", "uv": [ 4, 4, 4.25, 5.5 ] }, 
                "south": { "texture": "#main", "uv": [ 4, 4, 4.25, 5.5 ] }, 
                "west":  { "texture": "#main", "uv": [ 4, 4, 4.25, 5.5 ] }, 
                "up":    { "texture": "#main", "uv": [ 4, 4, 4.25, 4.25 ] }, 
                "down":  { "texture": "#main", "uv": [ 4, 4, 4.25, 4.25 ] }
            }
        }, 
        {
            "name": "arm2", 
            "from": [ 2, 11, 8 ], 
            "to":   [ 3, 17, 9 ], 
            "rotation": { "origin": [8, 8, 8], "axis": "z", "angle": 22.5 }, 
            "faces": {
                "north": { "texture": "#main", "uv": [ 4, 4, 4.25, 5.5 ] }, 
                "east":  { "texture": "#main", "uv": [ 4, 4, 4.25, 5.5 ] }, 
                "south": { "texture": "#main", "uv": [ 4, 4, 4.25, 5.5 ] }, 
                "west":  { "texture": "#main", "uv": [ 4, 4, 4.25, 5.5 ] }, 
                "up":    { "texture": "#main", "uv": [ 4, 4, 4.25, 4.25 ] }, 
                "down":  { "texture": "#main", "uv": [ 4, 4, 4.25, 4.25 ] }
            }
        }, 
        {
            "name": "arm3", 
            "from": [ 2, 11, 8 ], 
            "to":   [ 3, 17, 9 ], 
            "faces": {
                "north": { "texture": "#main", "uv": [ 4, 4, 4.25, 5.5 ] }, 
                "east":  { "texture": "#main", "uv": [ 4, 4, 4.25, 5.5 ] }, 
                "south": { "texture": "#main", "uv": [ 4, 4, 4.25, 5.5 ] }, 
                "west":  { "texture": "#main", "uv": [ 4, 4, 4.25, 5.5 ] }, 
                "up":    { "texture": "#main", "uv": [ 4, 4, 4.25, 4.25 ] }, 
                "down":  { "texture": "#main", "uv": [ 4, 4, 4.25, 4.25 ] }
            }
        }, 
        {
            "name": "arm1", 
            "from": [ 13, 10, 8 ], 
            "to":   [ 14, 16, 9 ], 
            "rotation": { "origin": [8, 8, 8], "axis": "z", "angle": -45 }, 
            "faces": {
                "north": { "texture": "#main", "uv": [ 4, 4, 4.25, 5.5 ] }, 
                "east":  { "texture": "#main", "uv": [ 4, 4, 4.25, 5.5 ] }, 
                "south": { "texture": "#main", "uv": [ 4, 4, 4.25, 5.5 ] }, 
                "west":  { "texture": "#main", "uv": [ 4, 4, 4.25, 5.5 ] }, 
                "up":    { "texture": "#main", "uv": [ 4, 4, 4.25, 4.25 ] }, 
                "down":  { "texture": "#main", "uv": [ 4, 4, 4.25, 4.25 ] }
            }
        }, 
        {
            "name": "arm2", 
            "from": [ 13, 11, 8 ], 
            "to":   [ 14, 17, 9 ], 
            "rotation": { "origin": [8, 8, 8], "axis": "z", "angle": -22.5 }, 
            "faces": {
                "north": { "texture": "#main", "uv": [ 4, 4, 4.25, 5.5 ] }, 
                "east":  { "texture": "#main", "uv": [ 4, 4, 4.25, 5.5 ] }, 
                "south": { "texture": "#main", "uv": [ 4, 4, 4.25, 5.5 ] }, 
                "west":  { "texture": "#main", "uv": [ 4, 4, 4.25, 5.5 ] }, 
                "up":    { "texture": "#main", "uv": [ 4, 4, 4.25, 4.25 ] }, 
                "down":  { "texture": "#main", "uv": [ 4, 4, 4.25, 4.25 ] }
            }
        }, 
        {
            "name": "arm3", 
            "from": [ 13, 11, 8 ], 
            "to":   [ 14, 17, 9 ], 
            "faces": {
                "north": { "texture": "#main", "uv": [ 4, 4, 4.25, 5.5 ] }, 
                "east":  { "texture": "#main", "uv": [ 4, 4, 4.25, 5.5 ] }, 
                "south": { "texture": "#main", "uv": [ 4, 4, 4.25, 5.5 ] }, 
                "west":  { "texture": "#main", "uv": [ 4, 4, 4.25, 5.5 ] }, 
                "up":    { "texture": "#main", "uv": [ 4, 4, 4.25, 4.25 ] }, 
                "down":  { "texture": "#main", "uv": [ 4, 4, 4.25, 4.25 ] }
            }
        }, 
        {
            "name": "head", 
            "from": [ 4.499999992549419, 14, 4.499999992549419 ], 
            "to":   [ 11.49999999254942, 21, 11.49999999254942 ], 
            "faces": {
                "north": { "texture": "#main", "uv": [ 8, 0, 12, 4 ] }, 
                "east":  { "texture": "#main", "uv": [ 8, 0, 12, 4 ] }, 
                "south": { "texture": "#main", "uv": [ 8, 0, 12, 4 ] }, 
                "west":  { "texture": "#main", "uv": [ 8, 0, 12, 4 ] }, 
                "up":    { "texture": "#main", "uv": [ 12, 0, 16, 4 ] }, 
                "down":  { "texture": "#main", "uv": [ 12, 0, 16, 4 ] }
            }
        }, 
        {
            "name": "body", 
            "from": [ 3.4999999925494194, 4, 7 ], 
            "to":   [ 12.49999999254942, 14, 9 ], 
            "faces": {
                "north": { "texture": "#main", "uv": [ 8, 4, 10.25, 6.5 ] }, 
                "east":  { "texture": "#main", "uv": [ 8, 4, 8.5, 6.5 ] }, 
                "south": { "texture": "#main", "uv": [ 8, 4, 10.25, 6.5 ] }, 
                "west":  { "texture": "#main", "uv": [ 8, 4, 8.5, 6.5 ] }, 
                "up":    { "texture": "#main", "uv": [ 8, 4, 10.25, 4.5 ] }, 
                "down":  { "texture": "#main", "uv": [ 8, 4, 10.25, 4.5 ] }
            }
        }, 
        {
            "name": "arm2", 
            "from": [ 2, 11, 8 ], 
            "to":   [ 3, 17, 9 ], 
            "rotation": { "origin": [8, 8, 8], "axis": "z", "angle": 22.5 }, 
            "faces": {
                "north": { "texture": "#main", "uv": [ 12, 4, 12.25, 5.5 ] }, 
                "east":  { "texture": "#main", "uv": [ 12, 4, 12.25, 5.5 ] }, 
                "south": { "texture": "#main", "uv": [ 12, 4, 12.25, 5.5 ] }, 
                "west":  { "texture": "#main", "uv": [ 12, 4, 12.25, 5.5 ] }, 
                "up":    { "texture": "#main", "uv": [ 12, 4, 12.25, 4.25 ] }, 
                "down":  { "texture": "#main", "uv": [ 12, 4, 12.25, 4.25 ] }
            }
        }, 
        {
            "name": "arm3", 
            "from": [ 2, 11, 8 ], 
            "to":   [ 3, 17, 9 ], 
            "faces": {
                "north": { "texture": "#main", "uv": [ 12, 4, 12.25, 5.5 ] }, 
                "east":  { "texture": "#main", "uv": [ 12, 4, 12.25, 5.5 ] }, 
                "south": { "texture": "#main", "uv": [ 12, 4, 12.25, 5.5 ] }, 
                "west":  { "texture": "#main", "uv": [ 12, 4, 12.25, 5.5 ] }, 
                "up":    { "texture": "#main", "uv": [ 12, 4, 12.25, 4.25 ] }, 
                "down":  { "texture": "#main", "uv": [ 12, 4, 12.25, 4.25 ] }
            }
        }, 
        {
            "name": "arm2", 
            "from": [ 13, 11, 8 ], 
            "to":   [ 14, 17, 9 ], 
            "rotation": { "origin": [8, 8, 8], "axis": "z", "angle": -22.5 }, 
            "faces": {
                "north": { "texture": "#main", "uv": [ 12, 4, 12.25, 5.5 ] }, 
                "east":  { "texture": "#main", "uv": [ 12, 4, 12.25, 5.5 ] }, 
                "south": { "texture": "#main", "uv": [ 12, 4, 12.25, 5.5 ] }, 
                "west":  { "texture": "#main", "uv": [ 12, 4, 12.25, 5.5 ] }, 
                "up":    { "texture": "#main", "uv": [ 12, 4, 12.25, 4.25 ] }, 
                "down":  { "texture": "#main", "uv": [ 12, 4, 12.25, 4.25 ] }
            }
        }, 
        {
            "name": "arm3", 
            "from": [ 13, 11, 8 ], 
            "to":   [ 14, 17, 9 ], 
            "faces": {
                "north": { "texture": "#main", "uv": [ 12, 4, 12.25, 5.5 ] }, 
                "east":  { "texture": "#main", "uv": [ 12, 4, 12.25, 5.5 ] }, 
                "south": { "texture": "#main", "uv": [ 12, 4, 12.25, 5.5 ] }, 
                "west":  { "texture": "#main", "uv": [ 12, 4, 12.25, 5.5 ] }, 
                "up":    { "texture": "#main", "uv": [ 12, 4, 12.25, 4.25 ] }, 
                "down":  { "texture": "#main", "uv": [ 12, 4, 12.25, 4.25 ] }
            }
        }, 
        {
            "name": "head", 
            "from": [ 4.499999992549419, 14, 4.499999992549419 ], 
            "to":   [ 11.49999999254942, 21, 11.49999999254942 ], 
            "faces": {
                "north": { "texture": "#main", "uv": [ 0, 8, 4, 12 ] }, 
                "east":  { "texture": "#main", "uv": [ 0, 8, 4, 12 ] }, 
                "south": { "texture": "#main", "uv": [ 0, 8, 4, 12 ] }, 
                "west":  { "texture": "#main", "uv": [ 0, 8, 4, 12 ] }, 
                "up":    { "texture": "#main", "uv": [ 4, 8, 8, 12 ] }, 
                "down":  { "texture": "#main", "uv": [ 4, 8, 8, 12 ] }
            }
        }, 
        {
            "name": "body", 
            "from": [ 3.4999999925494194, 4, 7 ], 
            "to":   [ 12.49999999254942, 14, 9 ], 
            "faces": {
                "north": { "texture": "#main", "uv": [ 0, 12, 2.25, 14.5 ] }, 
                "east":  { "texture": "#main", "uv": [ 0, 12, 0.5, 14.5 ] }, 
                "south": { "texture": "#main", "uv": [ 0, 12, 2.25, 14.5 ] }, 
                "west":  { "texture": "#main", "uv": [ 0, 12, 0.5, 14.5 ] }, 
                "up":    { "texture": "#main", "uv": [ 0, 12, 2.25, 12.5 ] }, 
                "down":  { "texture": "#main", "uv": [ 0, 12, 2.25, 12.5 ] }
            }
        }, 
        {
            "name": "arm3", 
            "from": [ 2, 11, 8 ], 
            "to":   [ 3, 17, 9 ], 
            "faces": {
                "north": { "texture": "#main", "uv": [ 4, 12, 4.25, 13.5 ] }, 
                "east":  { "texture": "#main", "uv": [ 4, 12, 4.25, 13.5 ] }, 
                "south": { "texture": "#main", "uv": [ 4, 12, 4.25, 13.5 ] }, 
                "west":  { "texture": "#main", "uv": [ 4, 12, 4.25, 13.5 ] }, 
                "up":    { "texture": "#main", "uv": [ 4, 12, 4.25, 12.25 ] }, 
                "down":  { "texture": "#main", "uv": [ 4, 12, 4.25, 12.25 ] }
            }
        }, 
        {
            "name": "arm3", 
            "from": [ 13, 11, 8 ], 
            "to":   [ 14, 17, 9 ], 
            "faces": {
                "north": { "texture": "#main", "uv": [ 4, 12, 4.25, 13.5 ] }, 
                "east":  { "texture": "#main", "uv": [ 4, 12, 4.25, 13.5 ] }, 
                "south": { "texture": "#main", "uv": [ 4, 12, 4.25, 13.5 ] }, 
                "west":  { "texture": "#main", "uv": [ 4, 12, 4.25, 13.5 ] }, 
                "up":    { "texture": "#main", "uv": [ 4, 12, 4.25, 12.25 ] }, 
                "down":  { "texture": "#main", "uv": [ 4, 12, 4.25, 12.25 ] }
            }
        }, 
        {
            "name": "head", 
            "from": [ 4.499999992549419, 14, 4.499999992549419 ], 
            "to":   [ 11.49999999254942, 21, 11.49999999254942 ], 
            "faces": {
                "north": { "texture": "#main", "uv": [ 8, 8, 12, 12 ] }, 
                "east":  { "texture": "#main", "uv": [ 8, 8, 12, 12 ] }, 
                "south": { "texture": "#main", "uv": [ 8, 8, 12, 12 ] }, 
                "west":  { "texture": "#main", "uv": [ 8, 8, 12, 12 ] }, 
                "up":    { "texture": "#main", "uv": [ 12, 8, 16, 12 ] }, 
                "down":  { "texture": "#main", "uv": [ 12, 8, 16, 12 ] }
            }
        }, 
        {
            "name": "body", 
            "from": [ 3.4999999925494194, 4, 7 ], 
            "to":   [ 12.49999999254942, 14, 9 ], 
            "faces": {
                "north": { "texture": "#main", "uv": [ 8, 12, 10.25, 14.5 ] }, 
                "east":  { "texture": "#main", "uv": [ 8, 12, 8.5, 14.5 ] }, 
                "south": { "texture": "#main", "uv": [ 8, 12, 10.25, 14.5 ] }, 
                "west":  { "texture": "#main", "uv": [ 8, 12, 8.5, 14.5 ] }, 
                "up":    { "texture": "#main", "uv": [ 8, 12, 10.25, 12.5 ] }, 
                "down":  { "texture": "#main", "uv": [ 8, 12, 10.25, 12.5 ] }
            }
        }
    ],
"display": {
    "head": {
        "rotation": [ 0, 180, 0 ],
        "translation": [ 0, -19, 0 ],
        "scale": [ 2, 2, 2 ]
    }
}
}