{
"__comment": "Designed by Itszender with BDcraft Cubik PRO 0.96 Beta - http://bdcraft.net",
"textures": {
    "texture": "mob/fur",
    "yetiskin": "mob/yetiskin",
    "red": "mob/red",
    "black": "mob/black",
    "bone": "mob/bone"
},
"elements": [ 
{
    "from": [ 5, -2.5, 4.5 ],
    "to": [ 9.5, -1, 7.5 ],
    "faces": {
        "down":  { "uv": [ 5, 4.25, 9.5, 7.25 ], "texture": "#yetiskin" },
        "up":    { "uv": [ 5, 4.25, 9.5, 7.25 ], "texture": "#yetiskin" },
        "north": { "uv": [ 5, 14, 9.5, 16 ], "texture": "#yetiskin" },
        "south": { "uv": [ 5, 14, 9.5, 16 ], "texture": "#yetiskin" },
        "west":  { "uv": [ 4.25, 14, 7.25, 16 ], "texture": "#yetiskin" },
        "east":  { "uv": [ 4.25, 14, 7.25, 16 ], "texture": "#yetiskin" }
    }
},
{
    "from": [ 5, -2.5, 8.5 ],
    "to": [ 9.5, -1, 11.5 ],
    "faces": {
        "down":  { "uv": [ 5, 8.75, 9.5, 11.75 ], "texture": "#yetiskin" },
        "up":    { "uv": [ 5, 8.75, 9.5, 11.75 ], "texture": "#yetiskin" },
        "north": { "uv": [ 5, 14, 9.5, 16 ], "texture": "#yetiskin" },
        "south": { "uv": [ 5, 14, 9.5, 16 ], "texture": "#yetiskin" },
        "west":  { "uv": [ 8.75, 14, 11.75, 16 ], "texture": "#yetiskin" },
        "east":  { "uv": [ 8.75, 14, 11.75, 16 ], "texture": "#yetiskin" }
    }
},
{
    "from": [ 6.5, -1.5, 4.25 ],
    "to": [ 10, 6.5, 7.75 ],
    "faces": {
        "down":  { "uv": [ 6.5, 4, 10, 7.5 ], "texture": "#texture" },
        "up":    { "uv": [ 6.5, 4, 10, 7.5 ], "texture": "#texture" },
        "north": { "uv": [ 6.5, 7.5, 10, 14.5 ], "texture": "#texture" },
        "south": { "uv": [ 6.5, 7.5, 10, 14.5 ], "texture": "#texture" },
        "west":  { "uv": [ 4, 7.5, 7.5, 14.5 ], "texture": "#texture" },
        "east":  { "uv": [ 4, 7.5, 7.5, 14.5 ], "texture": "#texture" }
    }
},
{
    "from": [ 6.5, -1.5, 8.25 ],
    "to": [ 10, 6.5, 11.75 ],
    "faces": {
        "down":  { "uv": [ 6.5, 8.5, 10, 12 ], "texture": "#texture" },
        "up":    { "uv": [ 6.5, 8.5, 10, 12 ], "texture": "#texture" },
        "north": { "uv": [ 6.5, 7.5, 10, 14.5 ], "texture": "#texture" },
        "south": { "uv": [ 6.5, 7.5, 10, 14.5 ], "texture": "#texture" },
        "west":  { "uv": [ 8.5, 7.5, 12, 14.5 ], "texture": "#texture" },
        "east":  { "uv": [ 8.5, 7.5, 12, 14.5 ], "texture": "#texture" }
    }
},
{
    "from": [ 6.25, 6.5, 3.75 ],
    "to": [ 10.25, 12, 12.25 ],
    "faces": {
        "down":  { "uv": [ 6.25, 4, 10.25, 12 ], "texture": "#texture" },
        "up":    { "uv": [ 6.25, 4, 10.25, 12 ], "texture": "#texture" },
        "north": { "uv": [ 6.25, 2.5, 10.25, 7.5 ], "texture": "#texture" },
        "south": { "uv": [ 6.25, 2.5, 10.25, 7.5 ], "texture": "#texture" },
        "west":  { "uv": [ 4, 2.5, 12, 7.5 ], "texture": "#texture" },
        "east":  { "uv": [ 4, 2.5, 12, 7.5 ], "texture": "#texture" }
    }
},
{
    "from": [ 6, 12, 3.5 ],
    "to": [ 10.5, 16, 12.5 ],
    "faces": {
        "down":  { "uv": [ 5.75, 3.5, 10.75, 12.5 ], "texture": "#texture" },
        "up":    { "uv": [ 5.75, 3.5, 10.75, 12.5 ], "texture": "#texture" },
        "north": { "uv": [ 5.75, 0, 10.75, 5 ], "texture": "#texture" },
        "south": { "uv": [ 5.75, 0, 10.75, 5 ], "texture": "#texture" },
        "west":  { "uv": [ 3.5, 0, 12.5, 5 ], "texture": "#texture" },
        "east":  { "uv": [ 3.5, 0, 12.5, 5 ], "texture": "#texture" }
    }
},
{
    "from": [ 6.5, 11, 0.5 ],
    "to": [ 9.5, 15.5, 3.5 ],
    "faces": {
        "down":  { "uv": [ 7, 0.5, 10, 3.5 ], "texture": "#texture" },
        "up":    { "uv": [ 7, 0.5, 10, 3.5 ], "texture": "#texture" },
        "north": { "uv": [ 7, 0, 10, 5 ], "texture": "#texture" },
        "south": { "uv": [ 7, 0, 10, 5 ], "texture": "#texture" },
        "west":  { "uv": [ 0.5, 0, 3.5, 5 ], "texture": "#texture" },
        "east":  { "uv": [ 0.5, 0, 3.5, 5 ], "texture": "#texture" }
    }
},
{
    "from": [ 6.75, 7, 0.75 ],
    "to": [ 9.25, 12, 3.25 ],
    "rotation": { "origin": [ 6.75, 12, 0.75 ], "axis": "z", "angle": -22.5 },
    "faces": {
        "down":  { "uv": [ 7.4375, 0.75, 9.9375, 3.25 ], "texture": "#texture" },
        "up":    { "uv": [ 7.4375, 0.75, 9.9375, 3.25 ], "texture": "#texture" },
        "north": { "uv": [ 7.4375, 2, 9.9375, 7 ], "texture": "#texture" },
        "south": { "uv": [ 7.4375, 2, 9.9375, 7 ], "texture": "#texture" },
        "west":  { "uv": [ 0.75, 2, 3.25, 7 ], "texture": "#texture" },
        "east":  { "uv": [ 0.75, 2, 3.25, 7 ], "texture": "#texture" }
    }
},
{
    "from": [ 5.3125, 6.0625, 13 ],
    "to": [ 7.3125, 7.5625, 15 ],
    "rotation": { "origin": [ 5.3125, 7.5625, 13 ], "axis": "z", "angle": -22.5 },
    "faces": {
        "down":  { "uv": [ 5.875, 13, 7.875, 15 ], "texture": "#yetiskin" },
        "up":    { "uv": [ 5.875, 13, 7.875, 15 ], "texture": "#yetiskin" },
        "north": { "uv": [ 5.875, 6.4375, 7.875, 7.9375 ], "texture": "#yetiskin" },
        "south": { "uv": [ 5.875, 6.4375, 7.875, 7.9375 ], "texture": "#yetiskin" },
        "west":  { "uv": [ 13, 6.4375, 15, 7.9375 ], "texture": "#yetiskin" },
        "east":  { "uv": [ 13, 6.4375, 15, 7.9375 ], "texture": "#yetiskin" }
    }
},
{
    "from": [ 6.5, 11, 12.5 ],
    "to": [ 9.5, 15.5, 15.5 ],
    "faces": {
        "down":  { "uv": [ 7, 12.5, 10, 15.5 ], "texture": "#texture" },
        "up":    { "uv": [ 7, 12.5, 10, 15.5 ], "texture": "#texture" },
        "north": { "uv": [ 7, 0, 10, 5 ], "texture": "#texture" },
        "south": { "uv": [ 7, 0, 10, 5 ], "texture": "#texture" },
        "west":  { "uv": [ 12.5, 0, 15.5, 5 ], "texture": "#texture" },
        "east":  { "uv": [ 12.5, 0, 15.5, 5 ], "texture": "#texture" }
    }
},
{
    "from": [ 6.9375, 7.125, 12.75 ],
    "to": [ 9.4375, 12.125, 15.25 ],
    "rotation": { "origin": [ 6.9375, 12.125, 12.75 ], "axis": "z", "angle": -22.5 },
    "faces": {
        "down":  { "uv": [ 7.5, 12.75, 10, 15.25 ], "texture": "#texture" },
        "up":    { "uv": [ 7.5, 12.75, 10, 15.25 ], "texture": "#texture" },
        "north": { "uv": [ 7.5, 1.875, 10, 6.875 ], "texture": "#texture" },
        "south": { "uv": [ 7.5, 1.875, 10, 6.875 ], "texture": "#texture" },
        "west":  { "uv": [ 12.75, 1.875, 15.25, 6.875 ], "texture": "#texture" },
        "east":  { "uv": [ 12.75, 1.875, 15.25, 6.875 ], "texture": "#texture" }
    }
},
{
    "from": [ 5.3125, 6.125, 1 ],
    "to": [ 7.3125, 7.625, 3 ],
    "rotation": { "origin": [ 5.3125, 7.625, 1 ], "axis": "z", "angle": -22.5 },
    "faces": {
        "down":  { "uv": [ 5.875, 1, 7.875, 3 ], "texture": "#yetiskin" },
        "up":    { "uv": [ 5.875, 1, 7.875, 3 ], "texture": "#yetiskin" },
        "north": { "uv": [ 5.875, 6.375, 7.875, 7.875 ], "texture": "#yetiskin" },
        "south": { "uv": [ 5.875, 6.375, 7.875, 7.875 ], "texture": "#yetiskin" },
        "west":  { "uv": [ 1, 6.375, 3, 7.875 ], "texture": "#yetiskin" },
        "east":  { "uv": [ 1, 6.375, 3, 7.875 ], "texture": "#yetiskin" }
    }
},
{
    "from": [ 5.5, 17, 5.5 ],
    "to": [ 9, 20, 10.5 ],
    "faces": {
        "down":  { "uv": [ 6.5, 5.5, 10, 10.5 ], "texture": "#texture" },
        "up":    { "uv": [ 6.5, 5.5, 10, 10.5 ], "texture": "#texture" },
        "north": { "uv": [ 6.5, 0, 10, 3 ], "texture": "#texture" },
        "south": { "uv": [ 6.5, 0, 10, 3 ], "texture": "#texture" },
        "west":  { "uv": [ 5.5, 0, 10.5, 3 ], "texture": "#texture" },
        "east":  { "uv": [ 5.5, 0, 10.5, 3 ], "texture": "#texture" }
    }
},
{
    "from": [ 4.5, 17, 5.5 ],
    "to": [ 5.5, 20, 6 ],
    "faces": {
        "down":  { "uv": [ 5.5, 5.5, 6.5, 6 ], "texture": "#texture" },
        "up":    { "uv": [ 5.5, 5.5, 6.5, 6 ], "texture": "#texture" },
        "north": { "uv": [ 5.5, 0, 6.5, 3 ], "texture": "#texture" },
        "south": { "uv": [ 5.5, 0, 6.5, 3 ], "texture": "#texture" },
        "west":  { "uv": [ 5.5, 0, 6, 3 ], "texture": "#texture" },
        "east":  { "uv": [ 5.5, 0, 6, 3 ], "texture": "#texture" }
    }
},
{
    "from": [ 4.5, 20, 6 ],
    "to": [ 5.5, 20.5, 10 ],
    "faces": {
        "down":  { "uv": [ 5.5, 6, 6.5, 10 ], "texture": "#texture" },
        "up":    { "uv": [ 5.5, 6, 6.5, 10 ], "texture": "#texture" },
        "north": { "uv": [ 5.5, 0, 6.5, 0.5 ], "texture": "#texture" },
        "south": { "uv": [ 5.5, 0, 6.5, 0.5 ], "texture": "#texture" },
        "west":  { "uv": [ 6, 0, 10, 0.5 ], "texture": "#texture" },
        "east":  { "uv": [ 6, 0, 10, 0.5 ], "texture": "#texture" }
    }
},
{
    "from": [ 4.5, 17, 10 ],
    "to": [ 5.5, 20, 10.5 ],
    "faces": {
        "down":  { "uv": [ 5.5, 10, 6.5, 10.5 ], "texture": "#texture" },
        "up":    { "uv": [ 5.5, 10, 6.5, 10.5 ], "texture": "#texture" },
        "north": { "uv": [ 5.5, 0, 6.5, 3 ], "texture": "#texture" },
        "south": { "uv": [ 5.5, 0, 6.5, 3 ], "texture": "#texture" },
        "west":  { "uv": [ 10, 0, 10.5, 3 ], "texture": "#texture" },
        "east":  { "uv": [ 10, 0, 10.5, 3 ], "texture": "#texture" }
    }
},
{
    "from": [ 4.5, 15, 9.5 ],
    "to": [ 5.5, 17, 10 ],
    "faces": {
        "down":  { "uv": [ 5.5, 9.5, 6.5, 10 ], "texture": "#texture" },
        "up":    { "uv": [ 5.5, 9.5, 6.5, 10 ], "texture": "#texture" },
        "north": { "uv": [ 5.5, 0, 6.5, 2 ], "texture": "#texture" },
        "south": { "uv": [ 5.5, 0, 6.5, 2 ], "texture": "#texture" },
        "west":  { "uv": [ 9.5, 0, 10, 2 ], "texture": "#texture" },
        "east":  { "uv": [ 9.5, 0, 10, 2 ], "texture": "#texture" }
    }
},
{
    "from": [ 4.5, 15, 6 ],
    "to": [ 5.5, 17, 6.5 ],
    "faces": {
        "down":  { "uv": [ 5.5, 6, 6.5, 6.5 ], "texture": "#texture" },
        "up":    { "uv": [ 5.5, 6, 6.5, 6.5 ], "texture": "#texture" },
        "north": { "uv": [ 5.5, 0, 6.5, 2 ], "texture": "#texture" },
        "south": { "uv": [ 5.5, 0, 6.5, 2 ], "texture": "#texture" },
        "west":  { "uv": [ 6, 0, 6.5, 2 ], "texture": "#texture" },
        "east":  { "uv": [ 6, 0, 6.5, 2 ], "texture": "#texture" }
    }
},
{
    "from": [ 4.5, 15, 6.5 ],
    "to": [ 5.5, 15.5, 9.5 ],
    "faces": {
        "down":  { "uv": [ 5.5, 6.5, 6.5, 9.5 ], "texture": "#texture" },
        "up":    { "uv": [ 5.5, 6.5, 6.5, 9.5 ], "texture": "#texture" },
        "north": { "uv": [ 5.5, 0, 6.5, 0.5 ], "texture": "#texture" },
        "south": { "uv": [ 5.5, 0, 6.5, 0.5 ], "texture": "#texture" },
        "west":  { "uv": [ 6.5, 0, 9.5, 0.5 ], "texture": "#texture" },
        "east":  { "uv": [ 6.5, 0, 9.5, 0.5 ], "texture": "#texture" }
    }
},
{
    "from": [ 5, 18.5, 6 ],
    "to": [ 6, 20, 10 ],
    "faces": {
        "down":  { "uv": [ 6, 6, 7, 10 ], "texture": "#yetiskin" },
        "up":    { "uv": [ 6, 6, 7, 10 ], "texture": "#yetiskin" },
        "north": { "uv": [ 6, 0, 7, 1.5 ], "texture": "#yetiskin" },
        "south": { "uv": [ 6, 0, 7, 1.5 ], "texture": "#yetiskin" },
        "west":  { "uv": [ 6, 0, 10, 1.5 ], "texture": "#yetiskin" },
        "east":  { "uv": [ 6, 0, 10, 1.5 ], "texture": "#yetiskin" }
    }
},
{
    "from": [ 5, 18, 5.75 ],
    "to": [ 6, 18.5, 6.25 ],
    "faces": {
        "down":  { "uv": [ 6, 5.75, 7, 6.25 ], "texture": "#yetiskin" },
        "up":    { "uv": [ 6, 5.75, 7, 6.25 ], "texture": "#yetiskin" },
        "north": { "uv": [ 6, 0, 7, 0.5 ], "texture": "#yetiskin" },
        "south": { "uv": [ 6, 0, 7, 0.5 ], "texture": "#yetiskin" },
        "west":  { "uv": [ 5.75, 0, 6.25, 0.5 ], "texture": "#yetiskin" },
        "east":  { "uv": [ 5.75, 0, 6.25, 0.5 ], "texture": "#yetiskin" }
    }
},
{
    "from": [ 5, 18, 9.75 ],
    "to": [ 6, 18.5, 10.25 ],
    "faces": {
        "down":  { "uv": [ 6, 9.75, 7, 10.25 ], "texture": "#yetiskin" },
        "up":    { "uv": [ 6, 9.75, 7, 10.25 ], "texture": "#yetiskin" },
        "north": { "uv": [ 6, 0, 7, 0.5 ], "texture": "#yetiskin" },
        "south": { "uv": [ 6, 0, 7, 0.5 ], "texture": "#yetiskin" },
        "west":  { "uv": [ 9.75, 0, 10.25, 0.5 ], "texture": "#yetiskin" },
        "east":  { "uv": [ 9.75, 0, 10.25, 0.5 ], "texture": "#yetiskin" }
    }
},
{
    "from": [ 5, 18, 7.5 ],
    "to": [ 6, 18.5, 8.5 ],
    "faces": {
        "down":  { "uv": [ 6, 7.5, 7, 8.5 ], "texture": "#yetiskin" },
        "up":    { "uv": [ 6, 7.5, 7, 8.5 ], "texture": "#yetiskin" },
        "north": { "uv": [ 6, 0, 7, 0.5 ], "texture": "#yetiskin" },
        "south": { "uv": [ 6, 0, 7, 0.5 ], "texture": "#yetiskin" },
        "west":  { "uv": [ 7.5, 0, 8.5, 0.5 ], "texture": "#yetiskin" },
        "east":  { "uv": [ 7.5, 0, 8.5, 0.5 ], "texture": "#yetiskin" }
    }
},
{
    "from": [ 5, 17, 6 ],
    "to": [ 6, 18, 10 ],
    "faces": {
        "down":  { "uv": [ 6, 6, 7, 10 ], "texture": "#yetiskin" },
        "up":    { "uv": [ 6, 6, 7, 10 ], "texture": "#yetiskin" },
        "north": { "uv": [ 6, 0, 7, 1 ], "texture": "#yetiskin" },
        "south": { "uv": [ 6, 0, 7, 1 ], "texture": "#yetiskin" },
        "west":  { "uv": [ 6, 0, 10, 1 ], "texture": "#yetiskin" },
        "east":  { "uv": [ 6, 0, 10, 1 ], "texture": "#yetiskin" }
    }
},
{
    "from": [ 5, 16, 6 ],
    "to": [ 6, 17, 7 ],
    "faces": {
        "down":  { "uv": [ 6, 6, 7, 7 ], "texture": "#yetiskin" },
        "up":    { "uv": [ 6, 6, 7, 7 ], "texture": "#yetiskin" },
        "north": { "uv": [ 6, 0, 7, 1 ], "texture": "#yetiskin" },
        "south": { "uv": [ 6, 0, 7, 1 ], "texture": "#yetiskin" },
        "west":  { "uv": [ 6, 0, 7, 1 ], "texture": "#yetiskin" },
        "east":  { "uv": [ 6, 0, 7, 1 ], "texture": "#yetiskin" }
    }
},
{
    "from": [ 5, 16, 9 ],
    "to": [ 6, 17, 10 ],
    "faces": {
        "down":  { "uv": [ 6, 9, 7, 10 ], "texture": "#yetiskin" },
        "up":    { "uv": [ 6, 9, 7, 10 ], "texture": "#yetiskin" },
        "north": { "uv": [ 6, 0, 7, 1 ], "texture": "#yetiskin" },
        "south": { "uv": [ 6, 0, 7, 1 ], "texture": "#yetiskin" },
        "west":  { "uv": [ 9, 0, 10, 1 ], "texture": "#yetiskin" },
        "east":  { "uv": [ 9, 0, 10, 1 ], "texture": "#yetiskin" }
    }
},
{
    "from": [ 5, 15.5, 6.5 ],
    "to": [ 6, 16, 9.5 ],
    "faces": {
        "down":  { "uv": [ 6, 6.5, 7, 9.5 ], "texture": "#yetiskin" },
        "up":    { "uv": [ 6, 6.5, 7, 9.5 ], "texture": "#yetiskin" },
        "north": { "uv": [ 6, 0, 7, 0.5 ], "texture": "#yetiskin" },
        "south": { "uv": [ 6, 0, 7, 0.5 ], "texture": "#yetiskin" },
        "west":  { "uv": [ 6.5, 0, 9.5, 0.5 ], "texture": "#yetiskin" },
        "east":  { "uv": [ 6.5, 0, 9.5, 0.5 ], "texture": "#yetiskin" }
    }
},
{
    "from": [ 5.4375, 16, 7 ],
    "to": [ 6.4375, 17, 9 ],
    "faces": {
        "down":  { "uv": [ 6.4375, 7, 7.4375, 9 ], "texture": "#red" },
        "up":    { "uv": [ 6.4375, 7, 7.4375, 9 ], "texture": "#red" },
        "north": { "uv": [ 6.4375, 0, 7.4375, 1 ], "texture": "#red" },
        "south": { "uv": [ 6.4375, 0, 7.4375, 1 ], "texture": "#red" },
        "west":  { "uv": [ 7, 0, 9, 1 ], "texture": "#red" },
        "east":  { "uv": [ 7, 0, 9, 1 ], "texture": "#red" }
    }
},
{
    "from": [ 5.25, 18, 6 ],
    "to": [ 6.25, 19, 10 ],
    "faces": {
        "down":  { "uv": [ 6.25, 6, 7.25, 10 ], "texture": "#black" },
        "up":    { "uv": [ 6.25, 6, 7.25, 10 ], "texture": "#black" },
        "north": { "uv": [ 6.25, 0, 7.25, 1 ], "texture": "#black" },
        "south": { "uv": [ 6.25, 0, 7.25, 1 ], "texture": "#black" },
        "west":  { "uv": [ 6, 0, 10, 1 ], "texture": "#black" },
        "east":  { "uv": [ 6, 0, 10, 1 ], "texture": "#black" }
    }
},
{
    "from": [ 4.875, 17.25, 7.5 ],
    "to": [ 5.875, 18.25, 8.5 ],
    "rotation": { "origin": [ 4.875, 18.25, 7.5 ], "axis": "z", "angle": -22.5 },
    "faces": {
        "down":  { "uv": [ 6, 7.5, 7, 8.5 ], "texture": "#yetiskin" },
        "up":    { "uv": [ 6, 7.5, 7, 8.5 ], "texture": "#yetiskin" },
        "north": { "uv": [ 6, 0, 7, 1 ], "texture": "#yetiskin" },
        "south": { "uv": [ 6, 0, 7, 1 ], "texture": "#yetiskin" },
        "west":  { "uv": [ 7.5, 0, 8.5, 1 ], "texture": "#yetiskin" },
        "east":  { "uv": [ 7.5, 0, 8.5, 1 ], "texture": "#yetiskin" }
    }
},
{
    "from": [ 5.25, 15.6875, 8.6875 ],
    "to": [ 5.75, 16.4375, 9 ],
    "faces": {
        "down":  { "uv": [ 6.25, 8.6875, 6.75, 9 ], "texture": "#bone" },
        "up":    { "uv": [ 6.25, 8.6875, 6.75, 9 ], "texture": "#bone" },
        "north": { "uv": [ 6.25, 0, 6.75, 0.75 ], "texture": "#bone" },
        "south": { "uv": [ 6.25, 0, 6.75, 0.75 ], "texture": "#bone" },
        "west":  { "uv": [ 8.6875, 0, 9, 0.75 ], "texture": "#bone" },
        "east":  { "uv": [ 8.6875, 0, 9, 0.75 ], "texture": "#bone" }
    }
},
{
    "from": [ 4.5, 18.5625, 6 ],
    "to": [ 5.5, 20.0625, 6.5 ],
    "faces": {
        "down":  { "uv": [ 5.5, 6, 6.5, 6.5 ], "texture": "#texture" },
        "up":    { "uv": [ 5.5, 6, 6.5, 6.5 ], "texture": "#texture" },
        "north": { "uv": [ 5.5, 0, 6.5, 1.5 ], "texture": "#texture" },
        "south": { "uv": [ 5.5, 0, 6.5, 1.5 ], "texture": "#texture" },
        "west":  { "uv": [ 6, 0, 6.5, 1.5 ], "texture": "#texture" },
        "east":  { "uv": [ 6, 0, 6.5, 1.5 ], "texture": "#texture" }
    }
},
{
    "from": [ 4.5, 19, 7 ],
    "to": [ 5.5, 20, 7.5 ],
    "faces": {
        "down":  { "uv": [ 5.5, 7, 6.5, 7.5 ], "texture": "#texture" },
        "up":    { "uv": [ 5.5, 7, 6.5, 7.5 ], "texture": "#texture" },
        "north": { "uv": [ 5.5, 0, 6.5, 1 ], "texture": "#texture" },
        "south": { "uv": [ 5.5, 0, 6.5, 1 ], "texture": "#texture" },
        "west":  { "uv": [ 7, 0, 7.5, 1 ], "texture": "#texture" },
        "east":  { "uv": [ 7, 0, 7.5, 1 ], "texture": "#texture" }
    }
},
{
    "from": [ 4.5, 19.5, 6.5 ],
    "to": [ 5.5, 20, 7 ],
    "faces": {
        "down":  { "uv": [ 5.5, 6.5, 6.5, 7 ], "texture": "#texture" },
        "up":    { "uv": [ 5.5, 6.5, 6.5, 7 ], "texture": "#texture" },
        "north": { "uv": [ 5.5, 0, 6.5, 0.5 ], "texture": "#texture" },
        "south": { "uv": [ 5.5, 0, 6.5, 0.5 ], "texture": "#texture" },
        "west":  { "uv": [ 6.5, 0, 7, 0.5 ], "texture": "#texture" },
        "east":  { "uv": [ 6.5, 0, 7, 0.5 ], "texture": "#texture" }
    }
},
{
    "from": [ 4.5, 18.5, 7.5 ],
    "to": [ 5.5, 20, 8 ],
    "faces": {
        "down":  { "uv": [ 5.5, 7.5, 6.5, 8 ], "texture": "#texture" },
        "up":    { "uv": [ 5.5, 7.5, 6.5, 8 ], "texture": "#texture" },
        "north": { "uv": [ 5.5, 0, 6.5, 1.5 ], "texture": "#texture" },
        "south": { "uv": [ 5.5, 0, 6.5, 1.5 ], "texture": "#texture" },
        "west":  { "uv": [ 7.5, 0, 8, 1.5 ], "texture": "#texture" },
        "east":  { "uv": [ 7.5, 0, 8, 1.5 ], "texture": "#texture" }
    }
},
{
    "from": [ 4.5, 19.5, 8 ],
    "to": [ 5.5, 20, 8.5 ],
    "faces": {
        "down":  { "uv": [ 5.5, 8, 6.5, 8.5 ], "texture": "#texture" },
        "up":    { "uv": [ 5.5, 8, 6.5, 8.5 ], "texture": "#texture" },
        "north": { "uv": [ 5.5, 0, 6.5, 0.5 ], "texture": "#texture" },
        "south": { "uv": [ 5.5, 0, 6.5, 0.5 ], "texture": "#texture" },
        "west":  { "uv": [ 8, 0, 8.5, 0.5 ], "texture": "#texture" },
        "east":  { "uv": [ 8, 0, 8.5, 0.5 ], "texture": "#texture" }
    }
},
{
    "from": [ 4.5, 19, 8.5 ],
    "to": [ 5.5, 20, 9.5 ],
    "faces": {
        "down":  { "uv": [ 5.5, 8.5, 6.5, 9.5 ], "texture": "#texture" },
        "up":    { "uv": [ 5.5, 8.5, 6.5, 9.5 ], "texture": "#texture" },
        "north": { "uv": [ 5.5, 0, 6.5, 1 ], "texture": "#texture" },
        "south": { "uv": [ 5.5, 0, 6.5, 1 ], "texture": "#texture" },
        "west":  { "uv": [ 8.5, 0, 9.5, 1 ], "texture": "#texture" },
        "east":  { "uv": [ 8.5, 0, 9.5, 1 ], "texture": "#texture" }
    }
},
{
    "from": [ 4.5, 18.5625, 9.5 ],
    "to": [ 5.5, 20.0625, 10 ],
    "faces": {
        "down":  { "uv": [ 5.5, 9.5, 6.5, 10 ], "texture": "#texture" },
        "up":    { "uv": [ 5.5, 9.5, 6.5, 10 ], "texture": "#texture" },
        "north": { "uv": [ 5.5, 0, 6.5, 1.5 ], "texture": "#texture" },
        "south": { "uv": [ 5.5, 0, 6.5, 1.5 ], "texture": "#texture" },
        "west":  { "uv": [ 9.5, 0, 10, 1.5 ], "texture": "#texture" },
        "east":  { "uv": [ 9.5, 0, 10, 1.5 ], "texture": "#texture" }
    }
},
{
    "from": [ 5.5, 20, 6 ],
    "to": [ 8.5, 20.5, 10 ],
    "faces": {
        "down":  { "uv": [ 6.5, 6, 9.5, 10 ], "texture": "#texture" },
        "up":    { "uv": [ 6.5, 6, 9.5, 10 ], "texture": "#texture" },
        "north": { "uv": [ 6.5, 0, 9.5, 0.5 ], "texture": "#texture" },
        "south": { "uv": [ 6.5, 0, 9.5, 0.5 ], "texture": "#texture" },
        "west":  { "uv": [ 6, 0, 10, 0.5 ], "texture": "#texture" },
        "east":  { "uv": [ 6, 0, 10, 0.5 ], "texture": "#texture" }
    }
},
{
    "from": [ 4.5, 16, 5.5 ],
    "to": [ 8.5, 17, 6 ],
    "faces": {
        "down":  { "uv": [ 5.5, 5.5, 9.5, 6 ], "texture": "#texture" },
        "up":    { "uv": [ 5.5, 5.5, 9.5, 6 ], "texture": "#texture" },
        "north": { "uv": [ 5.5, 0, 9.5, 1 ], "texture": "#texture" },
        "south": { "uv": [ 5.5, 0, 9.5, 1 ], "texture": "#texture" },
        "west":  { "uv": [ 5.5, 0, 6, 1 ], "texture": "#texture" },
        "east":  { "uv": [ 5.5, 0, 6, 1 ], "texture": "#texture" }
    }
},
{
    "from": [ 4.5, 16, 10 ],
    "to": [ 8.5, 17, 10.5 ],
    "faces": {
        "down":  { "uv": [ 5.5, 10, 9.5, 10.5 ], "texture": "#texture" },
        "up":    { "uv": [ 5.5, 10, 9.5, 10.5 ], "texture": "#texture" },
        "north": { "uv": [ 5.5, 0, 9.5, 1 ], "texture": "#texture" },
        "south": { "uv": [ 5.5, 0, 9.5, 1 ], "texture": "#texture" },
        "west":  { "uv": [ 10, 0, 10.5, 1 ], "texture": "#texture" },
        "east":  { "uv": [ 10, 0, 10.5, 1 ], "texture": "#texture" }
    }
},
{
    "from": [ 5.5, 15, 6 ],
    "to": [ 9, 17, 10 ],
    "faces": {
        "down":  { "uv": [ 6.5, 6, 10, 10 ], "texture": "#texture" },
        "up":    { "uv": [ 6.5, 6, 10, 10 ], "texture": "#texture" },
        "north": { "uv": [ 6.5, 0, 10, 2 ], "texture": "#texture" },
        "south": { "uv": [ 6.5, 0, 10, 2 ], "texture": "#texture" },
        "west":  { "uv": [ 6, 0, 10, 2 ], "texture": "#texture" },
        "east":  { "uv": [ 6, 0, 10, 2 ], "texture": "#texture" }
    }
},
{
    "from": [ 5.25, 15.6875, 7.875 ],
    "to": [ 5.75, 16.4375, 8.1875 ],
    "faces": {
        "down":  { "uv": [ 6.25, 7.875, 6.75, 8.1875 ], "texture": "#bone" },
        "up":    { "uv": [ 6.25, 7.875, 6.75, 8.1875 ], "texture": "#bone" },
        "north": { "uv": [ 6.25, 0, 6.75, 0.75 ], "texture": "#bone" },
        "south": { "uv": [ 6.25, 0, 6.75, 0.75 ], "texture": "#bone" },
        "west":  { "uv": [ 7.875, 0, 8.1875, 0.75 ], "texture": "#bone" },
        "east":  { "uv": [ 7.875, 0, 8.1875, 0.75 ], "texture": "#bone" }
    }
},
{
    "from": [ 5.25, 16.625, 8.25 ],
    "to": [ 5.75, 17.375, 8.5625 ],
    "faces": {
        "down":  { "uv": [ 6.25, 8.25, 6.75, 8.5625 ], "texture": "#bone" },
        "up":    { "uv": [ 6.25, 8.25, 6.75, 8.5625 ], "texture": "#bone" },
        "north": { "uv": [ 6.25, 0, 6.75, 0.75 ], "texture": "#bone" },
        "south": { "uv": [ 6.25, 0, 6.75, 0.75 ], "texture": "#bone" },
        "west":  { "uv": [ 8.25, 0, 8.5625, 0.75 ], "texture": "#bone" },
        "east":  { "uv": [ 8.25, 0, 8.5625, 0.75 ], "texture": "#bone" }
    }
},
{
    "from": [ 5.25, 16.625, 7.4375 ],
    "to": [ 5.75, 17.375, 7.75 ],
    "faces": {
        "down":  { "uv": [ 6.25, 7.4375, 6.75, 7.75 ], "texture": "#bone" },
        "up":    { "uv": [ 6.25, 7.4375, 6.75, 7.75 ], "texture": "#bone" },
        "north": { "uv": [ 6.25, 0, 6.75, 0.75 ], "texture": "#bone" },
        "south": { "uv": [ 6.25, 0, 6.75, 0.75 ], "texture": "#bone" },
        "west":  { "uv": [ 7.4375, 0, 7.75, 0.75 ], "texture": "#bone" },
        "east":  { "uv": [ 7.4375, 0, 7.75, 0.75 ], "texture": "#bone" }
    }
},
{
    "from": [ 5.25, 15.6875, 7 ],
    "to": [ 5.75, 16.4375, 7.3125 ],
    "faces": {
        "down":  { "uv": [ 6.25, 7, 6.75, 7.3125 ], "texture": "#bone" },
        "up":    { "uv": [ 6.25, 7, 6.75, 7.3125 ], "texture": "#bone" },
        "north": { "uv": [ 6.25, 0, 6.75, 0.75 ], "texture": "#bone" },
        "south": { "uv": [ 6.25, 0, 6.75, 0.75 ], "texture": "#bone" },
        "west":  { "uv": [ 7, 0, 7.3125, 0.75 ], "texture": "#bone" },
        "east":  { "uv": [ 7, 0, 7.3125, 0.75 ], "texture": "#bone" }
    }
},
{
    "from": [ 5.5, 12, 3.5 ],
    "to": [ 6.5, 16, 5.5 ],
    "faces": {
        "down":  { "uv": [ 10.5, 5.5, 9.5, 3.5 ], "texture": "#texture" },
        "up":    { "uv": [ 5.5, 3.5, 6.5, 5.5 ], "texture": "#texture" },
        "north": { "uv": [ 9.5, 0, 10.5, 4 ], "texture": "#texture" },
        "south": { "uv": [ 5.5, 0, 6.5, 4 ], "texture": "#texture" },
        "west":  { "uv": [ 3.5, 0, 5.5, 4 ], "texture": "#texture" },
        "east":  { "uv": [ 10.5, 0, 12.5, 4 ], "texture": "#texture" }
    }
},
{
    "from": [ 5.5, 12, 5.5 ],
    "to": [ 6.5, 16, 6 ],
    "faces": {
        "down":  { "uv": [ 10.5, 6, 9.5, 5.5 ], "texture": "#texture" },
        "up":    { "uv": [ 5.5, 5.5, 6.5, 6 ], "texture": "#texture" },
        "north": { "uv": [ 9.5, 0, 10.5, 4 ], "texture": "#texture" },
        "south": { "uv": [ 5.5, 0, 6.5, 4 ], "texture": "#texture" },
        "west":  { "uv": [ 5.5, 0, 6, 4 ], "texture": "#texture" },
        "east":  { "uv": [ 10, 0, 10.5, 4 ], "texture": "#texture" }
    }
},
{
    "from": [ 5.5, 12, 6 ],
    "to": [ 6.5, 15, 10 ],
    "faces": {
        "down":  { "uv": [ 10.5, 10, 9.5, 6 ], "texture": "#texture" },
        "up":    { "uv": [ 5.5, 6, 6.5, 10 ], "texture": "#texture" },
        "north": { "uv": [ 9.5, 1, 10.5, 4 ], "texture": "#texture" },
        "south": { "uv": [ 5.5, 1, 6.5, 4 ], "texture": "#texture" },
        "west":  { "uv": [ 6, 1, 10, 4 ], "texture": "#texture" },
        "east":  { "uv": [ 6, 1, 10, 4 ], "texture": "#texture" }
    }
},
{
    "from": [ 5.5, 12, 10 ],
    "to": [ 6.5, 16, 10.5 ],
    "faces": {
        "down":  { "uv": [ 10.5, 10.5, 9.5, 10 ], "texture": "#texture" },
        "up":    { "uv": [ 5.5, 10, 6.5, 10.5 ], "texture": "#texture" },
        "north": { "uv": [ 9.5, 0, 10.5, 4 ], "texture": "#texture" },
        "south": { "uv": [ 5.5, 0, 6.5, 4 ], "texture": "#texture" },
        "west":  { "uv": [ 10, 0, 10.5, 4 ], "texture": "#texture" },
        "east":  { "uv": [ 5.5, 0, 6, 4 ], "texture": "#texture" }
    }
},
{
    "from": [ 5.5, 12, 10.5 ],
    "to": [ 6.5, 16, 12.5 ],
    "faces": {
        "down":  { "uv": [ 10.5, 12.5, 9.5, 10.5 ], "texture": "#texture" },
        "up":    { "uv": [ 5.5, 10.5, 6.5, 12.5 ], "texture": "#texture" },
        "north": { "uv": [ 9.5, 0, 10.5, 4 ], "texture": "#texture" },
        "south": { "uv": [ 5.5, 0, 6.5, 4 ], "texture": "#texture" },
        "west":  { "uv": [ 10.5, 0, 12.5, 4 ], "texture": "#texture" },
        "east":  { "uv": [ 3.5, 0, 5.5, 4 ], "texture": "#texture" }
    }
},
{
    "from": [ 9, 16, 6 ],
    "to": [ 10, 17, 10 ],
    "faces": {
        "down":  { "uv": [ 9, 6, 10, 10 ], "texture": "#texture" },
        "up":    { "uv": [ 9, 6, 10, 10 ], "texture": "#texture" },
        "north": { "uv": [ 9, 0, 10, 1 ], "texture": "#texture" },
        "south": { "uv": [ 9, 0, 10, 1 ], "texture": "#texture" },
        "west":  { "uv": [ 6, 0, 10, 1 ], "texture": "#texture" },
        "east":  { "uv": [ 6, 0, 10, 1 ], "texture": "#texture" }
    }
},
{
    "from": [ 9, 17, 6.5 ],
    "to": [ 9.5, 18.5, 9.5 ],
    "faces": {
        "down":  { "uv": [ 9, 6.5, 9.5, 9.5 ], "texture": "#texture" },
        "up":    { "uv": [ 9, 6.5, 9.5, 9.5 ], "texture": "#texture" },
        "north": { "uv": [ 9, 0, 9.5, 1.5 ], "texture": "#texture" },
        "south": { "uv": [ 9, 0, 9.5, 1.5 ], "texture": "#texture" },
        "west":  { "uv": [ 6.5, 0, 9.5, 1.5 ], "texture": "#texture" },
        "east":  { "uv": [ 6.5, 0, 9.5, 1.5 ], "texture": "#texture" }
    }
}
],
"display": {
    "head": {
        "rotation": [ 0, -90, 0 ],
        "translation": [ 0, -13.98, 0 ],
        "scale": [ 2.8, 2.8, 2.8 ]
    }
}
}