{
    "pools": [
        {
            "rolls": 5,
            "entries": [
                {
                    "type": "item",
                    "weight": 1,
                    "name": "minecraft:carrot_on_a_stick",
                    "functions": [
                        {
                            "function": "set_nbt",
                            "tag": "{Unbreakable:1,EFF_0:1b,EFF_4:1b,display:{Name:\"§aRefridgerant Staff\",Lore:[\"§bCost = 4 Mana\"]},ench:[]}"
                        },
                        {
                            "function": "set_attributes",
                            "modifiers": [
                                {
                                    "name": "null",
                                    "attribute": "generic.attackDamage",
                                    "operation": "addition",
                                    "amount": {
                                        "min": 1,
                                        "max": 6
                                    },
                                    "slot": "mainhand"
                                }
                            ]
                        },
                        {
                            "function": "set_data",
                            "data": 4
                        }
                    ]
                },
                {
                    "type": "item",
                    "weight": 1,
                    "name": "minecraft:carrot_on_a_stick",
                    "functions": [
                        {
                            "function": "set_nbt",
                            "tag": "{Unbreakable:1,EFF_0:1b,EFF_10:1b,display:{Name:\"§aHarvest Staff\",Lore:[\"§bCost = 92 Mana\"]},ench:[]}"
                        },
                        {
                            "function": "set_attributes",
                            "modifiers": [
                                {
                                    "name": "null",
                                    "attribute": "generic.attackDamage",
                                    "operation": "addition",
                                    "amount": {
                                        "min": 1,
                                        "max": 6
                                    },
                                    "slot": "mainhand"
                                }
                            ]
                        },
                        {
                            "function": "set_data",
                            "data": 10
                        }
                    ]
                },
                {
                    "type": "item",
                    "weight": 1,
                    "name": "minecraft:carrot_on_a_stick",
                    "functions": [
                        {
                            "function": "set_nbt",
                            "tag": "{Unbreakable:1,EFF_0:1b,EFF_14:1b,display:{Name:\"§aSaturation Staff\",Lore:[\"§bCost = 10 Mana\"]},ench:[]}"
                        },
                        {
                            "function": "set_attributes",
                            "modifiers": [
                                {
                                    "name": "null",
                                    "attribute": "generic.attackDamage",
                                    "operation": "addition",
                                    "amount": {
                                        "min": 1,
                                        "max": 6
                                    },
                                    "slot": "mainhand"
                                }
                            ]
                        },
                        {
                            "function": "set_data",
                            "data": 14
                        }
                    ]
                },
                {
                    "type": "item",
                    "weight": 1,
                    "name": "minecraft:iron_ingot",
                    "functions": [
                        {
                            "function": "set_count",
                            "count": {
                                "min": 5,
                                "max": 12
                            }
                        }
                    ]
                },
                {
                    "type": "item",
                    "weight": 1,
                    "name": "minecraft:bow",
                    "functions": [
                        {
                            "function": "set_damage",
                            "damage": {
                                "min": 0,
                                "max": 50
                            }
                        },
                        {
                            "function": "set_nbt",
                            "tag": "{display:{Name:\"§aQuick Bow\"},ench:[{id:71,lvl:1}]}"
                        },
                        {
                            "function": "set_attributes",
                            "modifiers": [
                                {
                                    "name": "null",
                                    "attribute": "generic.movementSpeed",
                                    "operation": "multiply_total",
                                    "amount": {
                                        "min": 0.10,
                                        "max": 0.25
                                    },
                                    "slot": "mainhand"
                                }
                            ]
                        }
                    ]
                },
                {
                    "type": "item",
                    "weight": 1,
                    "name": "minecraft:gunpowder",
                    "functions": [
                        {
                            "function": "set_count",
                            "count": {
                                "min": 10,
                                "max": 20
                            }
                        }
                    ]
                },
                {
                    "type": "item",
                    "weight": 1,
                    "name": "minecraft:leather_boots",
                    "functions": [
                        {
                            "function": "set_attributes",
                            "modifiers": [
                                {
                                    "name": "null",
                                    "attribute": "generic.movementSpeed",
                                    "operation": "multiply_total",
                                    "amount": {
                                        "min": 0.1,
                                        "max": 0.3
                                    },
                                    "slot": "feet"
                                }
                            ]
                        },
                        {
                            "function": "set_nbt",
                            "tag": "{ench:[{id:2,lvl:3},{id:8,lvl:3},{id:10,lvl:1}],display:{Name:\"§aQuick Boots\",color:5111783}}"
                        }
                    ]
                },
                {
                    "type": "item",
                    "weight": 1,
                    "name": "minecraft:iron_sword",
                    "functions": [
                        {
                            "function": "set_attributes",
                            "modifiers": [
                                {
                                    "name": "null",
                                    "attribute": "generic.movementSpeed",
                                    "operation": "multiply_total",
                                    "amount": {
                                        "min": 0.1,
                                        "max": 0.3
                                    },
                                    "slot": "mainhand"
                                },
                                {
                                    "name": "null",
                                    "attribute": "generic.attackDamage",
                                    "operation": "addition",
                                    "amount": {
                                        "min": 4,
                                        "max": 6
                                    },
                                    "slot": "mainhand"
								}
                            ]
                        },
                        {
                            "function": "set_nbt",
                            "tag": "{display:{Name:\"§aQuick Sword\"},ench:[{id:19,lvl:6},{id:71,lvl:1}]}"
                        }
                    ]
                },
                {
                    "type": "item",
                    "weight": 1,
                    "name": "minecraft:diamond",
                    "functions": [
                        {
                            "function": "set_count",
                            "count": {
                                "min": 1,
                                "max": 2
                            }
                        }
                    ]
                },
                {
                    "type": "item",
                    "weight": 1,
                    "name": "minecraft:tipped_arrow",
                    "functions": [
                        {
                            "function": "set_nbt",
                            "tag": "{display:{Name:\"§aLevitation Arrow\"},CustomPotionEffects:[{Id:25,Amplifier:0,Duration:400}]}"
                        },
                        {
                            "function": "set_count",
                            "count": {
                                "min": 1,
                                "max": 3
                            }
						}
                    ]
                },
                {
                    "type": "item",
                    "weight": 1,
                    "name": "minecraft:golden_sword",
                    "functions": [
                        {
                            "function": "set_attributes",
                            "modifiers": [
                                {
                                    "name": "null",
                                    "attribute": "generic.maxHealth",
                                    "operation": "addition",
                                    "amount": {
                                        "min": -5,
                                        "max": -10
                                    },
                                    "slot": "mainhand"
                                },
                                {
                                    "name": "null",
                                    "attribute": "generic.attackDamage",
                                    "operation": "addition",
                                    "amount": {
                                        "min": 2,
                                        "max": 4
                                    },
                                    "slot": "mainhand"
								}
                            ]
                        },
                        {
                            "function": "set_nbt",
                            "tag": "{display:{Name:\"§aOptimism\"},ench:[{id:21,lvl:5},{id:71,lvl:1}],RepairCost:250}"
                        }
                    ]
                }
            ]
        }
    ]
}