{
    "pools": [
        {
            "rolls": 1,
            "entries": [
                {
                    "type": "item",
                    "weight": 1,
                    "name": "minecraft:diamond_hoe",
                    "functions": [
                        {
                            "function": "set_nbt",
                            "tag": "{ench:[{id:-1}],HideFlags:63,AttributeModifiers:[],Unbreakable:1,theRune:1b,transform2:1b,display:{Name:\"§aAscended Block Transformer\",Lore:[\"§bCost = 100tmpu\"]}}"
                        },
                        {
                            "function": "set_data",
                            "data": 11
                        }
                    ]
                }
            ]
        }
    ]
}