{
    "pools": [
        {
            "rolls": 1,
            "entries": [
                {
                    "type": "item",
                    "weight": 1,
                    "name": "minecraft:iron_hoe",
                    "functions": [
                        {
                            "function": "set_nbt",
                            "tag": "{HideFlags:63,AttributeModifiers:[],Unbreakable:1,readCharge:1b,display:{Name:\"§aBright Relic\"}}"
                        },
                        {
                            "function": "set_data",
                            "data": 250
                        }
                    ]
                }
            ]
        }
    ]
}