﻿{
    "pools": [
        {
            "rolls": 1,
            "entries": [
                {
                    "type": "item",
                    "weight": 1,
                    "name": "minecraft:carrot_on_a_stick",
                    "functions": [
                        {
                            "function": "set_nbt",
                            "tag": "{Unbreakable:1,EFF_0:1b,EFF_17:1b,display:{Name:\"§aChunk Saver Staff\"},ench:[{id:-1}]}"
                        },
                        {
                            "function": "set_data",
                            "data": 17
                        }
                    ]
                }
            ]
        }
    ]
}