{
    "pools": [
        {
            "rolls": 1,
            "entries": [
                {
                    "type": "item",
                    "weight": 1,
                    "name": "minecraft:diamond_sword",
                    "functions": [
                        {
                            "function": "set_nbt",
                            "tag": "{display:{Name:\"§aSturdy Sword\"},ench:[{id:34,lvl:5}]}"
                        },
                        {
                            "function": "set_attributes",
                            "modifiers": [
                                {
                                    "name": "null",
                                    "attribute": "generic.maxHealth",
                                    "operation": "addition",
                                    "amount": {
                                        "min": -16,
                                        "max": 0
                                    },
                                    "slot": "mainhand"
                                },
                                {
                                    "name": "null",
                                    "attribute": "generic.attackDamage",
                                    "operation": "addition",
                                    "amount": {
                                        "min": 6,
                                        "max": 8
                                    },
                                    "slot": "mainhand"
								}
                            ]
                        }
                    ]
                },
                {
                    "type": "item",
                    "weight": 1,
                    "name": "minecraft:diamond_sword",
                    "functions": [
                        {
                            "function": "set_nbt",
                            "tag": "{display:{Name:\"§aSturdy Sword\"},ench:[{id:34,lvl:5}]}"
                        },
                        {
                            "function": "set_attributes",
                            "modifiers": [
                                {
                                    "name": "null",
                                    "attribute": "generic.movementSpeed",
                                    "operation": "multiply_total",
                                    "amount": {
                                        "min": -0.8,
                                        "max": 0
                                    },
                                    "slot": "mainhand"
                                },
                                {
                                    "name": "null",
                                    "attribute": "generic.attackDamage",
                                    "operation": "addition",
                                    "amount": {
                                        "min": 6,
                                        "max": 8
                                    },
                                    "slot": "mainhand"
								}
                            ]
                        }
                    ]
                },
                {
                    "type": "item",
                    "weight": 1,
                    "name": "minecraft:diamond_sword",
                    "functions": [
                        {
                            "function": "set_nbt",
                            "tag": "{display:{Name:\"§aLucky Sword\"},ench:[{id:21,lvl:4}]}"
                        },
                        {
                            "function": "set_attributes",
                            "modifiers": [
                                {
                                    "name": "null",
                                    "attribute": "generic.maxHealth",
                                    "operation": "addition",
                                    "amount": {
                                        "min": -16,
                                        "max": 0
                                    },
                                    "slot": "mainhand"
                                },
                                {
                                    "name": "null",
                                    "attribute": "generic.attackDamage",
                                    "operation": "addition",
                                    "amount": {
                                        "min": 6,
                                        "max": 8
                                    },
                                    "slot": "mainhand"
								}
                            ]
                        }
                    ]
                },
                {
                    "type": "item",
                    "weight": 1,
                    "name": "minecraft:diamond_sword",
                    "functions": [
                        {
                            "function": "set_nbt",
                            "tag": "{display:{Name:\"§aLucky Sword\"},ench:[{id:21,lvl:4}]}"
                        },
                        {
                            "function": "set_attributes",
                            "modifiers": [
                                {
                                    "name": "null",
                                    "attribute": "generic.movementSpeed",
                                    "operation": "multiply_total",
                                    "amount": {
                                        "min": -0.8,
                                        "max": 0
                                    },
                                    "slot": "mainhand"
                                },
                                {
                                    "name": "null",
                                    "attribute": "generic.attackDamage",
                                    "operation": "addition",
                                    "amount": {
                                        "min": 6,
                                        "max": 8
                                    },
                                    "slot": "mainhand"
								}
                            ]
                        }
                    ]
                },
                {
                    "type": "item",
                    "weight": 1,
                    "name": "minecraft:diamond_sword",
                    "functions": [
                        {
                            "function": "set_nbt",
                            "tag": "{display:{Name:\"§aStrong Sword\"},ench:[{id:16,lvl:6}]}"
                        },
                        {
                            "function": "set_attributes",
                            "modifiers": [
                                {
                                    "name": "null",
                                    "attribute": "generic.maxHealth",
                                    "operation": "addition",
                                    "amount": {
                                        "min": -16,
                                        "max": 0
                                    },
                                    "slot": "mainhand"
                                },
                                {
                                    "name": "null",
                                    "attribute": "generic.attackDamage",
                                    "operation": "addition",
                                    "amount": {
                                        "min": 6,
                                        "max": 8
                                    },
                                    "slot": "mainhand"
								}
                            ]
                        }
                    ]
                },
                {
                    "type": "item",
                    "weight": 1,
                    "name": "minecraft:diamond_sword",
                    "functions": [
                        {
                            "function": "set_nbt",
                            "tag": "{display:{Name:\"§aStrong Sword\"},ench:[{id:16,lvl:6}]}"
                        },
                        {
                            "function": "set_attributes",
                            "modifiers": [
                                {
                                    "name": "null",
                                    "attribute": "generic.movementSpeed",
                                    "operation": "multiply_total",
                                    "amount": {
                                        "min": -0.8,
                                        "max": 0
                                    },
                                    "slot": "mainhand"
                                },
                                {
                                    "name": "null",
                                    "attribute": "generic.attackDamage",
                                    "operation": "addition",
                                    "amount": {
                                        "min": 8,
                                        "max": 9
                                    },
                                    "slot": "mainhand"
								}
                            ]
                        }
                    ]
                },
                {
                    "type": "item",
                    "weight": 1,
                    "name": "minecraft:diamond_sword",
                    "functions": [
                        {
                            "function": "set_nbt",
                            "tag": "{display:{Name:\"§aSlaying Sword\"},ench:[{id:17,lvl:6}]}"
                        },
                        {
                            "function": "set_attributes",
                            "modifiers": [
                                {
                                    "name": "null",
                                    "attribute": "generic.maxHealth",
                                    "operation": "addition",
                                    "amount": {
                                        "min": -16,
                                        "max": 0
                                    },
                                    "slot": "mainhand"
                                },
                                {
                                    "name": "null",
                                    "attribute": "generic.attackDamage",
                                    "operation": "addition",
                                    "amount": {
                                        "min": 6,
                                        "max": 8
                                    },
                                    "slot": "mainhand"
								}
                            ]
                        }
                    ]
                },
                {
                    "type": "item",
                    "weight": 1,
                    "name": "minecraft:diamond_sword",
                    "functions": [
                        {
                            "function": "set_nbt",
                            "tag": "{display:{Name:\"§aSlaying Sword\"},ench:[{id:17,lvl:6}]}"
                        },
                        {
                            "function": "set_attributes",
                            "modifiers": [
                                {
                                    "name": "null",
                                    "attribute": "generic.movementSpeed",
                                    "operation": "multiply_total",
                                    "amount": {
                                        "min": -0.8,
                                        "max": 0
                                    },
                                    "slot": "mainhand"
                                },
                                {
                                    "name": "null",
                                    "attribute": "generic.attackDamage",
                                    "operation": "addition",
                                    "amount": {
                                        "min": 6,
                                        "max": 8
                                    },
                                    "slot": "mainhand"
								}
                            ]
                        }
                    ]
                },
                {
                    "type": "item",
                    "weight": 1,
                    "name": "minecraft:diamond_sword",
                    "functions": [
                        {
                            "function": "set_nbt",
                            "tag": "{display:{Name:\"§aPesticide Sword\"},ench:[{id:18,lvl:6}]}"
                        },
                        {
                            "function": "set_attributes",
                            "modifiers": [
                                {
                                    "name": "null",
                                    "attribute": "generic.maxHealth",
                                    "operation": "addition",
                                    "amount": {
                                        "min": -16,
                                        "max": 0
                                    },
                                    "slot": "mainhand"
                                },
                                {
                                    "name": "null",
                                    "attribute": "generic.attackDamage",
                                    "operation": "addition",
                                    "amount": {
                                        "min": 6,
                                        "max": 8
                                    },
                                    "slot": "mainhand"
								}
                            ]
                        }
                    ]
                },
                {
                    "type": "item",
                    "weight": 1,
                    "name": "minecraft:diamond_sword",
                    "functions": [
                        {
                            "function": "set_nbt",
                            "tag": "{display:{Name:\"§aPesticide Sword\"},ench:[{id:18,lvl:6}]}"
                        },
                        {
                            "function": "set_attributes",
                            "modifiers": [
                                {
                                    "name": "null",
                                    "attribute": "generic.movementSpeed",
                                    "operation": "multiply_total",
                                    "amount": {
                                        "min": -0.8,
                                        "max": 0
                                    },
                                    "slot": "mainhand"
                                },
                                {
                                    "name": "null",
                                    "attribute": "generic.attackDamage",
                                    "operation": "addition",
                                    "amount": {
                                        "min": 6,
                                        "max": 8
                                    },
                                    "slot": "mainhand"
								}
                            ]
                        }
                    ]
                },
                {
                    "type": "item",
                    "weight": 1,
                    "name": "minecraft:diamond_sword",
                    "functions": [
                        {
                            "function": "set_nbt",
                            "tag": "{display:{Name:\"§aBurning Sword\"},ench:[{id:20,lvl:3}]}"
                        },
                        {
                            "function": "set_attributes",
                            "modifiers": [
                                {
                                    "name": "null",
                                    "attribute": "generic.maxHealth",
                                    "operation": "addition",
                                    "amount": {
                                        "min": -16,
                                        "max": 0
                                    },
                                    "slot": "mainhand"
                                },
                                {
                                    "name": "null",
                                    "attribute": "generic.attackDamage",
                                    "operation": "addition",
                                    "amount": {
                                        "min": 6,
                                        "max": 8
                                    },
                                    "slot": "mainhand"
								}
                            ]
                        }
                    ]
                },
                {
                    "type": "item",
                    "weight": 1,
                    "name": "minecraft:diamond_sword",
                    "functions": [
                        {
                            "function": "set_nbt",
                            "tag": "{display:{Name:\"§aBurning Sword\"},ench:[{id:20,lvl:3}]}"
                        },
                        {
                            "function": "set_attributes",
                            "modifiers": [
                                {
                                    "name": "null",
                                    "attribute": "generic.movementSpeed",
                                    "operation": "multiply_total",
                                    "amount": {
                                        "min": -0.8,
                                        "max": 0
                                    },
                                    "slot": "mainhand"
                                },
                                {
                                    "name": "null",
                                    "attribute": "generic.attackDamage",
                                    "operation": "addition",
                                    "amount": {
                                        "min": 6,
                                        "max": 8
                                    },
                                    "slot": "mainhand"
								}
                            ]
                        }
                    ]
                },
                {
                    "type": "item",
                    "weight": 1,
                    "name": "minecraft:diamond_sword",
                    "functions": [
                        {
                            "function": "set_nbt",
                            "tag": "{display:{Name:\"§aKinetic Sword\"},ench:[{id:19,lvl:3}]}"
                        },
                        {
                            "function": "set_attributes",
                            "modifiers": [
                                {
                                    "name": "null",
                                    "attribute": "generic.maxHealth",
                                    "operation": "addition",
                                    "amount": {
                                        "min": -16,
                                        "max": 0
                                    },
                                    "slot": "mainhand"
                                },
                                {
                                    "name": "null",
                                    "attribute": "generic.attackDamage",
                                    "operation": "addition",
                                    "amount": {
                                        "min": 6,
                                        "max": 8
                                    },
                                    "slot": "mainhand"
								}
                            ]
                        }
                    ]
                },
                {
                    "type": "item",
                    "weight": 1,
                    "name": "minecraft:diamond_sword",
                    "functions": [
                        {
                            "function": "set_nbt",
                            "tag": "{display:{Name:\"§aKinetic Sword\"},ench:[{id:19,lvl:3}]}"
                        },
                        {
                            "function": "set_attributes",
                            "modifiers": [
                                {
                                    "name": "null",
                                    "attribute": "generic.movementSpeed",
                                    "operation": "multiply_total",
                                    "amount": {
                                        "min": -0.8,
                                        "max": 0
                                    },
                                    "slot": "mainhand"
                                },
                                {
                                    "name": "null",
                                    "attribute": "generic.attackDamage",
                                    "operation": "addition",
                                    "amount": {
                                        "min": 6,
                                        "max": 8
                                    },
                                    "slot": "mainhand"
								}
                            ]
                        }
                    ]
                }
            ]
        }
    ]
}