{
    "pools": [
        {
            "rolls": 1,
            "entries": [
                {
                    "type": "item",
                    "weight": 1,
                    "name": "minecraft:diamond_leggings",
                    "functions": [
                        {
                            "function": "set_nbt",
                            "tag": "{display:{Name:\"§aThick Leggings\"},ench:[{id:0,lvl:5}]}"
                        },
                        {
                            "function": "set_attributes",
                            "modifiers": [
                                {
                                    "name": "null",
                                    "attribute": "generic.attackDamage",
                                    "operation": "addition",
                                    "amount": {
                                        "min": -5,
                                        "max": 0
                                    },
                                    "slot": "legs"
                                },
                                {
                                    "name": "null",
                                    "attribute": "generic.armor",
                                    "operation": "addition",
                                    "amount": {
                                        "min": 6,
                                        "max": 7
                                    },
                                    "slot": "legs"
                                },
                                {
                                    "name": "null",
                                    "attribute": "generic.armorToughness",
                                    "operation": "addition",
                                    "amount": {
                                        "min": 2,
                                        "max": 2
                                    },
                                    "slot": "legs"
                                }
                            ]
                        }
                    ]
                },
                {
                    "type": "item",
                    "weight": 1,
                    "name": "minecraft:diamond_leggings",
                    "functions": [
                        {
                            "function": "set_nbt",
                            "tag": "{display:{Name:\"§aThick Leggings\"},ench:[{id:0,lvl:5}]}"
                        },
                        {
                            "function": "set_attributes",
                            "modifiers": [
                                {
                                    "name": "null",
                                    "attribute": "generic.movementSpeed",
                                    "operation": "multiply_total",
                                    "amount": {
                                        "min": -0.8,
                                        "max": 0
                                    },
                                    "slot": "legs"
                                },
                                {
                                    "name": "null",
                                    "attribute": "generic.armor",
                                    "operation": "addition",
                                    "amount": {
                                        "min": 6,
                                        "max": 7
                                    },
                                    "slot": "legs"
                                },
                                {
                                    "name": "null",
                                    "attribute": "generic.armorToughness",
                                    "operation": "addition",
                                    "amount": {
                                        "min": 2,
                                        "max": 2
                                    },
                                    "slot": "legs"
                                }
                            ]
                        }
                    ]
                },
                {
                    "type": "item",
                    "weight": 1,
                    "name": "minecraft:diamond_leggings",
                    "functions": [
                        {
                            "function": "set_nbt",
                            "tag": "{display:{Name:\"§aCarbon Leggings\"},ench:[{id:1,lvl:6}]}"
                        },
                        {
                            "function": "set_attributes",
                            "modifiers": [
                                {
                                    "name": "null",
                                    "attribute": "generic.attackDamage",
                                    "operation": "addition",
                                    "amount": {
                                        "min": -5,
                                        "max": 0
                                    },
                                    "slot": "legs"
                                },
                                {
                                    "name": "null",
                                    "attribute": "generic.armor",
                                    "operation": "addition",
                                    "amount": {
                                        "min": 6,
                                        "max": 7
                                    },
                                    "slot": "legs"
                                },
                                {
                                    "name": "null",
                                    "attribute": "generic.armorToughness",
                                    "operation": "addition",
                                    "amount": {
                                        "min": 2,
                                        "max": 2
                                    },
                                    "slot": "legs"
                                }
                            ]
                        }
                    ]
                },
                {
                    "type": "item",
                    "weight": 1,
                    "name": "minecraft:diamond_leggings",
                    "functions": [
                        {
                            "function": "set_nbt",
                            "tag": "{display:{Name:\"§aCarbon Leggings\"},ench:[{id:1,lvl:6}]}"
                        },
                        {
                            "function": "set_attributes",
                            "modifiers": [
                                {
                                    "name": "null",
                                    "attribute": "generic.movementSpeed",
                                    "operation": "multiply_total",
                                    "amount": {
                                        "min": -0.8,
                                        "max": 0
                                    },
                                    "slot": "legs"
                                },
                                {
                                    "name": "null",
                                    "attribute": "generic.armor",
                                    "operation": "addition",
                                    "amount": {
                                        "min": 6,
                                        "max": 7
                                    },
                                    "slot": "legs"
                                },
                                {
                                    "name": "null",
                                    "attribute": "generic.armorToughness",
                                    "operation": "addition",
                                    "amount": {
                                        "min": 2,
                                        "max": 2
                                    },
                                    "slot": "legs"
                                }
                            ]
                        }
                    ]
                },
                {
                    "type": "item",
                    "weight": 1,
                    "name": "minecraft:diamond_leggings",
                    "functions": [
                        {
                            "function": "set_nbt",
                            "tag": "{display:{Name:\"§aImpact Leggings\"},ench:[{id:2,lvl:5}]}"
                        },
                        {
                            "function": "set_attributes",
                            "modifiers": [
                                {
                                    "name": "null",
                                    "attribute": "generic.attackDamage",
                                    "operation": "addition",
                                    "amount": {
                                        "min": -5,
                                        "max": 0
                                    },
                                    "slot": "legs"
                                },
                                {
                                    "name": "null",
                                    "attribute": "generic.armor",
                                    "operation": "addition",
                                    "amount": {
                                        "min": 6,
                                        "max": 7
                                    },
                                    "slot": "legs"
                                },
                                {
                                    "name": "null",
                                    "attribute": "generic.armorToughness",
                                    "operation": "addition",
                                    "amount": {
                                        "min": 2,
                                        "max": 2
                                    },
                                    "slot": "legs"
                                }
                            ]
                        }
                    ]
                },
                {
                    "type": "item",
                    "weight": 1,
                    "name": "minecraft:diamond_leggings",
                    "functions": [
                        {
                            "function": "set_nbt",
                            "tag": "{display:{Name:\"§aImpact Leggings\"},ench:[{id:2,lvl:5}]}"
                        },
                        {
                            "function": "set_attributes",
                            "modifiers": [
                                {
                                    "name": "null",
                                    "attribute": "generic.movementSpeed",
                                    "operation": "multiply_total",
                                    "amount": {
                                        "min": -0.8,
                                        "max": 0
                                    },
                                    "slot": "legs"
                                },
                                {
                                    "name": "null",
                                    "attribute": "generic.armor",
                                    "operation": "addition",
                                    "amount": {
                                        "min": 6,
                                        "max": 7
                                    },
                                    "slot": "legs"
                                },
                                {
                                    "name": "null",
                                    "attribute": "generic.armorToughness",
                                    "operation": "addition",
                                    "amount": {
                                        "min": 2,
                                        "max": 2
                                    },
                                    "slot": "legs"
                                }
                            ]
                        }
                    ]
                },
                {
                    "type": "item",
                    "weight": 1,
                    "name": "minecraft:diamond_leggings",
                    "functions": [
                        {
                            "function": "set_nbt",
                            "tag": "{display:{Name:\"§aObsidian Leggings\"},ench:[{id:3,lvl:5}]}"
                        },
                        {
                            "function": "set_attributes",
                            "modifiers": [
                                {
                                    "name": "null",
                                    "attribute": "generic.attackDamage",
                                    "operation": "addition",
                                    "amount": {
                                        "min": -5,
                                        "max": 0
                                    },
                                    "slot": "legs"
                                },
                                {
                                    "name": "null",
                                    "attribute": "generic.armor",
                                    "operation": "addition",
                                    "amount": {
                                        "min": 6,
                                        "max": 7
                                    },
                                    "slot": "legs"
                                },
                                {
                                    "name": "null",
                                    "attribute": "generic.armorToughness",
                                    "operation": "addition",
                                    "amount": {
                                        "min": 2,
                                        "max": 2
                                    },
                                    "slot": "legs"
                                }
                            ]
                        }
                    ]
                },
                {
                    "type": "item",
                    "weight": 1,
                    "name": "minecraft:diamond_leggings",
                    "functions": [
                        {
                            "function": "set_nbt",
                            "tag": "{display:{Name:\"§aObsidian Leggings\"},ench:[{id:3,lvl:5}]}"
                        },
                        {
                            "function": "set_attributes",
                            "modifiers": [
                                {
                                    "name": "null",
                                    "attribute": "generic.movementSpeed",
                                    "operation": "multiply_total",
                                    "amount": {
                                        "min": -0.8,
                                        "max": 0
                                    },
                                    "slot": "legs"
                                },
                                {
                                    "name": "null",
                                    "attribute": "generic.armor",
                                    "operation": "addition",
                                    "amount": {
                                        "min": 6,
                                        "max": 7
                                    },
                                    "slot": "legs"
                                },
                                {
                                    "name": "null",
                                    "attribute": "generic.armorToughness",
                                    "operation": "addition",
                                    "amount": {
                                        "min": 2,
                                        "max": 2
                                    },
                                    "slot": "legs"
                                }
                            ]
                        }
                    ]
                },
                {
                    "type": "item",
                    "weight": 1,
                    "name": "minecraft:diamond_leggings",
                    "functions": [
                        {
                            "function": "set_nbt",
                            "tag": "{display:{Name:\"§aReflective Leggings\"},ench:[{id:4,lvl:5}]}"
                        },
                        {
                            "function": "set_attributes",
                            "modifiers": [
                                {
                                    "name": "null",
                                    "attribute": "generic.attackDamage",
                                    "operation": "addition",
                                    "amount": {
                                        "min": -5,
                                        "max": 0
                                    },
                                    "slot": "legs"
                                },
                                {
                                    "name": "null",
                                    "attribute": "generic.armor",
                                    "operation": "addition",
                                    "amount": {
                                        "min": 6,
                                        "max": 7
                                    },
                                    "slot": "legs"
                                },
                                {
                                    "name": "null",
                                    "attribute": "generic.armorToughness",
                                    "operation": "addition",
                                    "amount": {
                                        "min": 2,
                                        "max": 2
                                    },
                                    "slot": "legs"
                                }
                            ]
                        }
                    ]
                },
                {
                    "type": "item",
                    "weight": 1,
                    "name": "minecraft:diamond_leggings",
                    "functions": [
                        {
                            "function": "set_nbt",
                            "tag": "{display:{Name:\"§aReflective Leggings\"},ench:[{id:4,lvl:5}]}"
                        },
                        {
                            "function": "set_attributes",
                            "modifiers": [
                                {
                                    "name": "null",
                                    "attribute": "generic.movementSpeed",
                                    "operation": "multiply_total",
                                    "amount": {
                                        "min": -0.8,
                                        "max": 0
                                    },
                                    "slot": "legs"
                                },
                                {
                                    "name": "null",
                                    "attribute": "generic.armor",
                                    "operation": "addition",
                                    "amount": {
                                        "min": 6,
                                        "max": 7
                                    },
                                    "slot": "legs"
                                },
                                {
                                    "name": "null",
                                    "attribute": "generic.armorToughness",
                                    "operation": "addition",
                                    "amount": {
                                        "min": 2,
                                        "max": 2
                                    },
                                    "slot": "legs"
                                }
                            ]
                        }
                    ]
                },
                {
                    "type": "item",
                    "weight": 1,
                    "name": "minecraft:diamond_leggings",
                    "functions": [
                        {
                            "function": "set_nbt",
                            "tag": "{display:{Name:\"§aSpiked Leggings\"},ench:[{id:7,lvl:4}]}"
                        },
                        {
                            "function": "set_attributes",
                            "modifiers": [
                                {
                                    "name": "null",
                                    "attribute": "generic.attackDamage",
                                    "operation": "addition",
                                    "amount": {
                                        "min": -5,
                                        "max": 0
                                    },
                                    "slot": "legs"
                                },
                                {
                                    "name": "null",
                                    "attribute": "generic.armor",
                                    "operation": "addition",
                                    "amount": {
                                        "min": 6,
                                        "max": 7
                                    },
                                    "slot": "legs"
                                },
                                {
                                    "name": "null",
                                    "attribute": "generic.armorToughness",
                                    "operation": "addition",
                                    "amount": {
                                        "min": 2,
                                        "max": 2
                                    },
                                    "slot": "legs"
                                }
                            ]
                        }
                    ]
                },
                {
                    "type": "item",
                    "weight": 1,
                    "name": "minecraft:diamond_leggings",
                    "functions": [
                        {
                            "function": "set_nbt",
                            "tag": "{display:{Name:\"§aSpiked Leggings\"},ench:[{id:7,lvl:4}]}"
                        },
                        {
                            "function": "set_attributes",
                            "modifiers": [
                                {
                                    "name": "null",
                                    "attribute": "generic.movementSpeed",
                                    "operation": "multiply_total",
                                    "amount": {
                                        "min": -0.8,
                                        "max": 0
                                    },
                                    "slot": "legs"
                                },
                                {
                                    "name": "null",
                                    "attribute": "generic.armor",
                                    "operation": "addition",
                                    "amount": {
                                        "min": 6,
                                        "max": 7
                                    },
                                    "slot": "legs"
                                },
                                {
                                    "name": "null",
                                    "attribute": "generic.armorToughness",
                                    "operation": "addition",
                                    "amount": {
                                        "min": 2,
                                        "max": 2
                                    },
                                    "slot": "legs"
                                }
                            ]
                        }
                    ]
                }
            ]
        }
    ]
}