{
    "pools": [
        {
            "rolls": 1,
            "entries": [
                {
                    "type": "item",
                    "weight": 1,
                    "name": "minecraft:carrot_on_a_stick",
                    "functions": [
                        {
                            "function": "set_nbt",
                            "tag": "{HideFlags:63b,Unbreakable:1,EFF_0:1b,XPROD:1b,display:{Name:\"§aEckspei Rod\"},ench:[]}"
                        },
                        {
                            "function": "set_data",
                            "data": 18
                        }
                    ]
                }
            ]
        }
    ]
}