{
    "pools": [
        {
            "rolls": 1,
            "entries": [
                {
                    "type": "item",
                    "weight": 1,
                    "name": "minecraft:diamond_hoe",
                    "functions": [
                        {
                            "function": "set_nbt",
                            "tag": "{HideFlags:63,AttributeModifiers:[],Unbreakable:1,theRune:1b,macerate:1b,display:{Name:\"§aMacerator\",Lore:[\"§bCost = 1tmpu\"]}}"
                        },
                        {
                            "function": "set_data",
                            "data": 16
                        }
                    ]
                }
            ]
        }
    ]
}