{
    "pools": [
        {
            "rolls": 1,
            "entries": [
                {
                    "type": "item",
                    "weight": 1,
                    "name": "minecraft:diamond_hoe",
                    "functions": [
                        {
                            "function": "set_nbt",
                            "tag": "{HideFlags:63,AttributeModifiers:[],ench:[{id:-1}],Unbreakable:1,theRune:1b,poison2:1b,display:{Name:\"§aAscended Poison Emitter\",Lore:[\"§bCost = 10tmpu\"]}}"
                        },
                        {
                            "function": "set_data",
                            "data": 6
                        }
                    ]
                }
            ]
        }
    ]
}