{
    "pools": [
        {
            "rolls": 1,
            "entries": [
                {
                    "type": "item",
                    "weight": 1,
                    "name": "minecraft:diamond_hoe",
                    "functions": [
                        {
                            "function": "set_nbt",
                            "tag": "{HideFlags:63,AttributeModifiers:[],Unbreakable:1,ench:[{id:-1}],theRune:1b,quarry2:1b,display:{Name:\"§aAscended Quarry\",Lore:[\"§bCost = 15tmpu\"]}}"
                        },
                        {
                            "function": "set_data",
                            "data": 14
                        }
                    ]
                }
            ]
        }
    ]
}