{
    "pools": [
        {
            "rolls": 1,
            "entries": [
                {
                    "type": "item",
                    "weight": 1,
                    "name": "minecraft:diamond_hoe",
                    "functions": [
                        {
                            "function": "set_nbt",
                            "tag": "{HideFlags:63,ench:[{id:-1}],AttributeModifiers:[],Unbreakable:1,theRune:1b,infuser2:1b,display:{Name:\"§aAscended Spirit Infuser\",Lore:[\"§bCost = 1.0tmps\"]}}"
                        },
                        {
                            "function": "set_data",
                            "data": 13
                        }
                    ]
                }
            ]
        }
    ]
}