{
"__comment": "Designed by MasterianoX",
"textures": {
    "particle": "wynn/weapons/sets/lotr_set/lotr_bow",
    "texture": "wynn/weapons/sets/lotr_set/lotr_bow"
},
"elements": [ 
{
    "from": [ 4.5, 6.75, 7.375 ],
    "to": [ 4.75, 9.25, 8.625 ],
    "faces": {
        "down":  { "uv": [ 4.5, 9.25, 4.75, 9 ], "texture": "#texture" },
        "up":    { "uv": [ 4.5, 6.75, 4.75, 7 ], "texture": "#texture" },
        "north": { "uv": [ 4.75, 6.75, 4.5, 9.25 ], "texture": "#texture" },
        "south": { "uv": [ 4.5, 6.75, 4.75, 9.25 ], "texture": "#texture" },
        "west":  { "uv": [ 4.5, 6.75, 4.75, 9.25 ], "texture": "#texture" },
        "east":  { "uv": [ 4.75, 6.75, 4.5, 9.25 ], "texture": "#texture" }
    }
},
{
    "from": [ 4.75, 8.75, 7.375 ],
    "to": [ 5, 10.5, 8.625 ],
    "faces": {
        "down":  { "uv": [ 4.75, 7.25, 5, 7 ], "texture": "#texture" },
        "up":    { "uv": [ 4.75, 5.5, 5, 5.75 ], "texture": "#texture" },
        "north": { "uv": [ 5, 5.5, 4.75, 7.25 ], "texture": "#texture" },
        "south": { "uv": [ 4.75, 5.5, 5, 7.25 ], "texture": "#texture" },
        "west":  { "uv": [ 4.75, 5.5, 5, 7.25 ], "texture": "#texture" },
        "east":  { "uv": [ 5, 5.5, 4.75, 7.25 ], "texture": "#texture" }
    }
},
{
    "from": [ 4.75, 5.5, 7.375 ],
    "to": [ 5, 7.25, 8.625 ],
    "faces": {
        "down":  { "uv": [ 4.75, 10.5, 5, 10.25 ], "texture": "#texture" },
        "up":    { "uv": [ 4.75, 8.75, 5, 9 ], "texture": "#texture" },
        "north": { "uv": [ 5, 8.75, 4.75, 10.5 ], "texture": "#texture" },
        "south": { "uv": [ 4.75, 8.75, 5, 10.5 ], "texture": "#texture" },
        "west":  { "uv": [ 4.75, 8.75, 5, 10.5 ], "texture": "#texture" },
        "east":  { "uv": [ 5, 8.75, 4.75, 10.5 ], "texture": "#texture" }
    }
},
{
    "from": [ 5, 9.25, 7.375 ],
    "to": [ 5.25, 11.5, 8.625 ],
    "faces": {
        "down":  { "uv": [ 5, 6.75, 5.25, 6.5 ], "texture": "#texture" },
        "up":    { "uv": [ 5, 4.5, 5.25, 4.75 ], "texture": "#texture" },
        "north": { "uv": [ 5.25, 4.5, 5, 6.75 ], "texture": "#texture" },
        "south": { "uv": [ 5, 4.5, 5.25, 6.75 ], "texture": "#texture" },
        "west":  { "uv": [ 5, 4.5, 5.25, 6.75 ], "texture": "#texture" },
        "east":  { "uv": [ 5.25, 4.5, 5, 6.75 ], "texture": "#texture" }
    }
},
{
    "from": [ 5, 4.5, 7.375 ],
    "to": [ 5.25, 6.75, 8.625 ],
    "faces": {
        "down":  { "uv": [ 5, 11.5, 5.25, 11.25 ], "texture": "#texture" },
        "up":    { "uv": [ 5, 9.25, 5.25, 9.5 ], "texture": "#texture" },
        "north": { "uv": [ 5.25, 9.25, 5, 11.5 ], "texture": "#texture" },
        "south": { "uv": [ 5, 9.25, 5.25, 11.5 ], "texture": "#texture" },
        "west":  { "uv": [ 5, 9.25, 5.25, 11.5 ], "texture": "#texture" },
        "east":  { "uv": [ 5.25, 9.25, 5, 11.5 ], "texture": "#texture" }
    }
},
{
    "from": [ 5.25, 10.75, 7.375 ],
    "to": [ 5.5, 12, 8.625 ],
    "faces": {
        "down":  { "uv": [ 5.25, 5.25, 5.5, 5 ], "texture": "#texture" },
        "up":    { "uv": [ 5.25, 4, 5.5, 4.25 ], "texture": "#texture" },
        "north": { "uv": [ 5.5, 4, 5.25, 5.25 ], "texture": "#texture" },
        "south": { "uv": [ 5.25, 4, 5.5, 5.25 ], "texture": "#texture" },
        "west":  { "uv": [ 5.25, 4, 5.5, 5.25 ], "texture": "#texture" },
        "east":  { "uv": [ 5.5, 4, 5.25, 5.25 ], "texture": "#texture" }
    }
},
{
    "from": [ 5.25, 4, 7.375 ],
    "to": [ 5.5, 5.25, 8.625 ],
    "faces": {
        "down":  { "uv": [ 5.25, 12, 5.5, 11.75 ], "texture": "#texture" },
        "up":    { "uv": [ 5.25, 10.75, 5.5, 11 ], "texture": "#texture" },
        "north": { "uv": [ 5.5, 10.75, 5.25, 12 ], "texture": "#texture" },
        "south": { "uv": [ 5.25, 10.75, 5.5, 12 ], "texture": "#texture" },
        "west":  { "uv": [ 5.25, 10.75, 5.5, 12 ], "texture": "#texture" },
        "east":  { "uv": [ 5.5, 10.75, 5.25, 12 ], "texture": "#texture" }
    }
},
{
    "from": [ 5.5, 11.25, 7.375 ],
    "to": [ 5.75, 12.5, 8.625 ],
    "faces": {
        "down":  { "uv": [ 5.5, 4.75, 5.75, 4.5 ], "texture": "#texture" },
        "up":    { "uv": [ 5.5, 3.5, 5.75, 3.75 ], "texture": "#texture" },
        "north": { "uv": [ 5.75, 3.5, 5.5, 4.75 ], "texture": "#texture" },
        "south": { "uv": [ 5.5, 3.5, 5.75, 4.75 ], "texture": "#texture" },
        "west":  { "uv": [ 5.5, 3.5, 5.75, 4.75 ], "texture": "#texture" },
        "east":  { "uv": [ 5.75, 3.5, 5.5, 4.75 ], "texture": "#texture" }
    }
},
{
    "from": [ 5.5, 3.5, 7.375 ],
    "to": [ 5.75, 4.75, 8.625 ],
    "faces": {
        "down":  { "uv": [ 5.5, 12.5, 5.75, 12.25 ], "texture": "#texture" },
        "up":    { "uv": [ 5.5, 11.25, 5.75, 11.5 ], "texture": "#texture" },
        "north": { "uv": [ 5.75, 11.25, 5.5, 12.5 ], "texture": "#texture" },
        "south": { "uv": [ 5.5, 11.25, 5.75, 12.5 ], "texture": "#texture" },
        "west":  { "uv": [ 5.5, 11.25, 5.75, 12.5 ], "texture": "#texture" },
        "east":  { "uv": [ 5.75, 11.25, 5.5, 12.5 ], "texture": "#texture" }
    }
},
{
    "from": [ 5.75, 11.5, 7.375 ],
    "to": [ 6, 12.5, 8.625 ],
    "faces": {
        "down":  { "uv": [ 5.75, 4.5, 6, 4.25 ], "texture": "#texture" },
        "up":    { "uv": [ 5.75, 3.5, 6, 3.75 ], "texture": "#texture" },
        "north": { "uv": [ 6, 3.5, 5.75, 4.5 ], "texture": "#texture" },
        "south": { "uv": [ 5.75, 3.5, 6, 4.5 ], "texture": "#texture" },
        "west":  { "uv": [ 5.75, 3.5, 6, 4.5 ], "texture": "#texture" },
        "east":  { "uv": [ 6, 3.5, 5.75, 4.5 ], "texture": "#texture" }
    }
},
{
    "from": [ 5.75, 3.5, 7.375 ],
    "to": [ 6, 4.5, 8.625 ],
    "faces": {
        "down":  { "uv": [ 5.75, 12.5, 6, 12.25 ], "texture": "#texture" },
        "up":    { "uv": [ 5.75, 11.5, 6, 11.75 ], "texture": "#texture" },
        "north": { "uv": [ 6, 11.5, 5.75, 12.5 ], "texture": "#texture" },
        "south": { "uv": [ 5.75, 11.5, 6, 12.5 ], "texture": "#texture" },
        "west":  { "uv": [ 5.75, 11.5, 6, 12.5 ], "texture": "#texture" },
        "east":  { "uv": [ 6, 11.5, 5.75, 12.5 ], "texture": "#texture" }
    }
},
{
    "from": [ 6, 11.75, 7.375 ],
    "to": [ 6.25, 12.75, 8.625 ],
    "faces": {
        "down":  { "uv": [ 6, 4.25, 6.25, 4 ], "texture": "#texture" },
        "up":    { "uv": [ 6, 3.25, 6.25, 3.5 ], "texture": "#texture" },
        "north": { "uv": [ 6.25, 3.25, 6, 4.25 ], "texture": "#texture" },
        "south": { "uv": [ 6, 3.25, 6.25, 4.25 ], "texture": "#texture" },
        "west":  { "uv": [ 6, 3.25, 6.25, 4.25 ], "texture": "#texture" },
        "east":  { "uv": [ 6.25, 3.25, 6, 4.25 ], "texture": "#texture" }
    }
},
{
    "from": [ 6, 3.25, 7.375 ],
    "to": [ 6.25, 4.25, 8.625 ],
    "faces": {
        "down":  { "uv": [ 6, 12.75, 6.25, 12.5 ], "texture": "#texture" },
        "up":    { "uv": [ 6, 11.75, 6.25, 12 ], "texture": "#texture" },
        "north": { "uv": [ 6.25, 11.75, 6, 12.75 ], "texture": "#texture" },
        "south": { "uv": [ 6, 11.75, 6.25, 12.75 ], "texture": "#texture" },
        "west":  { "uv": [ 6, 11.75, 6.25, 12.75 ], "texture": "#texture" },
        "east":  { "uv": [ 6.25, 11.75, 6, 12.75 ], "texture": "#texture" }
    }
},
{
    "from": [ 6.25, 12, 7.375 ],
    "to": [ 6.5, 12.75, 8.625 ],
    "faces": {
        "down":  { "uv": [ 6.25, 4, 6.5, 3.75 ], "texture": "#texture" },
        "up":    { "uv": [ 6.25, 3.25, 6.5, 3.5 ], "texture": "#texture" },
        "north": { "uv": [ 6.5, 3.25, 6.25, 4 ], "texture": "#texture" },
        "south": { "uv": [ 6.25, 3.25, 6.5, 4 ], "texture": "#texture" },
        "west":  { "uv": [ 6.25, 3.25, 6.5, 4 ], "texture": "#texture" },
        "east":  { "uv": [ 6.5, 3.25, 6.25, 4 ], "texture": "#texture" }
    }
},
{
    "from": [ 6.25, 3.25, 7.375 ],
    "to": [ 6.5, 4, 8.625 ],
    "faces": {
        "down":  { "uv": [ 6.25, 12.75, 6.5, 12.5 ], "texture": "#texture" },
        "up":    { "uv": [ 6.25, 12, 6.5, 12.25 ], "texture": "#texture" },
        "north": { "uv": [ 6.5, 12, 6.25, 12.75 ], "texture": "#texture" },
        "south": { "uv": [ 6.25, 12, 6.5, 12.75 ], "texture": "#texture" },
        "west":  { "uv": [ 6.25, 12, 6.5, 12.75 ], "texture": "#texture" },
        "east":  { "uv": [ 6.5, 12, 6.25, 12.75 ], "texture": "#texture" }
    }
},
{
    "from": [ 6.5, 12.25, 7.375 ],
    "to": [ 6.75, 13, 8.625 ],
    "faces": {
        "down":  { "uv": [ 6.5, 3.75, 6.75, 3.5 ], "texture": "#texture" },
        "up":    { "uv": [ 6.5, 3, 6.75, 3.25 ], "texture": "#texture" },
        "north": { "uv": [ 6.75, 3, 6.5, 3.75 ], "texture": "#texture" },
        "south": { "uv": [ 6.5, 3, 6.75, 3.75 ], "texture": "#texture" },
        "west":  { "uv": [ 6.5, 3, 6.75, 3.75 ], "texture": "#texture" },
        "east":  { "uv": [ 6.75, 3, 6.5, 3.75 ], "texture": "#texture" }
    }
},
{
    "from": [ 6.5, 3, 7.375 ],
    "to": [ 6.75, 3.75, 8.625 ],
    "faces": {
        "down":  { "uv": [ 6.5, 13, 6.75, 12.75 ], "texture": "#texture" },
        "up":    { "uv": [ 6.5, 12.25, 6.75, 12.5 ], "texture": "#texture" },
        "north": { "uv": [ 6.75, 12.25, 6.5, 13 ], "texture": "#texture" },
        "south": { "uv": [ 6.5, 12.25, 6.75, 13 ], "texture": "#texture" },
        "west":  { "uv": [ 6.5, 12.25, 6.75, 13 ], "texture": "#texture" },
        "east":  { "uv": [ 6.75, 12.25, 6.5, 13 ], "texture": "#texture" }
    }
},
{
    "from": [ 6.75, 12.5, 7.375 ],
    "to": [ 7, 13, 8.625 ],
    "faces": {
        "down":  { "uv": [ 6.75, 3.5, 7, 3.25 ], "texture": "#texture" },
        "up":    { "uv": [ 6.75, 3, 7, 3.25 ], "texture": "#texture" },
        "north": { "uv": [ 7, 3, 6.75, 3.5 ], "texture": "#texture" },
        "south": { "uv": [ 6.75, 3, 7, 3.5 ], "texture": "#texture" },
        "west":  { "uv": [ 6.75, 3, 7, 3.5 ], "texture": "#texture" },
        "east":  { "uv": [ 7, 3, 6.75, 3.5 ], "texture": "#texture" }
    }
},
{
    "from": [ 6.75, 3, 7.375 ],
    "to": [ 7, 3.5, 8.625 ],
    "faces": {
        "down":  { "uv": [ 6.75, 13, 7, 12.75 ], "texture": "#texture" },
        "up":    { "uv": [ 6.75, 12.5, 7, 12.75 ], "texture": "#texture" },
        "north": { "uv": [ 7, 12.5, 6.75, 13 ], "texture": "#texture" },
        "south": { "uv": [ 6.75, 12.5, 7, 13 ], "texture": "#texture" },
        "west":  { "uv": [ 6.75, 12.5, 7, 13 ], "texture": "#texture" },
        "east":  { "uv": [ 7, 12.5, 6.75, 13 ], "texture": "#texture" }
    }
},
{
    "from": [ 7, 12.75, 7.375 ],
    "to": [ 7.5, 13.25, 8.625 ],
    "faces": {
        "down":  { "uv": [ 7, 3.25, 7.5, 3 ], "texture": "#texture" },
        "up":    { "uv": [ 7, 2.75, 7.5, 3 ], "texture": "#texture" },
        "north": { "uv": [ 7.5, 2.75, 7, 3.25 ], "texture": "#texture" },
        "south": { "uv": [ 7, 2.75, 7.5, 3.25 ], "texture": "#texture" },
        "west":  { "uv": [ 7, 2.75, 7.25, 3.25 ], "texture": "#texture" },
        "east":  { "uv": [ 7.5, 2.75, 7.25, 3.25 ], "texture": "#texture" }
    }
},
{
    "from": [ 7, 2.75, 7.375 ],
    "to": [ 7.5, 3.25, 8.625 ],
    "faces": {
        "down":  { "uv": [ 7, 13.25, 7.5, 13 ], "texture": "#texture" },
        "up":    { "uv": [ 7, 12.75, 7.5, 13 ], "texture": "#texture" },
        "north": { "uv": [ 7.5, 12.75, 7, 13.25 ], "texture": "#texture" },
        "south": { "uv": [ 7, 12.75, 7.5, 13.25 ], "texture": "#texture" },
        "west":  { "uv": [ 7, 12.75, 7.25, 13.25 ], "texture": "#texture" },
        "east":  { "uv": [ 7.5, 12.75, 7.25, 13.25 ], "texture": "#texture" }
    }
},
{
    "from": [ 7.5, 13, 7.375 ],
    "to": [ 8, 13.25, 8.625 ],
    "faces": {
        "down":  { "uv": [ 7.5, 3, 8, 2.75 ], "texture": "#texture" },
        "up":    { "uv": [ 7.5, 2.75, 8, 3 ], "texture": "#texture" },
        "north": { "uv": [ 8, 2.75, 7.5, 3 ], "texture": "#texture" },
        "south": { "uv": [ 7.5, 2.75, 8, 3 ], "texture": "#texture" },
        "west":  { "uv": [ 7.5, 2.75, 7.75, 3 ], "texture": "#texture" },
        "east":  { "uv": [ 8, 2.75, 7.75, 3 ], "texture": "#texture" }
    }
},
{
    "from": [ 7.5, 2.75, 7.375 ],
    "to": [ 8, 3, 8.625 ],
    "faces": {
        "down":  { "uv": [ 7.5, 13.25, 8, 13 ], "texture": "#texture" },
        "up":    { "uv": [ 7.5, 13, 8, 13.25 ], "texture": "#texture" },
        "north": { "uv": [ 8, 13, 7.5, 13.25 ], "texture": "#texture" },
        "south": { "uv": [ 7.5, 13, 8, 13.25 ], "texture": "#texture" },
        "west":  { "uv": [ 7.5, 13, 7.75, 13.25 ], "texture": "#texture" },
        "east":  { "uv": [ 8, 13, 7.75, 13.25 ], "texture": "#texture" }
    }
},
{
    "from": [ 7.75, 13.25, 7.375 ],
    "to": [ 8.25, 13.5, 8.625 ],
    "faces": {
        "down":  { "uv": [ 7.75, 2.75, 8.25, 2.5 ], "texture": "#texture" },
        "up":    { "uv": [ 7.75, 2.5, 8.25, 2.75 ], "texture": "#texture" },
        "north": { "uv": [ 8.25, 2.5, 7.75, 2.75 ], "texture": "#texture" },
        "south": { "uv": [ 7.75, 2.5, 8.25, 2.75 ], "texture": "#texture" },
        "west":  { "uv": [ 7.75, 2.5, 8, 2.75 ], "texture": "#texture" },
        "east":  { "uv": [ 8.25, 2.5, 8, 2.75 ], "texture": "#texture" }
    }
},
{
    "from": [ 7.75, 2.5, 7.375 ],
    "to": [ 8.25, 2.75, 8.625 ],
    "faces": {
        "down":  { "uv": [ 7.75, 13.5, 8.25, 13.25 ], "texture": "#texture" },
        "up":    { "uv": [ 7.75, 13.25, 8.25, 13.5 ], "texture": "#texture" },
        "north": { "uv": [ 8.25, 13.25, 7.75, 13.5 ], "texture": "#texture" },
        "south": { "uv": [ 7.75, 13.25, 8.25, 13.5 ], "texture": "#texture" },
        "west":  { "uv": [ 7.75, 13.25, 8, 13.5 ], "texture": "#texture" },
        "east":  { "uv": [ 8.25, 13.25, 8, 13.5 ], "texture": "#texture" }
    }
},
{
    "from": [ 8.25, 13.5, 7.375 ],
    "to": [ 8.5, 13.75, 8.625 ],
    "faces": {
        "down":  { "uv": [ 8.25, 2.5, 8.5, 2.25 ], "texture": "#texture" },
        "up":    { "uv": [ 8.25, 2.25, 8.5, 2.5 ], "texture": "#texture" },
        "north": { "uv": [ 8.5, 2.25, 8.25, 2.5 ], "texture": "#texture" },
        "south": { "uv": [ 8.25, 2.25, 8.5, 2.5 ], "texture": "#texture" },
        "west":  { "uv": [ 8.25, 2.25, 8.5, 2.5 ], "texture": "#texture" },
        "east":  { "uv": [ 8.5, 2.25, 8.25, 2.5 ], "texture": "#texture" }
    }
},
{
    "from": [ 8.25, 2.25, 7.375 ],
    "to": [ 8.5, 2.5, 8.625 ],
    "faces": {
        "down":  { "uv": [ 8.25, 13.75, 8.5, 13.5 ], "texture": "#texture" },
        "up":    { "uv": [ 8.25, 13.5, 8.5, 13.75 ], "texture": "#texture" },
        "north": { "uv": [ 8.5, 13.5, 8.25, 13.75 ], "texture": "#texture" },
        "south": { "uv": [ 8.25, 13.5, 8.5, 13.75 ], "texture": "#texture" },
        "west":  { "uv": [ 8.25, 13.5, 8.5, 13.75 ], "texture": "#texture" },
        "east":  { "uv": [ 8.5, 13.5, 8.25, 13.75 ], "texture": "#texture" }
    }
},
{
    "from": [ 8.5, 2, 7.375 ],
    "to": [ 8.75, 2.25, 8.625 ],
    "faces": {
        "down":  { "uv": [ 8.5, 14, 8.75, 13.75 ], "texture": "#texture" },
        "up":    { "uv": [ 8.5, 13.75, 8.75, 14 ], "texture": "#texture" },
        "north": { "uv": [ 8.75, 13.75, 8.5, 14 ], "texture": "#texture" },
        "south": { "uv": [ 8.5, 13.75, 8.75, 14 ], "texture": "#texture" },
        "west":  { "uv": [ 8.5, 13.75, 8.75, 14 ], "texture": "#texture" },
        "east":  { "uv": [ 8.75, 13.75, 8.5, 14 ], "texture": "#texture" }
    }
},
{
    "from": [ 9, 14, 7.375 ],
    "to": [ 9.5, 14.25, 8.625 ],
    "faces": {
        "down":  { "uv": [ 9, 2, 9.5, 1.75 ], "texture": "#texture" },
        "up":    { "uv": [ 9, 1.75, 9.5, 2 ], "texture": "#texture" },
        "north": { "uv": [ 9.5, 1.75, 9, 2 ], "texture": "#texture" },
        "south": { "uv": [ 9, 1.75, 9.5, 2 ], "texture": "#texture" },
        "west":  { "uv": [ 9, 1.75, 9.25, 2 ], "texture": "#texture" },
        "east":  { "uv": [ 9.5, 1.75, 9.25, 2 ], "texture": "#texture" }
    }
},
{
    "from": [ 9, 1.75, 7.375 ],
    "to": [ 9.5, 2, 8.625 ],
    "faces": {
        "down":  { "uv": [ 9, 14.25, 9.5, 14 ], "texture": "#texture" },
        "up":    { "uv": [ 9, 14, 9.5, 14.25 ], "texture": "#texture" },
        "north": { "uv": [ 9.5, 14, 9, 14.25 ], "texture": "#texture" },
        "south": { "uv": [ 9, 14, 9.5, 14.25 ], "texture": "#texture" },
        "west":  { "uv": [ 9, 14, 9.25, 14.25 ], "texture": "#texture" },
        "east":  { "uv": [ 9.5, 14, 9.25, 14.25 ], "texture": "#texture" }
    }
},
{
    "from": [ 9.25, 14.25, 7.375 ],
    "to": [ 9.5, 14.5, 8.625 ],
    "faces": {
        "down":  { "uv": [ 9.25, 1.75, 9.5, 1.5 ], "texture": "#texture" },
        "up":    { "uv": [ 9.25, 1.5, 9.5, 1.75 ], "texture": "#texture" },
        "north": { "uv": [ 9.5, 1.5, 9.25, 1.75 ], "texture": "#texture" },
        "south": { "uv": [ 9.25, 1.5, 9.5, 1.75 ], "texture": "#texture" },
        "west":  { "uv": [ 9.25, 1.5, 9.5, 1.75 ], "texture": "#texture" },
        "east":  { "uv": [ 9.5, 1.5, 9.25, 1.75 ], "texture": "#texture" }
    }
},
{
    "from": [ 9.25, 1.5, 7.375 ],
    "to": [ 9.5, 1.75, 8.625 ],
    "faces": {
        "down":  { "uv": [ 9.25, 14.5, 9.5, 14.25 ], "texture": "#texture" },
        "up":    { "uv": [ 9.25, 14.25, 9.5, 14.5 ], "texture": "#texture" },
        "north": { "uv": [ 9.5, 14.25, 9.25, 14.5 ], "texture": "#texture" },
        "south": { "uv": [ 9.25, 14.25, 9.5, 14.5 ], "texture": "#texture" },
        "west":  { "uv": [ 9.25, 14.25, 9.5, 14.5 ], "texture": "#texture" },
        "east":  { "uv": [ 9.5, 14.25, 9.25, 14.5 ], "texture": "#texture" }
    }
},
{
    "from": [ 9.5, 14.5, 7.375 ],
    "to": [ 9.75, 15.25, 8.625 ],
    "faces": {
        "down":  { "uv": [ 9.5, 1.5, 9.75, 1.25 ], "texture": "#texture" },
        "up":    { "uv": [ 9.5, 0.75, 9.75, 1 ], "texture": "#texture" },
        "north": { "uv": [ 9.75, 0.75, 9.5, 1.5 ], "texture": "#texture" },
        "south": { "uv": [ 9.5, 0.75, 9.75, 1.5 ], "texture": "#texture" },
        "west":  { "uv": [ 9.5, 0.75, 9.75, 1.5 ], "texture": "#texture" },
        "east":  { "uv": [ 9.75, 0.75, 9.5, 1.5 ], "texture": "#texture" }
    }
},
{
    "from": [ 9.5, 0.75, 7.375 ],
    "to": [ 9.75, 1.5, 8.625 ],
    "faces": {
        "down":  { "uv": [ 9.5, 15.25, 9.75, 15 ], "texture": "#texture" },
        "up":    { "uv": [ 9.5, 14.5, 9.75, 14.75 ], "texture": "#texture" },
        "north": { "uv": [ 9.75, 14.5, 9.5, 15.25 ], "texture": "#texture" },
        "south": { "uv": [ 9.5, 14.5, 9.75, 15.25 ], "texture": "#texture" },
        "west":  { "uv": [ 9.5, 14.5, 9.75, 15.25 ], "texture": "#texture" },
        "east":  { "uv": [ 9.75, 14.5, 9.5, 15.25 ], "texture": "#texture" }
    }
},
{
    "from": [ 4.25, 6.75, 7.625 ],
    "to": [ 5, 9.25, 8.375 ],
    "faces": {
        "down":  { "uv": [ 4.25, 9.25, 5, 9 ], "texture": "#texture" },
        "up":    { "uv": [ 4.25, 6.75, 5, 7 ], "texture": "#texture" },
        "north": { "uv": [ 5, 6.75, 4.25, 9.25 ], "texture": "#texture" },
        "south": { "uv": [ 4.25, 6.75, 5, 9.25 ], "texture": "#texture" },
        "west":  { "uv": [ 4.25, 6.75, 4.5, 9.25 ], "texture": "#texture" },
        "east":  { "uv": [ 5, 6.75, 4.75, 9.25 ], "texture": "#texture" }
    }
},
{
    "from": [ 4.5, 9.25, 7.625 ],
    "to": [ 5.5, 10.5, 8.375 ],
    "faces": {
        "down":  { "uv": [ 4.5, 6.75, 5.5, 6.5 ], "texture": "#texture" },
        "up":    { "uv": [ 4.5, 5.5, 5.5, 5.75 ], "texture": "#texture" },
        "north": { "uv": [ 5.5, 5.5, 4.5, 6.75 ], "texture": "#texture" },
        "south": { "uv": [ 4.5, 5.5, 5.5, 6.75 ], "texture": "#texture" },
        "west":  { "uv": [ 4.5, 5.5, 4.75, 6.75 ], "texture": "#texture" },
        "east":  { "uv": [ 5.5, 5.5, 5.25, 6.75 ], "texture": "#texture" }
    }
},
{
    "from": [ 4.5, 5.5, 7.625 ],
    "to": [ 5.5, 6.75, 8.375 ],
    "faces": {
        "down":  { "uv": [ 4.5, 10.5, 5.5, 10.25 ], "texture": "#texture" },
        "up":    { "uv": [ 4.5, 9.25, 5.5, 9.5 ], "texture": "#texture" },
        "north": { "uv": [ 5.5, 9.25, 4.5, 10.5 ], "texture": "#texture" },
        "south": { "uv": [ 4.5, 9.25, 5.5, 10.5 ], "texture": "#texture" },
        "west":  { "uv": [ 4.5, 9.25, 4.75, 10.5 ], "texture": "#texture" },
        "east":  { "uv": [ 5.5, 9.25, 5.25, 10.5 ], "texture": "#texture" }
    }
},
{
    "from": [ 4.75, 10.5, 7.625 ],
    "to": [ 5.5, 11.5, 8.375 ],
    "faces": {
        "down":  { "uv": [ 4.75, 5.5, 5.5, 5.25 ], "texture": "#texture" },
        "up":    { "uv": [ 4.75, 4.5, 5.5, 4.75 ], "texture": "#texture" },
        "north": { "uv": [ 5.5, 4.5, 4.75, 5.5 ], "texture": "#texture" },
        "south": { "uv": [ 4.75, 4.5, 5.5, 5.5 ], "texture": "#texture" },
        "west":  { "uv": [ 4.75, 4.5, 5, 5.5 ], "texture": "#texture" },
        "east":  { "uv": [ 5.5, 4.5, 5.25, 5.5 ], "texture": "#texture" }
    }
},
{
    "from": [ 4.75, 4.5, 7.625 ],
    "to": [ 5.5, 5.5, 8.375 ],
    "faces": {
        "down":  { "uv": [ 4.75, 11.5, 5.5, 11.25 ], "texture": "#texture" },
        "up":    { "uv": [ 4.75, 10.5, 5.5, 10.75 ], "texture": "#texture" },
        "north": { "uv": [ 5.5, 10.5, 4.75, 11.5 ], "texture": "#texture" },
        "south": { "uv": [ 4.75, 10.5, 5.5, 11.5 ], "texture": "#texture" },
        "west":  { "uv": [ 4.75, 10.5, 5, 11.5 ], "texture": "#texture" },
        "east":  { "uv": [ 5.5, 10.5, 5.25, 11.5 ], "texture": "#texture" }
    }
},
{
    "from": [ 5, 11.5, 7.625 ],
    "to": [ 6.25, 12, 8.375 ],
    "faces": {
        "down":  { "uv": [ 5, 4.5, 6.25, 4.25 ], "texture": "#texture" },
        "up":    { "uv": [ 5, 4, 6.25, 4.25 ], "texture": "#texture" },
        "north": { "uv": [ 6.25, 4, 5, 4.5 ], "texture": "#texture" },
        "south": { "uv": [ 5, 4, 6.25, 4.5 ], "texture": "#texture" },
        "west":  { "uv": [ 5, 4, 5.25, 4.5 ], "texture": "#texture" },
        "east":  { "uv": [ 6.25, 4, 6, 4.5 ], "texture": "#texture" }
    }
},
{
    "from": [ 5, 8.75, 7.625 ],
    "to": [ 5.25, 9.25, 8.375 ],
    "faces": {
        "down":  { "uv": [ 5, 7.25, 5.25, 7 ], "texture": "#texture" },
        "up":    { "uv": [ 5, 6.75, 5.25, 7 ], "texture": "#texture" },
        "north": { "uv": [ 5.25, 6.75, 5, 7.25 ], "texture": "#texture" },
        "south": { "uv": [ 5, 6.75, 5.25, 7.25 ], "texture": "#texture" },
        "west":  { "uv": [ 5, 6.75, 5.25, 7.25 ], "texture": "#texture" },
        "east":  { "uv": [ 5.25, 6.75, 5, 7.25 ], "texture": "#texture" }
    }
},
{
    "from": [ 5, 6.75, 7.625 ],
    "to": [ 5.25, 7.25, 8.375 ],
    "faces": {
        "down":  { "uv": [ 5, 9.25, 5.25, 9 ], "texture": "#texture" },
        "up":    { "uv": [ 5, 8.75, 5.25, 9 ], "texture": "#texture" },
        "north": { "uv": [ 5.25, 8.75, 5, 9.25 ], "texture": "#texture" },
        "south": { "uv": [ 5, 8.75, 5.25, 9.25 ], "texture": "#texture" },
        "west":  { "uv": [ 5, 8.75, 5.25, 9.25 ], "texture": "#texture" },
        "east":  { "uv": [ 5.25, 8.75, 5, 9.25 ], "texture": "#texture" }
    }
},
{
    "from": [ 5, 4, 7.625 ],
    "to": [ 6.25, 4.5, 8.375 ],
    "faces": {
        "down":  { "uv": [ 5, 12, 6.25, 11.75 ], "texture": "#texture" },
        "up":    { "uv": [ 5, 11.5, 6.25, 11.75 ], "texture": "#texture" },
        "north": { "uv": [ 6.25, 11.5, 5, 12 ], "texture": "#texture" },
        "south": { "uv": [ 5, 11.5, 6.25, 12 ], "texture": "#texture" },
        "west":  { "uv": [ 5, 11.5, 5.25, 12 ], "texture": "#texture" },
        "east":  { "uv": [ 6.25, 11.5, 6, 12 ], "texture": "#texture" }
    }
},
{
    "from": [ 5.25, 12, 7.625 ],
    "to": [ 6.75, 12.5, 8.375 ],
    "faces": {
        "down":  { "uv": [ 5.25, 4, 6.75, 3.75 ], "texture": "#texture" },
        "up":    { "uv": [ 5.25, 3.5, 6.75, 3.75 ], "texture": "#texture" },
        "north": { "uv": [ 6.75, 3.5, 5.25, 4 ], "texture": "#texture" },
        "south": { "uv": [ 5.25, 3.5, 6.75, 4 ], "texture": "#texture" },
        "west":  { "uv": [ 5.25, 3.5, 5.5, 4 ], "texture": "#texture" },
        "east":  { "uv": [ 6.75, 3.5, 6.5, 4 ], "texture": "#texture" }
    }
},
{
    "from": [ 5.25, 3.5, 7.625 ],
    "to": [ 6.75, 4, 8.375 ],
    "faces": {
        "down":  { "uv": [ 5.25, 12.5, 6.75, 12.25 ], "texture": "#texture" },
        "up":    { "uv": [ 5.25, 12, 6.75, 12.25 ], "texture": "#texture" },
        "north": { "uv": [ 6.75, 12, 5.25, 12.5 ], "texture": "#texture" },
        "south": { "uv": [ 5.25, 12, 6.75, 12.5 ], "texture": "#texture" },
        "west":  { "uv": [ 5.25, 12, 5.5, 12.5 ], "texture": "#texture" },
        "east":  { "uv": [ 6.75, 12, 6.5, 12.5 ], "texture": "#texture" }
    }
},
{
    "from": [ 5.5, 12.5, 7.625 ],
    "to": [ 7.5, 12.75, 8.375 ],
    "faces": {
        "down":  { "uv": [ 5.5, 3.5, 7.5, 3.25 ], "texture": "#texture" },
        "up":    { "uv": [ 5.5, 3.25, 7.5, 3.5 ], "texture": "#texture" },
        "north": { "uv": [ 7.5, 3.25, 5.5, 3.5 ], "texture": "#texture" },
        "south": { "uv": [ 5.5, 3.25, 7.5, 3.5 ], "texture": "#texture" },
        "west":  { "uv": [ 5.5, 3.25, 5.75, 3.5 ], "texture": "#texture" },
        "east":  { "uv": [ 7.5, 3.25, 7.25, 3.5 ], "texture": "#texture" }
    }
},
{
    "from": [ 5.5, 10.75, 7.625 ],
    "to": [ 5.75, 11.5, 8.375 ],
    "faces": {
        "down":  { "uv": [ 5.5, 5.25, 5.75, 5 ], "texture": "#texture" },
        "up":    { "uv": [ 5.5, 4.5, 5.75, 4.75 ], "texture": "#texture" },
        "north": { "uv": [ 5.75, 4.5, 5.5, 5.25 ], "texture": "#texture" },
        "south": { "uv": [ 5.5, 4.5, 5.75, 5.25 ], "texture": "#texture" },
        "west":  { "uv": [ 5.5, 4.5, 5.75, 5.25 ], "texture": "#texture" },
        "east":  { "uv": [ 5.75, 4.5, 5.5, 5.25 ], "texture": "#texture" }
    }
},
{
    "from": [ 5.5, 4.5, 7.625 ],
    "to": [ 5.75, 5.25, 8.375 ],
    "faces": {
        "down":  { "uv": [ 5.5, 11.5, 5.75, 11.25 ], "texture": "#texture" },
        "up":    { "uv": [ 5.5, 10.75, 5.75, 11 ], "texture": "#texture" },
        "north": { "uv": [ 5.75, 10.75, 5.5, 11.5 ], "texture": "#texture" },
        "south": { "uv": [ 5.5, 10.75, 5.75, 11.5 ], "texture": "#texture" },
        "west":  { "uv": [ 5.5, 10.75, 5.75, 11.5 ], "texture": "#texture" },
        "east":  { "uv": [ 5.75, 10.75, 5.5, 11.5 ], "texture": "#texture" }
    }
},
{
    "from": [ 5.5, 3.25, 7.625 ],
    "to": [ 7.5, 3.5, 8.375 ],
    "faces": {
        "down":  { "uv": [ 5.5, 12.75, 7.5, 12.5 ], "texture": "#texture" },
        "up":    { "uv": [ 5.5, 12.5, 7.5, 12.75 ], "texture": "#texture" },
        "north": { "uv": [ 7.5, 12.5, 5.5, 12.75 ], "texture": "#texture" },
        "south": { "uv": [ 5.5, 12.5, 7.5, 12.75 ], "texture": "#texture" },
        "west":  { "uv": [ 5.5, 12.5, 5.75, 12.75 ], "texture": "#texture" },
        "east":  { "uv": [ 7.5, 12.5, 7.25, 12.75 ], "texture": "#texture" }
    }
},
{
    "from": [ 5.75, 11.25, 7.625 ],
    "to": [ 6, 11.5, 8.375 ],
    "faces": {
        "down":  { "uv": [ 5.75, 4.75, 6, 4.5 ], "texture": "#texture" },
        "up":    { "uv": [ 5.75, 4.5, 6, 4.75 ], "texture": "#texture" },
        "north": { "uv": [ 6, 4.5, 5.75, 4.75 ], "texture": "#texture" },
        "south": { "uv": [ 5.75, 4.5, 6, 4.75 ], "texture": "#texture" },
        "west":  { "uv": [ 5.75, 4.5, 6, 4.75 ], "texture": "#texture" },
        "east":  { "uv": [ 6, 4.5, 5.75, 4.75 ], "texture": "#texture" }
    }
},
{
    "from": [ 5.75, 4.5, 7.625 ],
    "to": [ 6, 4.75, 8.375 ],
    "faces": {
        "down":  { "uv": [ 5.75, 11.5, 6, 11.25 ], "texture": "#texture" },
        "up":    { "uv": [ 5.75, 11.25, 6, 11.5 ], "texture": "#texture" },
        "north": { "uv": [ 6, 11.25, 5.75, 11.5 ], "texture": "#texture" },
        "south": { "uv": [ 5.75, 11.25, 6, 11.5 ], "texture": "#texture" },
        "west":  { "uv": [ 5.75, 11.25, 6, 11.5 ], "texture": "#texture" },
        "east":  { "uv": [ 6, 11.25, 5.75, 11.5 ], "texture": "#texture" }
    }
},
{
    "from": [ 6, 12.75, 7.625 ],
    "to": [ 8, 13, 8.375 ],
    "faces": {
        "down":  { "uv": [ 6, 3.25, 8, 3 ], "texture": "#texture" },
        "up":    { "uv": [ 6, 3, 8, 3.25 ], "texture": "#texture" },
        "north": { "uv": [ 8, 3, 6, 3.25 ], "texture": "#texture" },
        "south": { "uv": [ 6, 3, 8, 3.25 ], "texture": "#texture" },
        "west":  { "uv": [ 6, 3, 6.25, 3.25 ], "texture": "#texture" },
        "east":  { "uv": [ 8, 3, 7.75, 3.25 ], "texture": "#texture" }
    }
},
{
    "from": [ 6, 3, 7.625 ],
    "to": [ 8, 3.25, 8.375 ],
    "faces": {
        "down":  { "uv": [ 6, 13, 8, 12.75 ], "texture": "#texture" },
        "up":    { "uv": [ 6, 12.75, 8, 13 ], "texture": "#texture" },
        "north": { "uv": [ 8, 12.75, 6, 13 ], "texture": "#texture" },
        "south": { "uv": [ 6, 12.75, 8, 13 ], "texture": "#texture" },
        "west":  { "uv": [ 6, 12.75, 6.25, 13 ], "texture": "#texture" },
        "east":  { "uv": [ 8, 12.75, 7.75, 13 ], "texture": "#texture" }
    }
},
{
    "from": [ 6.25, 11.75, 7.625 ],
    "to": [ 6.5, 12, 8.375 ],
    "faces": {
        "down":  { "uv": [ 6.25, 4.25, 6.5, 4 ], "texture": "#texture" },
        "up":    { "uv": [ 6.25, 4, 6.5, 4.25 ], "texture": "#texture" },
        "north": { "uv": [ 6.5, 4, 6.25, 4.25 ], "texture": "#texture" },
        "south": { "uv": [ 6.25, 4, 6.5, 4.25 ], "texture": "#texture" },
        "west":  { "uv": [ 6.25, 4, 6.5, 4.25 ], "texture": "#texture" },
        "east":  { "uv": [ 6.5, 4, 6.25, 4.25 ], "texture": "#texture" }
    }
},
{
    "from": [ 6.25, 4, 7.625 ],
    "to": [ 6.5, 4.25, 8.375 ],
    "faces": {
        "down":  { "uv": [ 6.25, 12, 6.5, 11.75 ], "texture": "#texture" },
        "up":    { "uv": [ 6.25, 11.75, 6.5, 12 ], "texture": "#texture" },
        "north": { "uv": [ 6.5, 11.75, 6.25, 12 ], "texture": "#texture" },
        "south": { "uv": [ 6.25, 11.75, 6.5, 12 ], "texture": "#texture" },
        "west":  { "uv": [ 6.25, 11.75, 6.5, 12 ], "texture": "#texture" },
        "east":  { "uv": [ 6.5, 11.75, 6.25, 12 ], "texture": "#texture" }
    }
},
{
    "from": [ 6.5, 13, 7.625 ],
    "to": [ 8.25, 13.25, 8.375 ],
    "faces": {
        "down":  { "uv": [ 6.5, 3, 8.25, 2.75 ], "texture": "#texture" },
        "up":    { "uv": [ 6.5, 2.75, 8.25, 3 ], "texture": "#texture" },
        "north": { "uv": [ 8.25, 2.75, 6.5, 3 ], "texture": "#texture" },
        "south": { "uv": [ 6.5, 2.75, 8.25, 3 ], "texture": "#texture" },
        "west":  { "uv": [ 6.5, 2.75, 6.75, 3 ], "texture": "#texture" },
        "east":  { "uv": [ 8.25, 2.75, 8, 3 ], "texture": "#texture" }
    }
},
{
    "from": [ 6.5, 2.75, 7.625 ],
    "to": [ 8.25, 3, 8.375 ],
    "faces": {
        "down":  { "uv": [ 6.5, 13.25, 8.25, 13 ], "texture": "#texture" },
        "up":    { "uv": [ 6.5, 13, 8.25, 13.25 ], "texture": "#texture" },
        "north": { "uv": [ 8.25, 13, 6.5, 13.25 ], "texture": "#texture" },
        "south": { "uv": [ 6.5, 13, 8.25, 13.25 ], "texture": "#texture" },
        "west":  { "uv": [ 6.5, 13, 6.75, 13.25 ], "texture": "#texture" },
        "east":  { "uv": [ 8.25, 13, 8, 13.25 ], "texture": "#texture" }
    }
},
{
    "from": [ 6.75, 12.25, 7.625 ],
    "to": [ 7, 12.5, 8.375 ],
    "faces": {
        "down":  { "uv": [ 6.75, 3.75, 7, 3.5 ], "texture": "#texture" },
        "up":    { "uv": [ 6.75, 3.5, 7, 3.75 ], "texture": "#texture" },
        "north": { "uv": [ 7, 3.5, 6.75, 3.75 ], "texture": "#texture" },
        "south": { "uv": [ 6.75, 3.5, 7, 3.75 ], "texture": "#texture" },
        "west":  { "uv": [ 6.75, 3.5, 7, 3.75 ], "texture": "#texture" },
        "east":  { "uv": [ 7, 3.5, 6.75, 3.75 ], "texture": "#texture" }
    }
},
{
    "from": [ 6.75, 3.5, 7.625 ],
    "to": [ 7, 3.75, 8.375 ],
    "faces": {
        "down":  { "uv": [ 6.75, 12.5, 7, 12.25 ], "texture": "#texture" },
        "up":    { "uv": [ 6.75, 12.25, 7, 12.5 ], "texture": "#texture" },
        "north": { "uv": [ 7, 12.25, 6.75, 12.5 ], "texture": "#texture" },
        "south": { "uv": [ 6.75, 12.25, 7, 12.5 ], "texture": "#texture" },
        "west":  { "uv": [ 6.75, 12.25, 7, 12.5 ], "texture": "#texture" },
        "east":  { "uv": [ 7, 12.25, 6.75, 12.5 ], "texture": "#texture" }
    }
},
{
    "from": [ 7, 13.25, 7.625 ],
    "to": [ 8.5, 13.5, 8.375 ],
    "faces": {
        "down":  { "uv": [ 7, 2.75, 8.5, 2.5 ], "texture": "#texture" },
        "up":    { "uv": [ 7, 2.5, 8.5, 2.75 ], "texture": "#texture" },
        "north": { "uv": [ 8.5, 2.5, 7, 2.75 ], "texture": "#texture" },
        "south": { "uv": [ 7, 2.5, 8.5, 2.75 ], "texture": "#texture" },
        "west":  { "uv": [ 7, 2.5, 7.25, 2.75 ], "texture": "#texture" },
        "east":  { "uv": [ 8.5, 2.5, 8.25, 2.75 ], "texture": "#texture" }
    }
},
{
    "from": [ 7, 2.5, 7.625 ],
    "to": [ 8.5, 2.75, 8.375 ],
    "faces": {
        "down":  { "uv": [ 7, 13.5, 8.5, 13.25 ], "texture": "#texture" },
        "up":    { "uv": [ 7, 13.25, 8.5, 13.5 ], "texture": "#texture" },
        "north": { "uv": [ 8.5, 13.25, 7, 13.5 ], "texture": "#texture" },
        "south": { "uv": [ 7, 13.25, 8.5, 13.5 ], "texture": "#texture" },
        "west":  { "uv": [ 7, 13.25, 7.25, 13.5 ], "texture": "#texture" },
        "east":  { "uv": [ 8.5, 13.25, 8.25, 13.5 ], "texture": "#texture" }
    }
},
{
    "from": [ 7.75, 13.5, 7.625 ],
    "to": [ 8.75, 13.75, 8.375 ],
    "faces": {
        "down":  { "uv": [ 7.75, 2.5, 8.75, 2.25 ], "texture": "#texture" },
        "up":    { "uv": [ 7.75, 2.25, 8.75, 2.5 ], "texture": "#texture" },
        "north": { "uv": [ 8.75, 2.25, 7.75, 2.5 ], "texture": "#texture" },
        "south": { "uv": [ 7.75, 2.25, 8.75, 2.5 ], "texture": "#texture" },
        "west":  { "uv": [ 7.75, 2.25, 8, 2.5 ], "texture": "#texture" },
        "east":  { "uv": [ 8.75, 2.25, 8.5, 2.5 ], "texture": "#texture" }
    }
},
{
    "from": [ 7.75, 2.25, 7.625 ],
    "to": [ 8.75, 2.5, 8.375 ],
    "faces": {
        "down":  { "uv": [ 7.75, 13.75, 8.75, 13.5 ], "texture": "#texture" },
        "up":    { "uv": [ 7.75, 13.5, 8.75, 13.75 ], "texture": "#texture" },
        "north": { "uv": [ 8.75, 13.5, 7.75, 13.75 ], "texture": "#texture" },
        "south": { "uv": [ 7.75, 13.5, 8.75, 13.75 ], "texture": "#texture" },
        "west":  { "uv": [ 7.75, 13.5, 8, 13.75 ], "texture": "#texture" },
        "east":  { "uv": [ 8.75, 13.5, 8.5, 13.75 ], "texture": "#texture" }
    }
},
{
    "from": [ 8.25, 13.75, 7.625 ],
    "to": [ 9.5, 14, 8.375 ],
    "faces": {
        "down":  { "uv": [ 8.25, 2.25, 9.5, 2 ], "texture": "#texture" },
        "up":    { "uv": [ 8.25, 2, 9.5, 2.25 ], "texture": "#texture" },
        "north": { "uv": [ 9.5, 2, 8.25, 2.25 ], "texture": "#texture" },
        "south": { "uv": [ 8.25, 2, 9.5, 2.25 ], "texture": "#texture" },
        "west":  { "uv": [ 8.25, 2, 8.5, 2.25 ], "texture": "#texture" },
        "east":  { "uv": [ 9.5, 2, 9.25, 2.25 ], "texture": "#texture" }
    }
},
{
    "from": [ 8.25, 2, 7.625 ],
    "to": [ 9.5, 2.25, 8.375 ],
    "faces": {
        "down":  { "uv": [ 8.25, 14, 9.5, 13.75 ], "texture": "#texture" },
        "up":    { "uv": [ 8.25, 13.75, 9.5, 14 ], "texture": "#texture" },
        "north": { "uv": [ 9.5, 13.75, 8.25, 14 ], "texture": "#texture" },
        "south": { "uv": [ 8.25, 13.75, 9.5, 14 ], "texture": "#texture" },
        "west":  { "uv": [ 8.25, 13.75, 8.5, 14 ], "texture": "#texture" },
        "east":  { "uv": [ 9.5, 13.75, 9.25, 14 ], "texture": "#texture" }
    }
},
{
    "from": [ 8.75, 14, 7.625 ],
    "to": [ 9.75, 14.25, 8.375 ],
    "faces": {
        "down":  { "uv": [ 8.75, 2, 9.75, 1.75 ], "texture": "#texture" },
        "up":    { "uv": [ 8.75, 1.75, 9.75, 2 ], "texture": "#texture" },
        "north": { "uv": [ 9.75, 1.75, 8.75, 2 ], "texture": "#texture" },
        "south": { "uv": [ 8.75, 1.75, 9.75, 2 ], "texture": "#texture" },
        "west":  { "uv": [ 8.75, 1.75, 9, 2 ], "texture": "#texture" },
        "east":  { "uv": [ 9.75, 1.75, 9.5, 2 ], "texture": "#texture" }
    }
},
{
    "from": [ 8.75, 1.75, 7.625 ],
    "to": [ 9.75, 2, 8.375 ],
    "faces": {
        "down":  { "uv": [ 8.75, 14.25, 9.75, 14 ], "texture": "#texture" },
        "up":    { "uv": [ 8.75, 14, 9.75, 14.25 ], "texture": "#texture" },
        "north": { "uv": [ 9.75, 14, 8.75, 14.25 ], "texture": "#texture" },
        "south": { "uv": [ 8.75, 14, 9.75, 14.25 ], "texture": "#texture" },
        "west":  { "uv": [ 8.75, 14, 9, 14.25 ], "texture": "#texture" },
        "east":  { "uv": [ 9.75, 14, 9.5, 14.25 ], "texture": "#texture" }
    }
},
{
    "from": [ 9, 14.25, 7.625 ],
    "to": [ 9.75, 14.5, 8.375 ],
    "faces": {
        "down":  { "uv": [ 9, 1.75, 9.75, 1.5 ], "texture": "#texture" },
        "up":    { "uv": [ 9, 1.5, 9.75, 1.75 ], "texture": "#texture" },
        "north": { "uv": [ 9.75, 1.5, 9, 1.75 ], "texture": "#texture" },
        "south": { "uv": [ 9, 1.5, 9.75, 1.75 ], "texture": "#texture" },
        "west":  { "uv": [ 9, 1.5, 9.25, 1.75 ], "texture": "#texture" },
        "east":  { "uv": [ 9.75, 1.5, 9.5, 1.75 ], "texture": "#texture" }
    }
},
{
    "from": [ 9, 1.5, 7.625 ],
    "to": [ 9.75, 1.75, 8.375 ],
    "faces": {
        "down":  { "uv": [ 9, 14.5, 9.75, 14.25 ], "texture": "#texture" },
        "up":    { "uv": [ 9, 14.25, 9.75, 14.5 ], "texture": "#texture" },
        "north": { "uv": [ 9.75, 14.25, 9, 14.5 ], "texture": "#texture" },
        "south": { "uv": [ 9, 14.25, 9.75, 14.5 ], "texture": "#texture" },
        "west":  { "uv": [ 9, 14.25, 9.25, 14.5 ], "texture": "#texture" },
        "east":  { "uv": [ 9.75, 14.25, 9.5, 14.5 ], "texture": "#texture" }
    }
},
{
    "from": [ 9.25, 14.5, 7.625 ],
    "to": [ 10, 15.25, 8.375 ],
    "faces": {
        "down":  { "uv": [ 9.25, 1.5, 10, 1.25 ], "texture": "#texture" },
        "up":    { "uv": [ 9.25, 0.75, 10, 1 ], "texture": "#texture" },
        "north": { "uv": [ 10, 0.75, 9.25, 1.5 ], "texture": "#texture" },
        "south": { "uv": [ 9.25, 0.75, 10, 1.5 ], "texture": "#texture" },
        "west":  { "uv": [ 9.25, 0.75, 9.5, 1.5 ], "texture": "#texture" },
        "east":  { "uv": [ 10, 0.75, 9.75, 1.5 ], "texture": "#texture" }
    }
},
{
    "from": [ 9.25, 0.75, 7.625 ],
    "to": [ 10, 1.5, 8.375 ],
    "faces": {
        "down":  { "uv": [ 9.25, 15.25, 10, 15 ], "texture": "#texture" },
        "up":    { "uv": [ 9.25, 14.5, 10, 14.75 ], "texture": "#texture" },
        "north": { "uv": [ 10, 14.5, 9.25, 15.25 ], "texture": "#texture" },
        "south": { "uv": [ 9.25, 14.5, 10, 15.25 ], "texture": "#texture" },
        "west":  { "uv": [ 9.25, 14.5, 9.5, 15.25 ], "texture": "#texture" },
        "east":  { "uv": [ 10, 14.5, 9.75, 15.25 ], "texture": "#texture" }
    }
},
{
    "from": [ 9.5, 15.25, 7.625 ],
    "to": [ 10, 15.5, 8.375 ],
    "faces": {
        "down":  { "uv": [ 9.5, 0.75, 10, 0.5 ], "texture": "#texture" },
        "up":    { "uv": [ 9.5, 0.5, 10, 0.75 ], "texture": "#texture" },
        "north": { "uv": [ 10, 0.5, 9.5, 0.75 ], "texture": "#texture" },
        "south": { "uv": [ 9.5, 0.5, 10, 0.75 ], "texture": "#texture" },
        "west":  { "uv": [ 9.5, 0.5, 9.75, 0.75 ], "texture": "#texture" },
        "east":  { "uv": [ 10, 0.5, 9.75, 0.75 ], "texture": "#texture" }
    }
},
{
    "from": [ 9.5, 0.5, 7.625 ],
    "to": [ 10, 0.75, 8.375 ],
    "faces": {
        "down":  { "uv": [ 9.5, 15.5, 10, 15.25 ], "texture": "#texture" },
        "up":    { "uv": [ 9.5, 15.25, 10, 15.5 ], "texture": "#texture" },
        "north": { "uv": [ 10, 15.25, 9.5, 15.5 ], "texture": "#texture" },
        "south": { "uv": [ 9.5, 15.25, 10, 15.5 ], "texture": "#texture" },
        "west":  { "uv": [ 9.5, 15.25, 9.75, 15.5 ], "texture": "#texture" },
        "east":  { "uv": [ 10, 15.25, 9.75, 15.5 ], "texture": "#texture" }
    }
},
{
    "from": [ 4, 6.75, 7.875 ],
    "to": [ 6, 9.25, 8.125 ],
    "faces": {
        "down":  { "uv": [ 4, 9.25, 6, 9 ], "texture": "#texture" },
        "up":    { "uv": [ 4, 6.75, 6, 7 ], "texture": "#texture" },
        "north": { "uv": [ 6, 6.75, 4, 9.25 ], "texture": "#texture" },
        "south": { "uv": [ 4, 6.75, 6, 9.25 ], "texture": "#texture" },
        "west":  { "uv": [ 4, 6.75, 4.25, 9.25 ], "texture": "#texture" },
        "east":  { "uv": [ 6, 6.75, 5.75, 9.25 ], "texture": "#texture" }
    }
},
{
    "from": [ 4.25, 9.25, 7.875 ],
    "to": [ 5.75, 10.5, 8.125 ],
    "faces": {
        "down":  { "uv": [ 4.25, 6.75, 5.75, 6.5 ], "texture": "#texture" },
        "up":    { "uv": [ 4.25, 5.5, 5.75, 5.75 ], "texture": "#texture" },
        "north": { "uv": [ 5.75, 5.5, 4.25, 6.75 ], "texture": "#texture" },
        "south": { "uv": [ 4.25, 5.5, 5.75, 6.75 ], "texture": "#texture" },
        "west":  { "uv": [ 4.25, 5.5, 4.5, 6.75 ], "texture": "#texture" },
        "east":  { "uv": [ 5.75, 5.5, 5.5, 6.75 ], "texture": "#texture" }
    }
},
{
    "from": [ 4.25, 5.5, 7.875 ],
    "to": [ 5.75, 6.75, 8.125 ],
    "faces": {
        "down":  { "uv": [ 4.25, 10.5, 5.75, 10.25 ], "texture": "#texture" },
        "up":    { "uv": [ 4.25, 9.25, 5.75, 9.5 ], "texture": "#texture" },
        "north": { "uv": [ 5.75, 9.25, 4.25, 10.5 ], "texture": "#texture" },
        "south": { "uv": [ 4.25, 9.25, 5.75, 10.5 ], "texture": "#texture" },
        "west":  { "uv": [ 4.25, 9.25, 4.5, 10.5 ], "texture": "#texture" },
        "east":  { "uv": [ 5.75, 9.25, 5.5, 10.5 ], "texture": "#texture" }
    }
},
{
    "from": [ 4.5, 10.5, 7.875 ],
    "to": [ 5.75, 11.5, 8.125 ],
    "faces": {
        "down":  { "uv": [ 4.5, 5.5, 5.75, 5.25 ], "texture": "#texture" },
        "up":    { "uv": [ 4.5, 4.5, 5.75, 4.75 ], "texture": "#texture" },
        "north": { "uv": [ 5.75, 4.5, 4.5, 5.5 ], "texture": "#texture" },
        "south": { "uv": [ 4.5, 4.5, 5.75, 5.5 ], "texture": "#texture" },
        "west":  { "uv": [ 4.5, 4.5, 4.75, 5.5 ], "texture": "#texture" },
        "east":  { "uv": [ 5.75, 4.5, 5.5, 5.5 ], "texture": "#texture" }
    }
},
{
    "from": [ 4.5, 4.5, 7.875 ],
    "to": [ 5.75, 5.5, 8.125 ],
    "faces": {
        "down":  { "uv": [ 4.5, 11.5, 5.75, 11.25 ], "texture": "#texture" },
        "up":    { "uv": [ 4.5, 10.5, 5.75, 10.75 ], "texture": "#texture" },
        "north": { "uv": [ 5.75, 10.5, 4.5, 11.5 ], "texture": "#texture" },
        "south": { "uv": [ 4.5, 10.5, 5.75, 11.5 ], "texture": "#texture" },
        "west":  { "uv": [ 4.5, 10.5, 4.75, 11.5 ], "texture": "#texture" },
        "east":  { "uv": [ 5.75, 10.5, 5.5, 11.5 ], "texture": "#texture" }
    }
},
{
    "from": [ 4.75, 11.5, 7.875 ],
    "to": [ 6.5, 12, 8.125 ],
    "faces": {
        "down":  { "uv": [ 4.75, 4.5, 6.5, 4.25 ], "texture": "#texture" },
        "up":    { "uv": [ 4.75, 4, 6.5, 4.25 ], "texture": "#texture" },
        "north": { "uv": [ 6.5, 4, 4.75, 4.5 ], "texture": "#texture" },
        "south": { "uv": [ 4.75, 4, 6.5, 4.5 ], "texture": "#texture" },
        "west":  { "uv": [ 4.75, 4, 5, 4.5 ], "texture": "#texture" },
        "east":  { "uv": [ 6.5, 4, 6.25, 4.5 ], "texture": "#texture" }
    }
},
{
    "from": [ 4.75, 4, 7.875 ],
    "to": [ 6.5, 4.5, 8.125 ],
    "faces": {
        "down":  { "uv": [ 4.75, 12, 6.5, 11.75 ], "texture": "#texture" },
        "up":    { "uv": [ 4.75, 11.5, 6.5, 11.75 ], "texture": "#texture" },
        "north": { "uv": [ 6.5, 11.5, 4.75, 12 ], "texture": "#texture" },
        "south": { "uv": [ 4.75, 11.5, 6.5, 12 ], "texture": "#texture" },
        "west":  { "uv": [ 4.75, 11.5, 5, 12 ], "texture": "#texture" },
        "east":  { "uv": [ 6.5, 11.5, 6.25, 12 ], "texture": "#texture" }
    }
},
{
    "from": [ 5, 12, 7.875 ],
    "to": [ 7, 12.5, 8.125 ],
    "faces": {
        "down":  { "uv": [ 5, 4, 7, 3.75 ], "texture": "#texture" },
        "up":    { "uv": [ 5, 3.5, 7, 3.75 ], "texture": "#texture" },
        "north": { "uv": [ 7, 3.5, 5, 4 ], "texture": "#texture" },
        "south": { "uv": [ 5, 3.5, 7, 4 ], "texture": "#texture" },
        "west":  { "uv": [ 5, 3.5, 5.25, 4 ], "texture": "#texture" },
        "east":  { "uv": [ 7, 3.5, 6.75, 4 ], "texture": "#texture" }
    }
},
{
    "from": [ 5, 3.5, 7.875 ],
    "to": [ 7, 4, 8.125 ],
    "faces": {
        "down":  { "uv": [ 5, 12.5, 7, 12.25 ], "texture": "#texture" },
        "up":    { "uv": [ 5, 12, 7, 12.25 ], "texture": "#texture" },
        "north": { "uv": [ 7, 12, 5, 12.5 ], "texture": "#texture" },
        "south": { "uv": [ 5, 12, 7, 12.5 ], "texture": "#texture" },
        "west":  { "uv": [ 5, 12, 5.25, 12.5 ], "texture": "#texture" },
        "east":  { "uv": [ 7, 12, 6.75, 12.5 ], "texture": "#texture" }
    }
},
{
    "from": [ 5.25, 12.5, 7.875 ],
    "to": [ 8, 12.75, 8.125 ],
    "faces": {
        "down":  { "uv": [ 5.25, 3.5, 8, 3.25 ], "texture": "#texture" },
        "up":    { "uv": [ 5.25, 3.25, 8, 3.5 ], "texture": "#texture" },
        "north": { "uv": [ 8, 3.25, 5.25, 3.5 ], "texture": "#texture" },
        "south": { "uv": [ 5.25, 3.25, 8, 3.5 ], "texture": "#texture" },
        "west":  { "uv": [ 5.25, 3.25, 5.5, 3.5 ], "texture": "#texture" },
        "east":  { "uv": [ 8, 3.25, 7.75, 3.5 ], "texture": "#texture" }
    }
},
{
    "from": [ 5.25, 3.25, 7.875 ],
    "to": [ 8, 3.5, 8.125 ],
    "faces": {
        "down":  { "uv": [ 5.25, 12.75, 8, 12.5 ], "texture": "#texture" },
        "up":    { "uv": [ 5.25, 12.5, 8, 12.75 ], "texture": "#texture" },
        "north": { "uv": [ 8, 12.5, 5.25, 12.75 ], "texture": "#texture" },
        "south": { "uv": [ 5.25, 12.5, 8, 12.75 ], "texture": "#texture" },
        "west":  { "uv": [ 5.25, 12.5, 5.5, 12.75 ], "texture": "#texture" },
        "east":  { "uv": [ 8, 12.5, 7.75, 12.75 ], "texture": "#texture" }
    }
},
{
    "from": [ 5.5, 12.75, 7.875 ],
    "to": [ 8.25, 13, 8.125 ],
    "faces": {
        "down":  { "uv": [ 5.5, 3.25, 8.25, 3 ], "texture": "#texture" },
        "up":    { "uv": [ 5.5, 3, 8.25, 3.25 ], "texture": "#texture" },
        "north": { "uv": [ 8.25, 3, 5.5, 3.25 ], "texture": "#texture" },
        "south": { "uv": [ 5.5, 3, 8.25, 3.25 ], "texture": "#texture" },
        "west":  { "uv": [ 5.5, 3, 5.75, 3.25 ], "texture": "#texture" },
        "east":  { "uv": [ 8.25, 3, 8, 3.25 ], "texture": "#texture" }
    }
},
{
    "from": [ 5.5, 3, 7.875 ],
    "to": [ 8.25, 3.25, 8.125 ],
    "faces": {
        "down":  { "uv": [ 5.5, 13, 8.25, 12.75 ], "texture": "#texture" },
        "up":    { "uv": [ 5.5, 12.75, 8.25, 13 ], "texture": "#texture" },
        "north": { "uv": [ 8.25, 12.75, 5.5, 13 ], "texture": "#texture" },
        "south": { "uv": [ 5.5, 12.75, 8.25, 13 ], "texture": "#texture" },
        "west":  { "uv": [ 5.5, 12.75, 5.75, 13 ], "texture": "#texture" },
        "east":  { "uv": [ 8.25, 12.75, 8, 13 ], "texture": "#texture" }
    }
},
{
    "from": [ 5.75, 10.75, 7.875 ],
    "to": [ 6, 11.5, 8.125 ],
    "faces": {
        "down":  { "uv": [ 5.75, 5.25, 6, 5 ], "texture": "#texture" },
        "up":    { "uv": [ 5.75, 4.5, 6, 4.75 ], "texture": "#texture" },
        "north": { "uv": [ 6, 4.5, 5.75, 5.25 ], "texture": "#texture" },
        "south": { "uv": [ 5.75, 4.5, 6, 5.25 ], "texture": "#texture" },
        "west":  { "uv": [ 5.75, 4.5, 6, 5.25 ], "texture": "#texture" },
        "east":  { "uv": [ 6, 4.5, 5.75, 5.25 ], "texture": "#texture" }
    }
},
{
    "from": [ 5.75, 9.25, 7.875 ],
    "to": [ 6, 10, 8.125 ],
    "faces": {
        "down":  { "uv": [ 5.75, 6.75, 6, 6.5 ], "texture": "#texture" },
        "up":    { "uv": [ 5.75, 6, 6, 6.25 ], "texture": "#texture" },
        "north": { "uv": [ 6, 6, 5.75, 6.75 ], "texture": "#texture" },
        "south": { "uv": [ 5.75, 6, 6, 6.75 ], "texture": "#texture" },
        "west":  { "uv": [ 5.75, 6, 6, 6.75 ], "texture": "#texture" },
        "east":  { "uv": [ 6, 6, 5.75, 6.75 ], "texture": "#texture" }
    }
},
{
    "from": [ 5.75, 6, 7.875 ],
    "to": [ 6, 6.75, 8.125 ],
    "faces": {
        "down":  { "uv": [ 5.75, 10, 6, 9.75 ], "texture": "#texture" },
        "up":    { "uv": [ 5.75, 9.25, 6, 9.5 ], "texture": "#texture" },
        "north": { "uv": [ 6, 9.25, 5.75, 10 ], "texture": "#texture" },
        "south": { "uv": [ 5.75, 9.25, 6, 10 ], "texture": "#texture" },
        "west":  { "uv": [ 5.75, 9.25, 6, 10 ], "texture": "#texture" },
        "east":  { "uv": [ 6, 9.25, 5.75, 10 ], "texture": "#texture" }
    }
},
{
    "from": [ 5.75, 4.5, 7.875 ],
    "to": [ 6, 5.25, 8.125 ],
    "faces": {
        "down":  { "uv": [ 5.75, 11.5, 6, 11.25 ], "texture": "#texture" },
        "up":    { "uv": [ 5.75, 10.75, 6, 11 ], "texture": "#texture" },
        "north": { "uv": [ 6, 10.75, 5.75, 11.5 ], "texture": "#texture" },
        "south": { "uv": [ 5.75, 10.75, 6, 11.5 ], "texture": "#texture" },
        "west":  { "uv": [ 5.75, 10.75, 6, 11.5 ], "texture": "#texture" },
        "east":  { "uv": [ 6, 10.75, 5.75, 11.5 ], "texture": "#texture" }
    }
},
{
    "from": [ 6, 13, 7.875 ],
    "to": [ 8.5, 13.25, 8.125 ],
    "faces": {
        "down":  { "uv": [ 6, 3, 8.5, 2.75 ], "texture": "#texture" },
        "up":    { "uv": [ 6, 2.75, 8.5, 3 ], "texture": "#texture" },
        "north": { "uv": [ 8.5, 2.75, 6, 3 ], "texture": "#texture" },
        "south": { "uv": [ 6, 2.75, 8.5, 3 ], "texture": "#texture" },
        "west":  { "uv": [ 6, 2.75, 6.25, 3 ], "texture": "#texture" },
        "east":  { "uv": [ 8.5, 2.75, 8.25, 3 ], "texture": "#texture" }
    }
},
{
    "from": [ 6, 11.25, 7.875 ],
    "to": [ 6.25, 11.5, 8.125 ],
    "faces": {
        "down":  { "uv": [ 6, 4.75, 6.25, 4.5 ], "texture": "#texture" },
        "up":    { "uv": [ 6, 4.5, 6.25, 4.75 ], "texture": "#texture" },
        "north": { "uv": [ 6.25, 4.5, 6, 4.75 ], "texture": "#texture" },
        "south": { "uv": [ 6, 4.5, 6.25, 4.75 ], "texture": "#texture" },
        "west":  { "uv": [ 6, 4.5, 6.25, 4.75 ], "texture": "#texture" },
        "east":  { "uv": [ 6.25, 4.5, 6, 4.75 ], "texture": "#texture" }
    }
},
{
    "from": [ 6, 4.5, 7.875 ],
    "to": [ 6.25, 4.75, 8.125 ],
    "faces": {
        "down":  { "uv": [ 6, 11.5, 6.25, 11.25 ], "texture": "#texture" },
        "up":    { "uv": [ 6, 11.25, 6.25, 11.5 ], "texture": "#texture" },
        "north": { "uv": [ 6.25, 11.25, 6, 11.5 ], "texture": "#texture" },
        "south": { "uv": [ 6, 11.25, 6.25, 11.5 ], "texture": "#texture" },
        "west":  { "uv": [ 6, 11.25, 6.25, 11.5 ], "texture": "#texture" },
        "east":  { "uv": [ 6.25, 11.25, 6, 11.5 ], "texture": "#texture" }
    }
},
{
    "from": [ 6, 2.75, 7.875 ],
    "to": [ 8.5, 3, 8.125 ],
    "faces": {
        "down":  { "uv": [ 6, 13.25, 8.5, 13 ], "texture": "#texture" },
        "up":    { "uv": [ 6, 13, 8.5, 13.25 ], "texture": "#texture" },
        "north": { "uv": [ 8.5, 13, 6, 13.25 ], "texture": "#texture" },
        "south": { "uv": [ 6, 13, 8.5, 13.25 ], "texture": "#texture" },
        "west":  { "uv": [ 6, 13, 6.25, 13.25 ], "texture": "#texture" },
        "east":  { "uv": [ 8.5, 13, 8.25, 13.25 ], "texture": "#texture" }
    }
},
{
    "from": [ 6.5, 13.25, 7.875 ],
    "to": [ 8.75, 13.5, 8.125 ],
    "faces": {
        "down":  { "uv": [ 6.5, 2.75, 8.75, 2.5 ], "texture": "#texture" },
        "up":    { "uv": [ 6.5, 2.5, 8.75, 2.75 ], "texture": "#texture" },
        "north": { "uv": [ 8.75, 2.5, 6.5, 2.75 ], "texture": "#texture" },
        "south": { "uv": [ 6.5, 2.5, 8.75, 2.75 ], "texture": "#texture" },
        "west":  { "uv": [ 6.5, 2.5, 6.75, 2.75 ], "texture": "#texture" },
        "east":  { "uv": [ 8.75, 2.5, 8.5, 2.75 ], "texture": "#texture" }
    }
},
{
    "from": [ 6.5, 11.75, 7.875 ],
    "to": [ 6.75, 12, 8.125 ],
    "faces": {
        "down":  { "uv": [ 6.5, 4.25, 6.75, 4 ], "texture": "#texture" },
        "up":    { "uv": [ 6.5, 4, 6.75, 4.25 ], "texture": "#texture" },
        "north": { "uv": [ 6.75, 4, 6.5, 4.25 ], "texture": "#texture" },
        "south": { "uv": [ 6.5, 4, 6.75, 4.25 ], "texture": "#texture" },
        "west":  { "uv": [ 6.5, 4, 6.75, 4.25 ], "texture": "#texture" },
        "east":  { "uv": [ 6.75, 4, 6.5, 4.25 ], "texture": "#texture" }
    }
},
{
    "from": [ 6.5, 4, 7.875 ],
    "to": [ 6.75, 4.25, 8.125 ],
    "faces": {
        "down":  { "uv": [ 6.5, 12, 6.75, 11.75 ], "texture": "#texture" },
        "up":    { "uv": [ 6.5, 11.75, 6.75, 12 ], "texture": "#texture" },
        "north": { "uv": [ 6.75, 11.75, 6.5, 12 ], "texture": "#texture" },
        "south": { "uv": [ 6.5, 11.75, 6.75, 12 ], "texture": "#texture" },
        "west":  { "uv": [ 6.5, 11.75, 6.75, 12 ], "texture": "#texture" },
        "east":  { "uv": [ 6.75, 11.75, 6.5, 12 ], "texture": "#texture" }
    }
},
{
    "from": [ 6.5, 2.5, 7.875 ],
    "to": [ 8.75, 2.75, 8.125 ],
    "faces": {
        "down":  { "uv": [ 6.5, 13.5, 8.75, 13.25 ], "texture": "#texture" },
        "up":    { "uv": [ 6.5, 13.25, 8.75, 13.5 ], "texture": "#texture" },
        "north": { "uv": [ 8.75, 13.25, 6.5, 13.5 ], "texture": "#texture" },
        "south": { "uv": [ 6.5, 13.25, 8.75, 13.5 ], "texture": "#texture" },
        "west":  { "uv": [ 6.5, 13.25, 6.75, 13.5 ], "texture": "#texture" },
        "east":  { "uv": [ 8.75, 13.25, 8.5, 13.5 ], "texture": "#texture" }
    }
},
{
    "from": [ 7, 13.5, 7.875 ],
    "to": [ 9.5, 13.75, 8.125 ],
    "faces": {
        "down":  { "uv": [ 7, 2.5, 9.5, 2.25 ], "texture": "#texture" },
        "up":    { "uv": [ 7, 2.25, 9.5, 2.5 ], "texture": "#texture" },
        "north": { "uv": [ 9.5, 2.25, 7, 2.5 ], "texture": "#texture" },
        "south": { "uv": [ 7, 2.25, 9.5, 2.5 ], "texture": "#texture" },
        "west":  { "uv": [ 7, 2.25, 7.25, 2.5 ], "texture": "#texture" },
        "east":  { "uv": [ 9.5, 2.25, 9.25, 2.5 ], "texture": "#texture" }
    }
},
{
    "from": [ 7, 12.25, 7.875 ],
    "to": [ 7.5, 12.5, 8.125 ],
    "faces": {
        "down":  { "uv": [ 7, 3.75, 7.5, 3.5 ], "texture": "#texture" },
        "up":    { "uv": [ 7, 3.5, 7.5, 3.75 ], "texture": "#texture" },
        "north": { "uv": [ 7.5, 3.5, 7, 3.75 ], "texture": "#texture" },
        "south": { "uv": [ 7, 3.5, 7.5, 3.75 ], "texture": "#texture" },
        "west":  { "uv": [ 7, 3.5, 7.25, 3.75 ], "texture": "#texture" },
        "east":  { "uv": [ 7.5, 3.5, 7.25, 3.75 ], "texture": "#texture" }
    }
},
{
    "from": [ 7, 3.5, 7.875 ],
    "to": [ 7.5, 3.75, 8.125 ],
    "faces": {
        "down":  { "uv": [ 7, 12.5, 7.5, 12.25 ], "texture": "#texture" },
        "up":    { "uv": [ 7, 12.25, 7.5, 12.5 ], "texture": "#texture" },
        "north": { "uv": [ 7.5, 12.25, 7, 12.5 ], "texture": "#texture" },
        "south": { "uv": [ 7, 12.25, 7.5, 12.5 ], "texture": "#texture" },
        "west":  { "uv": [ 7, 12.25, 7.25, 12.5 ], "texture": "#texture" },
        "east":  { "uv": [ 7.5, 12.25, 7.25, 12.5 ], "texture": "#texture" }
    }
},
{
    "from": [ 7, 2.25, 7.875 ],
    "to": [ 9.5, 2.5, 8.125 ],
    "faces": {
        "down":  { "uv": [ 7, 13.75, 9.5, 13.5 ], "texture": "#texture" },
        "up":    { "uv": [ 7, 13.5, 9.5, 13.75 ], "texture": "#texture" },
        "north": { "uv": [ 9.5, 13.5, 7, 13.75 ], "texture": "#texture" },
        "south": { "uv": [ 7, 13.5, 9.5, 13.75 ], "texture": "#texture" },
        "west":  { "uv": [ 7, 13.5, 7.25, 13.75 ], "texture": "#texture" },
        "east":  { "uv": [ 9.5, 13.5, 9.25, 13.75 ], "texture": "#texture" }
    }
},
{
    "from": [ 7.75, 13.75, 7.875 ],
    "to": [ 9.75, 14, 8.125 ],
    "faces": {
        "down":  { "uv": [ 7.75, 2.25, 9.75, 2 ], "texture": "#texture" },
        "up":    { "uv": [ 7.75, 2, 9.75, 2.25 ], "texture": "#texture" },
        "north": { "uv": [ 9.75, 2, 7.75, 2.25 ], "texture": "#texture" },
        "south": { "uv": [ 7.75, 2, 9.75, 2.25 ], "texture": "#texture" },
        "west":  { "uv": [ 7.75, 2, 8, 2.25 ], "texture": "#texture" },
        "east":  { "uv": [ 9.75, 2, 9.5, 2.25 ], "texture": "#texture" }
    }
},
{
    "from": [ 7.75, 2, 7.875 ],
    "to": [ 9.75, 2.25, 8.125 ],
    "faces": {
        "down":  { "uv": [ 7.75, 14, 9.75, 13.75 ], "texture": "#texture" },
        "up":    { "uv": [ 7.75, 13.75, 9.75, 14 ], "texture": "#texture" },
        "north": { "uv": [ 9.75, 13.75, 7.75, 14 ], "texture": "#texture" },
        "south": { "uv": [ 7.75, 13.75, 9.75, 14 ], "texture": "#texture" },
        "west":  { "uv": [ 7.75, 13.75, 8, 14 ], "texture": "#texture" },
        "east":  { "uv": [ 9.75, 13.75, 9.5, 14 ], "texture": "#texture" }
    }
},
{
    "from": [ 8.25, 14, 7.875 ],
    "to": [ 10, 14.25, 8.125 ],
    "faces": {
        "down":  { "uv": [ 8.25, 2, 10, 1.75 ], "texture": "#texture" },
        "up":    { "uv": [ 8.25, 1.75, 10, 2 ], "texture": "#texture" },
        "north": { "uv": [ 10, 1.75, 8.25, 2 ], "texture": "#texture" },
        "south": { "uv": [ 8.25, 1.75, 10, 2 ], "texture": "#texture" },
        "west":  { "uv": [ 8.25, 1.75, 8.5, 2 ], "texture": "#texture" },
        "east":  { "uv": [ 10, 1.75, 9.75, 2 ], "texture": "#texture" }
    }
},
{
    "from": [ 8.25, 1.75, 7.875 ],
    "to": [ 10, 2, 8.125 ],
    "faces": {
        "down":  { "uv": [ 8.25, 14.25, 10, 14 ], "texture": "#texture" },
        "up":    { "uv": [ 8.25, 14, 10, 14.25 ], "texture": "#texture" },
        "north": { "uv": [ 10, 14, 8.25, 14.25 ], "texture": "#texture" },
        "south": { "uv": [ 8.25, 14, 10, 14.25 ], "texture": "#texture" },
        "west":  { "uv": [ 8.25, 14, 8.5, 14.25 ], "texture": "#texture" },
        "east":  { "uv": [ 10, 14, 9.75, 14.25 ], "texture": "#texture" }
    }
},
{
    "from": [ 8.75, 14.25, 7.875 ],
    "to": [ 10, 14.5, 8.125 ],
    "faces": {
        "down":  { "uv": [ 8.75, 1.75, 10, 1.5 ], "texture": "#texture" },
        "up":    { "uv": [ 8.75, 1.5, 10, 1.75 ], "texture": "#texture" },
        "north": { "uv": [ 10, 1.5, 8.75, 1.75 ], "texture": "#texture" },
        "south": { "uv": [ 8.75, 1.5, 10, 1.75 ], "texture": "#texture" },
        "west":  { "uv": [ 8.75, 1.5, 9, 1.75 ], "texture": "#texture" },
        "east":  { "uv": [ 10, 1.5, 9.75, 1.75 ], "texture": "#texture" }
    }
},
{
    "from": [ 8.75, 1.5, 7.875 ],
    "to": [ 10, 1.75, 8.125 ],
    "faces": {
        "down":  { "uv": [ 8.75, 14.5, 10, 14.25 ], "texture": "#texture" },
        "up":    { "uv": [ 8.75, 14.25, 10, 14.5 ], "texture": "#texture" },
        "north": { "uv": [ 10, 14.25, 8.75, 14.5 ], "texture": "#texture" },
        "south": { "uv": [ 8.75, 14.25, 10, 14.5 ], "texture": "#texture" },
        "west":  { "uv": [ 8.75, 14.25, 9, 14.5 ], "texture": "#texture" },
        "east":  { "uv": [ 10, 14.25, 9.75, 14.5 ], "texture": "#texture" }
    }
},
{
    "from": [ 9, 14.5, 7.875 ],
    "to": [ 10.25, 15.25, 8.125 ],
    "faces": {
        "down":  { "uv": [ 9, 1.5, 10.25, 1.25 ], "texture": "#texture" },
        "up":    { "uv": [ 9, 0.75, 10.25, 1 ], "texture": "#texture" },
        "north": { "uv": [ 10.25, 0.75, 9, 1.5 ], "texture": "#texture" },
        "south": { "uv": [ 9, 0.75, 10.25, 1.5 ], "texture": "#texture" },
        "west":  { "uv": [ 9, 0.75, 9.25, 1.5 ], "texture": "#texture" },
        "east":  { "uv": [ 10.25, 0.75, 10, 1.5 ], "texture": "#texture" }
    }
},
{
    "from": [ 9, 0.75, 7.875 ],
    "to": [ 10.25, 1.5, 8.125 ],
    "faces": {
        "down":  { "uv": [ 9, 15.25, 10.25, 15 ], "texture": "#texture" },
        "up":    { "uv": [ 9, 14.5, 10.25, 14.75 ], "texture": "#texture" },
        "north": { "uv": [ 10.25, 14.5, 9, 15.25 ], "texture": "#texture" },
        "south": { "uv": [ 9, 14.5, 10.25, 15.25 ], "texture": "#texture" },
        "west":  { "uv": [ 9, 14.5, 9.25, 15.25 ], "texture": "#texture" },
        "east":  { "uv": [ 10.25, 14.5, 10, 15.25 ], "texture": "#texture" }
    }
},
{
    "from": [ 9.25, 15.25, 7.875 ],
    "to": [ 10, 15.75, 8.125 ],
    "faces": {
        "down":  { "uv": [ 9.25, 0.75, 10, 0.5 ], "texture": "#texture" },
        "up":    { "uv": [ 9.25, 0.25, 10, 0.5 ], "texture": "#texture" },
        "north": { "uv": [ 10, 0.25, 9.25, 0.75 ], "texture": "#texture" },
        "south": { "uv": [ 9.25, 0.25, 10, 0.75 ], "texture": "#texture" },
        "west":  { "uv": [ 9.25, 0.25, 9.5, 0.75 ], "texture": "#texture" },
        "east":  { "uv": [ 10, 0.25, 9.75, 0.75 ], "texture": "#texture" }
    }
},
{
    "from": [ 9.25, 2.5, 7.875 ],
    "to": [ 9.5, 13.5, 8.125 ],
    "faces": {
        "down":  { "uv": [ 9.25, 13.5, 9.5, 13.25 ], "texture": "#texture" },
        "up":    { "uv": [ 9.25, 2.5, 9.5, 2.75 ], "texture": "#texture" },
        "north": { "uv": [ 9.5, 2.5, 9.25, 13.5 ], "texture": "#texture" },
        "south": { "uv": [ 9.25, 2.5, 9.5, 13.5 ], "texture": "#texture" },
        "west":  { "uv": [ 9.25, 2.5, 9.5, 13.5 ], "texture": "#texture" },
        "east":  { "uv": [ 9.5, 2.5, 9.25, 13.5 ], "texture": "#texture" }
    }
},
{
    "from": [ 9.25, 0.25, 7.875 ],
    "to": [ 10, 0.75, 8.125 ],
    "faces": {
        "down":  { "uv": [ 9.25, 15.75, 10, 15.5 ], "texture": "#texture" },
        "up":    { "uv": [ 9.25, 15.25, 10, 15.5 ], "texture": "#texture" },
        "north": { "uv": [ 10, 15.25, 9.25, 15.75 ], "texture": "#texture" },
        "south": { "uv": [ 9.25, 15.25, 10, 15.75 ], "texture": "#texture" },
        "west":  { "uv": [ 9.25, 15.25, 9.5, 15.75 ], "texture": "#texture" },
        "east":  { "uv": [ 10, 15.25, 9.75, 15.75 ], "texture": "#texture" }
    }
},
{
    "from": [ 10, 15.25, 7.875 ],
    "to": [ 10.25, 15.5, 8.125 ],
    "faces": {
        "down":  { "uv": [ 10, 0.75, 10.25, 0.5 ], "texture": "#texture" },
        "up":    { "uv": [ 10, 0.5, 10.25, 0.75 ], "texture": "#texture" },
        "north": { "uv": [ 10.25, 0.5, 10, 0.75 ], "texture": "#texture" },
        "south": { "uv": [ 10, 0.5, 10.25, 0.75 ], "texture": "#texture" },
        "west":  { "uv": [ 10, 0.5, 10.25, 0.75 ], "texture": "#texture" },
        "east":  { "uv": [ 10.25, 0.5, 10, 0.75 ], "texture": "#texture" }
    }
},
{
    "from": [ 10, 0.5, 7.875 ],
    "to": [ 10.25, 0.75, 8.125 ],
    "faces": {
        "down":  { "uv": [ 10, 15.5, 10.25, 15.25 ], "texture": "#texture" },
        "up":    { "uv": [ 10, 15.25, 10.25, 15.5 ], "texture": "#texture" },
        "north": { "uv": [ 10.25, 15.25, 10, 15.5 ], "texture": "#texture" },
        "south": { "uv": [ 10, 15.25, 10.25, 15.5 ], "texture": "#texture" },
        "west":  { "uv": [ 10, 15.25, 10.25, 15.5 ], "texture": "#texture" },
        "east":  { "uv": [ 10.25, 15.25, 10, 15.5 ], "texture": "#texture" }
    }
}
],
"display": {
    "thirdperson_righthand": {
        "rotation": [ 0, -90, 0 ],
        "translation": [ 0, 0.57, 6.61 ],
        "scale": [ 2, 2, 2 ]
    },
    "thirdperson_lefthand": {
        "rotation": [ 0, 90, 0 ],
        "translation": [ 0, 0.57, 6.61 ],
        "scale": [ 2, 2, 2 ]
    },
    "ground": {
        "rotation": [ 0, 0, -45 ],
        "translation": [ 0, 4.35, 0 ],
        "scale": [ 0.5, 0.5, 0.5 ]
    },
    "fixed": {
        "rotation": [ 0, 0, -45 ],
        "translation": [ 0, 0, 0 ],
        "scale": [ 1, 1, 1 ]
    },
    "firstperson_righthand": {
        "rotation": [ 0, -92, -6 ],
        "translation": [ 2.83, 2.46, -1.13 ],
        "scale": [ 1.5, 1.5, 1.5 ]
    },
    "firstperson_lefthand": {
        "rotation": [ 0, 92, 6 ],
        "translation": [ 2.83, 2.46, -2.46 ],
        "scale": [ 1.5, 1.5, 1.5 ]
    },
    "gui": {
        "rotation": [ 0, 180, -45 ],
        "translation": [ 0, 0, 0 ],
        "scale": [ 1, 1, 1 ]
    }
}
}