{
"__comment": "Designed by MasterianoX",
"textures": {
    "particle": "wynn/weapons/sets/lotr_set/lotr_wand",
    "texture": "wynn/weapons/sets/lotr_set/lotr_wand"
},
"elements": [ 
{
    "from": [ 7, 12.5, 7.5 ],
    "to": [ 7.25, 12.75, 8.5 ],
    "faces": {
        "down":  { "uv": [ 7, 3.5, 7.25, 3.25 ], "texture": "#texture" },
        "up":    { "uv": [ 7, 3.25, 7.25, 3.5 ], "texture": "#texture" },
        "north": { "uv": [ 7.25, 3.25, 7, 3.5 ], "texture": "#texture" },
        "south": { "uv": [ 7, 3.25, 7.25, 3.5 ], "texture": "#texture" },
        "west":  { "uv": [ 7, 3.25, 7.25, 3.5 ], "texture": "#texture" },
        "east":  { "uv": [ 7.25, 3.25, 7, 3.5 ], "texture": "#texture" }
    }
},
{
    "from": [ 7.25, 13, 7.5 ],
    "to": [ 7.5, 13.25, 8.5 ],
    "faces": {
        "down":  { "uv": [ 7.25, 3, 7.5, 2.75 ], "texture": "#texture" },
        "up":    { "uv": [ 7.25, 2.75, 7.5, 3 ], "texture": "#texture" },
        "north": { "uv": [ 7.5, 2.75, 7.25, 3 ], "texture": "#texture" },
        "south": { "uv": [ 7.25, 2.75, 7.5, 3 ], "texture": "#texture" },
        "west":  { "uv": [ 7.25, 2.75, 7.5, 3 ], "texture": "#texture" },
        "east":  { "uv": [ 7.5, 2.75, 7.25, 3 ], "texture": "#texture" }
    }
},
{
    "from": [ 7.25, 11.75, 7.5 ],
    "to": [ 7.75, 12, 8.5 ],
    "faces": {
        "down":  { "uv": [ 7.25, 4.25, 7.75, 4 ], "texture": "#texture" },
        "up":    { "uv": [ 7.25, 4, 7.75, 4.25 ], "texture": "#texture" },
        "north": { "uv": [ 7.75, 4, 7.25, 4.25 ], "texture": "#texture" },
        "south": { "uv": [ 7.25, 4, 7.75, 4.25 ], "texture": "#texture" },
        "west":  { "uv": [ 7.25, 4, 7.5, 4.25 ], "texture": "#texture" },
        "east":  { "uv": [ 7.75, 4, 7.5, 4.25 ], "texture": "#texture" }
    }
},
{
    "from": [ 7.5, 14, 7.5 ],
    "to": [ 7.75, 14.25, 8.5 ],
    "faces": {
        "down":  { "uv": [ 7.5, 2, 7.75, 1.75 ], "texture": "#texture" },
        "up":    { "uv": [ 7.5, 1.75, 7.75, 2 ], "texture": "#texture" },
        "north": { "uv": [ 7.75, 1.75, 7.5, 2 ], "texture": "#texture" },
        "south": { "uv": [ 7.5, 1.75, 7.75, 2 ], "texture": "#texture" },
        "west":  { "uv": [ 7.5, 1.75, 7.75, 2 ], "texture": "#texture" },
        "east":  { "uv": [ 7.75, 1.75, 7.5, 2 ], "texture": "#texture" }
    }
},
{
    "from": [ 7.5, 13.25, 7.5 ],
    "to": [ 8, 13.5, 8.5 ],
    "faces": {
        "down":  { "uv": [ 7.5, 2.75, 8, 2.5 ], "texture": "#texture" },
        "up":    { "uv": [ 7.5, 2.5, 8, 2.75 ], "texture": "#texture" },
        "north": { "uv": [ 8, 2.5, 7.5, 2.75 ], "texture": "#texture" },
        "south": { "uv": [ 7.5, 2.5, 8, 2.75 ], "texture": "#texture" },
        "west":  { "uv": [ 7.5, 2.5, 7.75, 2.75 ], "texture": "#texture" },
        "east":  { "uv": [ 8, 2.5, 7.75, 2.75 ], "texture": "#texture" }
    }
},
{
    "from": [ 7.5, 12, 7.5 ],
    "to": [ 7.75, 12.25, 8.5 ],
    "faces": {
        "down":  { "uv": [ 7.5, 4, 7.75, 3.75 ], "texture": "#texture" },
        "up":    { "uv": [ 7.5, 3.75, 7.75, 4 ], "texture": "#texture" },
        "north": { "uv": [ 7.75, 3.75, 7.5, 4 ], "texture": "#texture" },
        "south": { "uv": [ 7.5, 3.75, 7.75, 4 ], "texture": "#texture" },
        "west":  { "uv": [ 7.5, 3.75, 7.75, 4 ], "texture": "#texture" },
        "east":  { "uv": [ 7.75, 3.75, 7.5, 4 ], "texture": "#texture" }
    }
},
{
    "from": [ 7.5, 11.25, 7.5 ],
    "to": [ 7.75, 11.75, 8.5 ],
    "faces": {
        "down":  { "uv": [ 7.5, 4.75, 7.75, 4.5 ], "texture": "#texture" },
        "up":    { "uv": [ 7.5, 4.25, 7.75, 4.5 ], "texture": "#texture" },
        "north": { "uv": [ 7.75, 4.25, 7.5, 4.75 ], "texture": "#texture" },
        "south": { "uv": [ 7.5, 4.25, 7.75, 4.75 ], "texture": "#texture" },
        "west":  { "uv": [ 7.5, 4.25, 7.75, 4.75 ], "texture": "#texture" },
        "east":  { "uv": [ 7.75, 4.25, 7.5, 4.75 ], "texture": "#texture" }
    }
},
{
    "from": [ 7.5, 10.75, 7.5 ],
    "to": [ 8.25, 11, 8.5 ],
    "faces": {
        "down":  { "uv": [ 7.5, 5.25, 8.25, 5 ], "texture": "#texture" },
        "up":    { "uv": [ 7.5, 5, 8.25, 5.25 ], "texture": "#texture" },
        "north": { "uv": [ 8.25, 5, 7.5, 5.25 ], "texture": "#texture" },
        "south": { "uv": [ 7.5, 5, 8.25, 5.25 ], "texture": "#texture" },
        "west":  { "uv": [ 7.5, 5, 7.75, 5.25 ], "texture": "#texture" },
        "east":  { "uv": [ 8.25, 5, 8, 5.25 ], "texture": "#texture" }
    }
},
{
    "from": [ 7.5, 7.75, 7.5 ],
    "to": [ 8, 9.75, 8.5 ],
    "faces": {
        "down":  { "uv": [ 7.5, 8.25, 8, 8 ], "texture": "#texture" },
        "up":    { "uv": [ 7.5, 6.25, 8, 6.5 ], "texture": "#texture" },
        "north": { "uv": [ 8, 6.25, 7.5, 8.25 ], "texture": "#texture" },
        "south": { "uv": [ 7.5, 6.25, 8, 8.25 ], "texture": "#texture" },
        "west":  { "uv": [ 7.5, 6.25, 7.75, 8.25 ], "texture": "#texture" },
        "east":  { "uv": [ 8, 6.25, 7.75, 8.25 ], "texture": "#texture" }
    }
},
{
    "from": [ 7.75, 13.5, 7.5 ],
    "to": [ 8, 14, 8.5 ],
    "faces": {
        "down":  { "uv": [ 7.75, 2.5, 8, 2.25 ], "texture": "#texture" },
        "up":    { "uv": [ 7.75, 2, 8, 2.25 ], "texture": "#texture" },
        "north": { "uv": [ 8, 2, 7.75, 2.5 ], "texture": "#texture" },
        "south": { "uv": [ 7.75, 2, 8, 2.5 ], "texture": "#texture" },
        "west":  { "uv": [ 7.75, 2, 8, 2.5 ], "texture": "#texture" },
        "east":  { "uv": [ 8, 2, 7.75, 2.5 ], "texture": "#texture" }
    }
},
{
    "from": [ 7.75, 12.5, 7.5 ],
    "to": [ 8, 12.75, 8.5 ],
    "faces": {
        "down":  { "uv": [ 7.75, 3.5, 8, 3.25 ], "texture": "#texture" },
        "up":    { "uv": [ 7.75, 3.25, 8, 3.5 ], "texture": "#texture" },
        "north": { "uv": [ 8, 3.25, 7.75, 3.5 ], "texture": "#texture" },
        "south": { "uv": [ 7.75, 3.25, 8, 3.5 ], "texture": "#texture" },
        "west":  { "uv": [ 7.75, 3.25, 8, 3.5 ], "texture": "#texture" },
        "east":  { "uv": [ 8, 3.25, 7.75, 3.5 ], "texture": "#texture" }
    }
},
{
    "from": [ 7.75, 11.5, 7.5 ],
    "to": [ 8, 11.75, 8.5 ],
    "faces": {
        "down":  { "uv": [ 7.75, 4.5, 8, 4.25 ], "texture": "#texture" },
        "up":    { "uv": [ 7.75, 4.25, 8, 4.5 ], "texture": "#texture" },
        "north": { "uv": [ 8, 4.25, 7.75, 4.5 ], "texture": "#texture" },
        "south": { "uv": [ 7.75, 4.25, 8, 4.5 ], "texture": "#texture" },
        "west":  { "uv": [ 7.75, 4.25, 8, 4.5 ], "texture": "#texture" },
        "east":  { "uv": [ 8, 4.25, 7.75, 4.5 ], "texture": "#texture" }
    }
},
{
    "from": [ 7.75, 9.75, 7.5 ],
    "to": [ 8.25, 10.75, 8.5 ],
    "faces": {
        "down":  { "uv": [ 7.75, 6.25, 8.25, 6 ], "texture": "#texture" },
        "up":    { "uv": [ 7.75, 5.25, 8.25, 5.5 ], "texture": "#texture" },
        "north": { "uv": [ 8.25, 5.25, 7.75, 6.25 ], "texture": "#texture" },
        "south": { "uv": [ 7.75, 5.25, 8.25, 6.25 ], "texture": "#texture" },
        "west":  { "uv": [ 7.75, 5.25, 8, 6.25 ], "texture": "#texture" },
        "east":  { "uv": [ 8.25, 5.25, 8, 6.25 ], "texture": "#texture" }
    }
},
{
    "from": [ 7.75, 6.75, 7.5 ],
    "to": [ 8.25, 7.75, 8.5 ],
    "faces": {
        "down":  { "uv": [ 7.75, 9.25, 8.25, 9 ], "texture": "#texture" },
        "up":    { "uv": [ 7.75, 8.25, 8.25, 8.5 ], "texture": "#texture" },
        "north": { "uv": [ 8.25, 8.25, 7.75, 9.25 ], "texture": "#texture" },
        "south": { "uv": [ 7.75, 8.25, 8.25, 9.25 ], "texture": "#texture" },
        "west":  { "uv": [ 7.75, 8.25, 8, 9.25 ], "texture": "#texture" },
        "east":  { "uv": [ 8.25, 8.25, 8, 9.25 ], "texture": "#texture" }
    }
},
{
    "from": [ 7.75, 3.25, 7.5 ],
    "to": [ 8, 5.75, 8.5 ],
    "faces": {
        "down":  { "uv": [ 7.75, 12.75, 8, 12.5 ], "texture": "#texture" },
        "up":    { "uv": [ 7.75, 10.25, 8, 10.5 ], "texture": "#texture" },
        "north": { "uv": [ 8, 10.25, 7.75, 12.75 ], "texture": "#texture" },
        "south": { "uv": [ 7.75, 10.25, 8, 12.75 ], "texture": "#texture" },
        "west":  { "uv": [ 7.75, 10.25, 8, 12.75 ], "texture": "#texture" },
        "east":  { "uv": [ 8, 10.25, 7.75, 12.75 ], "texture": "#texture" }
    }
},
{
    "from": [ 8, 12.75, 7.5 ],
    "to": [ 8.25, 13, 8.5 ],
    "faces": {
        "down":  { "uv": [ 8, 3.25, 8.25, 3 ], "texture": "#texture" },
        "up":    { "uv": [ 8, 3, 8.25, 3.25 ], "texture": "#texture" },
        "north": { "uv": [ 8.25, 3, 8, 3.25 ], "texture": "#texture" },
        "south": { "uv": [ 8, 3, 8.25, 3.25 ], "texture": "#texture" },
        "west":  { "uv": [ 8, 3, 8.25, 3.25 ], "texture": "#texture" },
        "east":  { "uv": [ 8.25, 3, 8, 3.25 ], "texture": "#texture" }
    }
},
{
    "from": [ 8, 12.25, 7.5 ],
    "to": [ 8.25, 12.5, 8.5 ],
    "faces": {
        "down":  { "uv": [ 8, 3.75, 8.25, 3.5 ], "texture": "#texture" },
        "up":    { "uv": [ 8, 3.5, 8.25, 3.75 ], "texture": "#texture" },
        "north": { "uv": [ 8.25, 3.5, 8, 3.75 ], "texture": "#texture" },
        "south": { "uv": [ 8, 3.5, 8.25, 3.75 ], "texture": "#texture" },
        "west":  { "uv": [ 8, 3.5, 8.25, 3.75 ], "texture": "#texture" },
        "east":  { "uv": [ 8.25, 3.5, 8, 3.75 ], "texture": "#texture" }
    }
},
{
    "from": [ 8, 9.25, 7.5 ],
    "to": [ 8.25, 9.75, 8.5 ],
    "faces": {
        "down":  { "uv": [ 8, 6.75, 8.25, 6.5 ], "texture": "#texture" },
        "up":    { "uv": [ 8, 6.25, 8.25, 6.5 ], "texture": "#texture" },
        "north": { "uv": [ 8.25, 6.25, 8, 6.75 ], "texture": "#texture" },
        "south": { "uv": [ 8, 6.25, 8.25, 6.75 ], "texture": "#texture" },
        "west":  { "uv": [ 8, 6.25, 8.25, 6.75 ], "texture": "#texture" },
        "east":  { "uv": [ 8.25, 6.25, 8, 6.75 ], "texture": "#texture" }
    }
},
{
    "from": [ 8, 7.75, 7.5 ],
    "to": [ 8.25, 8.25, 8.5 ],
    "faces": {
        "down":  { "uv": [ 8, 8.25, 8.25, 8 ], "texture": "#texture" },
        "up":    { "uv": [ 8, 7.75, 8.25, 8 ], "texture": "#texture" },
        "north": { "uv": [ 8.25, 7.75, 8, 8.25 ], "texture": "#texture" },
        "south": { "uv": [ 8, 7.75, 8.25, 8.25 ], "texture": "#texture" },
        "west":  { "uv": [ 8, 7.75, 8.25, 8.25 ], "texture": "#texture" },
        "east":  { "uv": [ 8.25, 7.75, 8, 8.25 ], "texture": "#texture" }
    }
},
{
    "from": [ 8, 6.25, 7.5 ],
    "to": [ 8.25, 6.75, 8.5 ],
    "faces": {
        "down":  { "uv": [ 8, 9.75, 8.25, 9.5 ], "texture": "#texture" },
        "up":    { "uv": [ 8, 9.25, 8.25, 9.5 ], "texture": "#texture" },
        "north": { "uv": [ 8.25, 9.25, 8, 9.75 ], "texture": "#texture" },
        "south": { "uv": [ 8, 9.25, 8.25, 9.75 ], "texture": "#texture" },
        "west":  { "uv": [ 8, 9.25, 8.25, 9.75 ], "texture": "#texture" },
        "east":  { "uv": [ 8.25, 9.25, 8, 9.75 ], "texture": "#texture" }
    }
},
{
    "from": [ 8, 3.25, 7.5 ],
    "to": [ 8.25, 5.25, 8.5 ],
    "faces": {
        "down":  { "uv": [ 8, 12.75, 8.25, 12.5 ], "texture": "#texture" },
        "up":    { "uv": [ 8, 10.75, 8.25, 11 ], "texture": "#texture" },
        "north": { "uv": [ 8.25, 10.75, 8, 12.75 ], "texture": "#texture" },
        "south": { "uv": [ 8, 10.75, 8.25, 12.75 ], "texture": "#texture" },
        "west":  { "uv": [ 8, 10.75, 8.25, 12.75 ], "texture": "#texture" },
        "east":  { "uv": [ 8.25, 10.75, 8, 12.75 ], "texture": "#texture" }
    }
},
{
    "from": [ 8.25, 13, 7.5 ],
    "to": [ 8.5, 13.25, 8.5 ],
    "faces": {
        "down":  { "uv": [ 8.25, 3, 8.5, 2.75 ], "texture": "#texture" },
        "up":    { "uv": [ 8.25, 2.75, 8.5, 3 ], "texture": "#texture" },
        "north": { "uv": [ 8.5, 2.75, 8.25, 3 ], "texture": "#texture" },
        "south": { "uv": [ 8.25, 2.75, 8.5, 3 ], "texture": "#texture" },
        "west":  { "uv": [ 8.25, 2.75, 8.5, 3 ], "texture": "#texture" },
        "east":  { "uv": [ 8.5, 2.75, 8.25, 3 ], "texture": "#texture" }
    }
},
{
    "from": [ 8.25, 12, 7.5 ],
    "to": [ 8.5, 12.25, 8.5 ],
    "faces": {
        "down":  { "uv": [ 8.25, 4, 8.5, 3.75 ], "texture": "#texture" },
        "up":    { "uv": [ 8.25, 3.75, 8.5, 4 ], "texture": "#texture" },
        "north": { "uv": [ 8.5, 3.75, 8.25, 4 ], "texture": "#texture" },
        "south": { "uv": [ 8.25, 3.75, 8.5, 4 ], "texture": "#texture" },
        "west":  { "uv": [ 8.25, 3.75, 8.5, 4 ], "texture": "#texture" },
        "east":  { "uv": [ 8.5, 3.75, 8.25, 4 ], "texture": "#texture" }
    }
},
{
    "from": [ 8.25, 11, 7.5 ],
    "to": [ 8.5, 11.25, 8.5 ],
    "faces": {
        "down":  { "uv": [ 8.25, 5, 8.5, 4.75 ], "texture": "#texture" },
        "up":    { "uv": [ 8.25, 4.75, 8.5, 5 ], "texture": "#texture" },
        "north": { "uv": [ 8.5, 4.75, 8.25, 5 ], "texture": "#texture" },
        "south": { "uv": [ 8.25, 4.75, 8.5, 5 ], "texture": "#texture" },
        "west":  { "uv": [ 8.25, 4.75, 8.5, 5 ], "texture": "#texture" },
        "east":  { "uv": [ 8.5, 4.75, 8.25, 5 ], "texture": "#texture" }
    }
},
{
    "from": [ 8.5, 11.25, 7.5 ],
    "to": [ 8.75, 12, 8.5 ],
    "faces": {
        "down":  { "uv": [ 8.5, 4.75, 8.75, 4.5 ], "texture": "#texture" },
        "up":    { "uv": [ 8.5, 4, 8.75, 4.25 ], "texture": "#texture" },
        "north": { "uv": [ 8.75, 4, 8.5, 4.75 ], "texture": "#texture" },
        "south": { "uv": [ 8.5, 4, 8.75, 4.75 ], "texture": "#texture" },
        "west":  { "uv": [ 8.5, 4, 8.75, 4.75 ], "texture": "#texture" },
        "east":  { "uv": [ 8.75, 4, 8.5, 4.75 ], "texture": "#texture" }
    }
},
{
    "from": [ 6.75, 12.5, 7.75 ],
    "to": [ 7.25, 13, 8.25 ],
    "faces": {
        "down":  { "uv": [ 6.75, 3.5, 7.25, 3.25 ], "texture": "#texture" },
        "up":    { "uv": [ 6.75, 3, 7.25, 3.25 ], "texture": "#texture" },
        "north": { "uv": [ 7.25, 3, 6.75, 3.5 ], "texture": "#texture" },
        "south": { "uv": [ 6.75, 3, 7.25, 3.5 ], "texture": "#texture" },
        "west":  { "uv": [ 6.75, 3, 7, 3.5 ], "texture": "#texture" },
        "east":  { "uv": [ 7.25, 3, 7, 3.5 ], "texture": "#texture" }
    }
},
{
    "from": [ 7, 13, 7.75 ],
    "to": [ 7.25, 13.75, 8.25 ],
    "faces": {
        "down":  { "uv": [ 7, 3, 7.25, 2.75 ], "texture": "#texture" },
        "up":    { "uv": [ 7, 2.25, 7.25, 2.5 ], "texture": "#texture" },
        "north": { "uv": [ 7.25, 2.25, 7, 3 ], "texture": "#texture" },
        "south": { "uv": [ 7, 2.25, 7.25, 3 ], "texture": "#texture" },
        "west":  { "uv": [ 7, 2.25, 7.25, 3 ], "texture": "#texture" },
        "east":  { "uv": [ 7.25, 2.25, 7, 3 ], "texture": "#texture" }
    }
},
{
    "from": [ 7, 11.75, 7.75 ],
    "to": [ 7.25, 12.5, 8.25 ],
    "faces": {
        "down":  { "uv": [ 7, 4.25, 7.25, 4 ], "texture": "#texture" },
        "up":    { "uv": [ 7, 3.5, 7.25, 3.75 ], "texture": "#texture" },
        "north": { "uv": [ 7.25, 3.5, 7, 4.25 ], "texture": "#texture" },
        "south": { "uv": [ 7, 3.5, 7.25, 4.25 ], "texture": "#texture" },
        "west":  { "uv": [ 7, 3.5, 7.25, 4.25 ], "texture": "#texture" },
        "east":  { "uv": [ 7.25, 3.5, 7, 4.25 ], "texture": "#texture" }
    }
},
{
    "from": [ 7.25, 13.75, 7.75 ],
    "to": [ 7.5, 14.75, 8.25 ],
    "faces": {
        "down":  { "uv": [ 7.25, 2.25, 7.5, 2 ], "texture": "#texture" },
        "up":    { "uv": [ 7.25, 1.25, 7.5, 1.5 ], "texture": "#texture" },
        "north": { "uv": [ 7.5, 1.25, 7.25, 2.25 ], "texture": "#texture" },
        "south": { "uv": [ 7.25, 1.25, 7.5, 2.25 ], "texture": "#texture" },
        "west":  { "uv": [ 7.25, 1.25, 7.5, 2.25 ], "texture": "#texture" },
        "east":  { "uv": [ 7.5, 1.25, 7.25, 2.25 ], "texture": "#texture" }
    }
},
{
    "from": [ 7.25, 13, 7.75 ],
    "to": [ 7.5, 13.25, 8.25 ],
    "faces": {
        "down":  { "uv": [ 7.25, 3, 7.5, 2.75 ], "texture": "#texture" },
        "up":    { "uv": [ 7.25, 2.75, 7.5, 3 ], "texture": "#texture" },
        "north": { "uv": [ 7.5, 2.75, 7.25, 3 ], "texture": "#texture" },
        "south": { "uv": [ 7.25, 2.75, 7.5, 3 ], "texture": "#texture" },
        "west":  { "uv": [ 7.25, 2.75, 7.5, 3 ], "texture": "#texture" },
        "east":  { "uv": [ 7.5, 2.75, 7.25, 3 ], "texture": "#texture" }
    }
},
{
    "from": [ 7.25, 10.75, 7.75 ],
    "to": [ 7.75, 12.25, 8.25 ],
    "faces": {
        "down":  { "uv": [ 7.25, 5.25, 7.75, 5 ], "texture": "#texture" },
        "up":    { "uv": [ 7.25, 3.75, 7.75, 4 ], "texture": "#texture" },
        "north": { "uv": [ 7.75, 3.75, 7.25, 5.25 ], "texture": "#texture" },
        "south": { "uv": [ 7.25, 3.75, 7.75, 5.25 ], "texture": "#texture" },
        "west":  { "uv": [ 7.25, 3.75, 7.5, 5.25 ], "texture": "#texture" },
        "east":  { "uv": [ 7.75, 3.75, 7.5, 5.25 ], "texture": "#texture" }
    }
},
{
    "from": [ 7.25, 7.75, 7.75 ],
    "to": [ 8.25, 9.75, 8.25 ],
    "faces": {
        "down":  { "uv": [ 7.25, 8.25, 8.25, 8 ], "texture": "#texture" },
        "up":    { "uv": [ 7.25, 6.25, 8.25, 6.5 ], "texture": "#texture" },
        "north": { "uv": [ 8.25, 6.25, 7.25, 8.25 ], "texture": "#texture" },
        "south": { "uv": [ 7.25, 6.25, 8.25, 8.25 ], "texture": "#texture" },
        "west":  { "uv": [ 7.25, 6.25, 7.5, 8.25 ], "texture": "#texture" },
        "east":  { "uv": [ 8.25, 6.25, 8, 8.25 ], "texture": "#texture" }
    }
},
{
    "from": [ 7.5, 14, 7.75 ],
    "to": [ 7.75, 14.5, 8.25 ],
    "faces": {
        "down":  { "uv": [ 7.5, 2, 7.75, 1.75 ], "texture": "#texture" },
        "up":    { "uv": [ 7.5, 1.5, 7.75, 1.75 ], "texture": "#texture" },
        "north": { "uv": [ 7.75, 1.5, 7.5, 2 ], "texture": "#texture" },
        "south": { "uv": [ 7.5, 1.5, 7.75, 2 ], "texture": "#texture" },
        "west":  { "uv": [ 7.5, 1.5, 7.75, 2 ], "texture": "#texture" },
        "east":  { "uv": [ 7.75, 1.5, 7.5, 2 ], "texture": "#texture" }
    }
},
{
    "from": [ 7.5, 13.25, 7.75 ],
    "to": [ 8, 13.75, 8.25 ],
    "faces": {
        "down":  { "uv": [ 7.5, 2.75, 8, 2.5 ], "texture": "#texture" },
        "up":    { "uv": [ 7.5, 2.25, 8, 2.5 ], "texture": "#texture" },
        "north": { "uv": [ 8, 2.25, 7.5, 2.75 ], "texture": "#texture" },
        "south": { "uv": [ 7.5, 2.25, 8, 2.75 ], "texture": "#texture" },
        "west":  { "uv": [ 7.5, 2.25, 7.75, 2.75 ], "texture": "#texture" },
        "east":  { "uv": [ 8, 2.25, 7.75, 2.75 ], "texture": "#texture" }
    }
},
{
    "from": [ 7.5, 12.25, 7.75 ],
    "to": [ 8.75, 12.5, 8.25 ],
    "faces": {
        "down":  { "uv": [ 7.5, 3.75, 8.75, 3.5 ], "texture": "#texture" },
        "up":    { "uv": [ 7.5, 3.5, 8.75, 3.75 ], "texture": "#texture" },
        "north": { "uv": [ 8.75, 3.5, 7.5, 3.75 ], "texture": "#texture" },
        "south": { "uv": [ 7.5, 3.5, 8.75, 3.75 ], "texture": "#texture" },
        "west":  { "uv": [ 7.5, 3.5, 7.75, 3.75 ], "texture": "#texture" },
        "east":  { "uv": [ 8.75, 3.5, 8.5, 3.75 ], "texture": "#texture" }
    }
},
{
    "from": [ 7.5, 9.75, 7.75 ],
    "to": [ 8.5, 10.75, 8.25 ],
    "faces": {
        "down":  { "uv": [ 7.5, 6.25, 8.5, 6 ], "texture": "#texture" },
        "up":    { "uv": [ 7.5, 5.25, 8.5, 5.5 ], "texture": "#texture" },
        "north": { "uv": [ 8.5, 5.25, 7.5, 6.25 ], "texture": "#texture" },
        "south": { "uv": [ 7.5, 5.25, 8.5, 6.25 ], "texture": "#texture" },
        "west":  { "uv": [ 7.5, 5.25, 7.75, 6.25 ], "texture": "#texture" },
        "east":  { "uv": [ 8.5, 5.25, 8.25, 6.25 ], "texture": "#texture" }
    }
},
{
    "from": [ 7.5, 6.75, 7.75 ],
    "to": [ 8.5, 7.75, 8.25 ],
    "faces": {
        "down":  { "uv": [ 7.5, 9.25, 8.5, 9 ], "texture": "#texture" },
        "up":    { "uv": [ 7.5, 8.25, 8.5, 8.5 ], "texture": "#texture" },
        "north": { "uv": [ 8.5, 8.25, 7.5, 9.25 ], "texture": "#texture" },
        "south": { "uv": [ 7.5, 8.25, 8.5, 9.25 ], "texture": "#texture" },
        "west":  { "uv": [ 7.5, 8.25, 7.75, 9.25 ], "texture": "#texture" },
        "east":  { "uv": [ 8.5, 8.25, 8.25, 9.25 ], "texture": "#texture" }
    }
},
{
    "from": [ 7.5, 3.25, 7.75 ],
    "to": [ 8.25, 5.75, 8.25 ],
    "faces": {
        "down":  { "uv": [ 7.5, 12.75, 8.25, 12.5 ], "texture": "#texture" },
        "up":    { "uv": [ 7.5, 10.25, 8.25, 10.5 ], "texture": "#texture" },
        "north": { "uv": [ 8.25, 10.25, 7.5, 12.75 ], "texture": "#texture" },
        "south": { "uv": [ 7.5, 10.25, 8.25, 12.75 ], "texture": "#texture" },
        "west":  { "uv": [ 7.5, 10.25, 7.75, 12.75 ], "texture": "#texture" },
        "east":  { "uv": [ 8.25, 10.25, 8, 12.75 ], "texture": "#texture" }
    }
},
{
    "from": [ 7.75, 13.75, 7.75 ],
    "to": [ 8, 14.25, 8.25 ],
    "faces": {
        "down":  { "uv": [ 7.75, 2.25, 8, 2 ], "texture": "#texture" },
        "up":    { "uv": [ 7.75, 1.75, 8, 2 ], "texture": "#texture" },
        "north": { "uv": [ 8, 1.75, 7.75, 2.25 ], "texture": "#texture" },
        "south": { "uv": [ 7.75, 1.75, 8, 2.25 ], "texture": "#texture" },
        "west":  { "uv": [ 7.75, 1.75, 8, 2.25 ], "texture": "#texture" },
        "east":  { "uv": [ 8, 1.75, 7.75, 2.25 ], "texture": "#texture" }
    }
},
{
    "from": [ 7.75, 12.5, 7.75 ],
    "to": [ 8.25, 13.25, 8.25 ],
    "faces": {
        "down":  { "uv": [ 7.75, 3.5, 8.25, 3.25 ], "texture": "#texture" },
        "up":    { "uv": [ 7.75, 2.75, 8.25, 3 ], "texture": "#texture" },
        "north": { "uv": [ 8.25, 2.75, 7.75, 3.5 ], "texture": "#texture" },
        "south": { "uv": [ 7.75, 2.75, 8.25, 3.5 ], "texture": "#texture" },
        "west":  { "uv": [ 7.75, 2.75, 8, 3.5 ], "texture": "#texture" },
        "east":  { "uv": [ 8.25, 2.75, 8, 3.5 ], "texture": "#texture" }
    }
},
{
    "from": [ 7.75, 11.5, 7.75 ],
    "to": [ 8, 12.25, 8.25 ],
    "faces": {
        "down":  { "uv": [ 7.75, 4.5, 8, 4.25 ], "texture": "#texture" },
        "up":    { "uv": [ 7.75, 3.75, 8, 4 ], "texture": "#texture" },
        "north": { "uv": [ 8, 3.75, 7.75, 4.5 ], "texture": "#texture" },
        "south": { "uv": [ 7.75, 3.75, 8, 4.5 ], "texture": "#texture" },
        "west":  { "uv": [ 7.75, 3.75, 8, 4.5 ], "texture": "#texture" },
        "east":  { "uv": [ 8, 3.75, 7.75, 4.5 ], "texture": "#texture" }
    }
},
{
    "from": [ 7.75, 10.75, 7.75 ],
    "to": [ 8.5, 11, 8.25 ],
    "faces": {
        "down":  { "uv": [ 7.75, 5.25, 8.5, 5 ], "texture": "#texture" },
        "up":    { "uv": [ 7.75, 5, 8.5, 5.25 ], "texture": "#texture" },
        "north": { "uv": [ 8.5, 5, 7.75, 5.25 ], "texture": "#texture" },
        "south": { "uv": [ 7.75, 5, 8.5, 5.25 ], "texture": "#texture" },
        "west":  { "uv": [ 7.75, 5, 8, 5.25 ], "texture": "#texture" },
        "east":  { "uv": [ 8.5, 5, 8.25, 5.25 ], "texture": "#texture" }
    }
},
{
    "from": [ 7.75, 5.75, 7.75 ],
    "to": [ 8.25, 6.75, 8.25 ],
    "faces": {
        "down":  { "uv": [ 7.75, 10.25, 8.25, 10 ], "texture": "#texture" },
        "up":    { "uv": [ 7.75, 9.25, 8.25, 9.5 ], "texture": "#texture" },
        "north": { "uv": [ 8.25, 9.25, 7.75, 10.25 ], "texture": "#texture" },
        "south": { "uv": [ 7.75, 9.25, 8.25, 10.25 ], "texture": "#texture" },
        "west":  { "uv": [ 7.75, 9.25, 8, 10.25 ], "texture": "#texture" },
        "east":  { "uv": [ 8.25, 9.25, 8, 10.25 ], "texture": "#texture" }
    }
},
{
    "from": [ 7.75, 2.25, 7.75 ],
    "to": [ 8.25, 3.25, 8.25 ],
    "faces": {
        "down":  { "uv": [ 7.75, 13.75, 8.25, 13.5 ], "texture": "#texture" },
        "up":    { "uv": [ 7.75, 12.75, 8.25, 13 ], "texture": "#texture" },
        "north": { "uv": [ 8.25, 12.75, 7.75, 13.75 ], "texture": "#texture" },
        "south": { "uv": [ 7.75, 12.75, 8.25, 13.75 ], "texture": "#texture" },
        "west":  { "uv": [ 7.75, 12.75, 8, 13.75 ], "texture": "#texture" },
        "east":  { "uv": [ 8.25, 12.75, 8, 13.75 ], "texture": "#texture" }
    }
},
{
    "from": [ 8, 14, 7.75 ],
    "to": [ 8.25, 14.25, 8.25 ],
    "faces": {
        "down":  { "uv": [ 8, 2, 8.25, 1.75 ], "texture": "#texture" },
        "up":    { "uv": [ 8, 1.75, 8.25, 2 ], "texture": "#texture" },
        "north": { "uv": [ 8.25, 1.75, 8, 2 ], "texture": "#texture" },
        "south": { "uv": [ 8, 1.75, 8.25, 2 ], "texture": "#texture" },
        "west":  { "uv": [ 8, 1.75, 8.25, 2 ], "texture": "#texture" },
        "east":  { "uv": [ 8.25, 1.75, 8, 2 ], "texture": "#texture" }
    }
},
{
    "from": [ 8, 11.5, 7.75 ],
    "to": [ 8.25, 11.75, 8.25 ],
    "faces": {
        "down":  { "uv": [ 8, 4.5, 8.25, 4.25 ], "texture": "#texture" },
        "up":    { "uv": [ 8, 4.25, 8.25, 4.5 ], "texture": "#texture" },
        "north": { "uv": [ 8.25, 4.25, 8, 4.5 ], "texture": "#texture" },
        "south": { "uv": [ 8, 4.25, 8.25, 4.5 ], "texture": "#texture" },
        "west":  { "uv": [ 8, 4.25, 8.25, 4.5 ], "texture": "#texture" },
        "east":  { "uv": [ 8.25, 4.25, 8, 4.5 ], "texture": "#texture" }
    }
},
{
    "from": [ 8, 1.75, 7.875 ],
    "to": [ 8.25, 2.25, 8.125 ],
    "faces": {
        "down":  { "uv": [ 8, 14.25, 8.25, 14 ], "texture": "#texture" },
        "up":    { "uv": [ 8, 13.75, 8.25, 14 ], "texture": "#texture" },
        "north": { "uv": [ 8.25, 13.75, 8, 14.25 ], "texture": "#texture" },
        "south": { "uv": [ 8, 13.75, 8.25, 14.25 ], "texture": "#texture" },
        "west":  { "uv": [ 8, 13.75, 8.25, 14.25 ], "texture": "#texture" },
        "east":  { "uv": [ 8.25, 13.75, 8, 14.25 ], "texture": "#texture" }
    }
},
{
    "from": [ 8.25, 12.75, 7.75 ],
    "to": [ 8.5, 14, 8.25 ],
    "faces": {
        "down":  { "uv": [ 8.25, 3.25, 8.5, 3 ], "texture": "#texture" },
        "up":    { "uv": [ 8.25, 2, 8.5, 2.25 ], "texture": "#texture" },
        "north": { "uv": [ 8.5, 2, 8.25, 3.25 ], "texture": "#texture" },
        "south": { "uv": [ 8.25, 2, 8.5, 3.25 ], "texture": "#texture" },
        "west":  { "uv": [ 8.25, 2, 8.5, 3.25 ], "texture": "#texture" },
        "east":  { "uv": [ 8.5, 2, 8.25, 3.25 ], "texture": "#texture" }
    }
},
{
    "from": [ 8.25, 12, 7.75 ],
    "to": [ 8.75, 12.25, 8.25 ],
    "faces": {
        "down":  { "uv": [ 8.25, 4, 8.75, 3.75 ], "texture": "#texture" },
        "up":    { "uv": [ 8.25, 3.75, 8.75, 4 ], "texture": "#texture" },
        "north": { "uv": [ 8.75, 3.75, 8.25, 4 ], "texture": "#texture" },
        "south": { "uv": [ 8.25, 3.75, 8.75, 4 ], "texture": "#texture" },
        "west":  { "uv": [ 8.25, 3.75, 8.5, 4 ], "texture": "#texture" },
        "east":  { "uv": [ 8.75, 3.75, 8.5, 4 ], "texture": "#texture" }
    }
},
{
    "from": [ 8.25, 11, 7.75 ],
    "to": [ 8.75, 11.5, 8.25 ],
    "faces": {
        "down":  { "uv": [ 8.25, 5, 8.75, 4.75 ], "texture": "#texture" },
        "up":    { "uv": [ 8.25, 4.5, 8.75, 4.75 ], "texture": "#texture" },
        "north": { "uv": [ 8.75, 4.5, 8.25, 5 ], "texture": "#texture" },
        "south": { "uv": [ 8.25, 4.5, 8.75, 5 ], "texture": "#texture" },
        "west":  { "uv": [ 8.25, 4.5, 8.5, 5 ], "texture": "#texture" },
        "east":  { "uv": [ 8.75, 4.5, 8.5, 5 ], "texture": "#texture" }
    }
},
{
    "from": [ 8.25, 9.25, 7.75 ],
    "to": [ 8.5, 9.75, 8.25 ],
    "faces": {
        "down":  { "uv": [ 8.25, 6.75, 8.5, 6.5 ], "texture": "#texture" },
        "up":    { "uv": [ 8.25, 6.25, 8.5, 6.5 ], "texture": "#texture" },
        "north": { "uv": [ 8.5, 6.25, 8.25, 6.75 ], "texture": "#texture" },
        "south": { "uv": [ 8.25, 6.25, 8.5, 6.75 ], "texture": "#texture" },
        "west":  { "uv": [ 8.25, 6.25, 8.5, 6.75 ], "texture": "#texture" },
        "east":  { "uv": [ 8.5, 6.25, 8.25, 6.75 ], "texture": "#texture" }
    }
},
{
    "from": [ 8.25, 7.75, 7.75 ],
    "to": [ 8.5, 8.25, 8.25 ],
    "faces": {
        "down":  { "uv": [ 8.25, 8.25, 8.5, 8 ], "texture": "#texture" },
        "up":    { "uv": [ 8.25, 7.75, 8.5, 8 ], "texture": "#texture" },
        "north": { "uv": [ 8.5, 7.75, 8.25, 8.25 ], "texture": "#texture" },
        "south": { "uv": [ 8.25, 7.75, 8.5, 8.25 ], "texture": "#texture" },
        "west":  { "uv": [ 8.25, 7.75, 8.5, 8.25 ], "texture": "#texture" },
        "east":  { "uv": [ 8.5, 7.75, 8.25, 8.25 ], "texture": "#texture" }
    }
},
{
    "from": [ 8.25, 6.25, 7.75 ],
    "to": [ 8.5, 6.75, 8.25 ],
    "faces": {
        "down":  { "uv": [ 8.25, 9.75, 8.5, 9.5 ], "texture": "#texture" },
        "up":    { "uv": [ 8.25, 9.25, 8.5, 9.5 ], "texture": "#texture" },
        "north": { "uv": [ 8.5, 9.25, 8.25, 9.75 ], "texture": "#texture" },
        "south": { "uv": [ 8.25, 9.25, 8.5, 9.75 ], "texture": "#texture" },
        "west":  { "uv": [ 8.25, 9.25, 8.5, 9.75 ], "texture": "#texture" },
        "east":  { "uv": [ 8.5, 9.25, 8.25, 9.75 ], "texture": "#texture" }
    }
},
{
    "from": [ 8.25, 3.25, 7.75 ],
    "to": [ 8.5, 5.25, 8.25 ],
    "faces": {
        "down":  { "uv": [ 8.25, 12.75, 8.5, 12.5 ], "texture": "#texture" },
        "up":    { "uv": [ 8.25, 10.75, 8.5, 11 ], "texture": "#texture" },
        "north": { "uv": [ 8.5, 10.75, 8.25, 12.75 ], "texture": "#texture" },
        "south": { "uv": [ 8.25, 10.75, 8.5, 12.75 ], "texture": "#texture" },
        "west":  { "uv": [ 8.25, 10.75, 8.5, 12.75 ], "texture": "#texture" },
        "east":  { "uv": [ 8.5, 10.75, 8.25, 12.75 ], "texture": "#texture" }
    }
},
{
    "from": [ 8.25, 2.5, 8 ],
    "to": [ 8.5, 2.75, 8.25 ],
    "faces": {
        "down":  { "uv": [ 8.25, 13.5, 8.5, 13.25 ], "texture": "#texture" },
        "up":    { "uv": [ 8.25, 13.25, 8.5, 13.5 ], "texture": "#texture" },
        "north": { "uv": [ 8.5, 13.25, 8.25, 13.5 ], "texture": "#texture" },
        "south": { "uv": [ 8.25, 13.25, 8.5, 13.5 ], "texture": "#texture" },
        "west":  { "uv": [ 8.25, 13.25, 8.5, 13.5 ], "texture": "#texture" },
        "east":  { "uv": [ 8.5, 13.25, 8.25, 13.5 ], "texture": "#texture" }
    }
},
{
    "from": [ 8.5, 12.75, 7.75 ],
    "to": [ 8.75, 13.25, 8.25 ],
    "faces": {
        "down":  { "uv": [ 8.5, 3.25, 8.75, 3 ], "texture": "#texture" },
        "up":    { "uv": [ 8.5, 2.75, 8.75, 3 ], "texture": "#texture" },
        "north": { "uv": [ 8.75, 2.75, 8.5, 3.25 ], "texture": "#texture" },
        "south": { "uv": [ 8.5, 2.75, 8.75, 3.25 ], "texture": "#texture" },
        "west":  { "uv": [ 8.5, 2.75, 8.75, 3.25 ], "texture": "#texture" },
        "east":  { "uv": [ 8.75, 2.75, 8.5, 3.25 ], "texture": "#texture" }
    }
},
{
    "from": [ 8.5, 11.5, 7.75 ],
    "to": [ 9, 12, 8.25 ],
    "faces": {
        "down":  { "uv": [ 8.5, 4.5, 9, 4.25 ], "texture": "#texture" },
        "up":    { "uv": [ 8.5, 4, 9, 4.25 ], "texture": "#texture" },
        "north": { "uv": [ 9, 4, 8.5, 4.5 ], "texture": "#texture" },
        "south": { "uv": [ 8.5, 4, 9, 4.5 ], "texture": "#texture" },
        "west":  { "uv": [ 8.5, 4, 8.75, 4.5 ], "texture": "#texture" },
        "east":  { "uv": [ 9, 4, 8.75, 4.5 ], "texture": "#texture" }
    }
},
{
    "from": [ 8.75, 12.75, 7.75 ],
    "to": [ 9, 13, 8.25 ],
    "faces": {
        "down":  { "uv": [ 8.75, 3.25, 9, 3 ], "texture": "#texture" },
        "up":    { "uv": [ 8.75, 3, 9, 3.25 ], "texture": "#texture" },
        "north": { "uv": [ 9, 3, 8.75, 3.25 ], "texture": "#texture" },
        "south": { "uv": [ 8.75, 3, 9, 3.25 ], "texture": "#texture" },
        "west":  { "uv": [ 8.75, 3, 9, 3.25 ], "texture": "#texture" },
        "east":  { "uv": [ 9, 3, 8.75, 3.25 ], "texture": "#texture" }
    }
},
{
    "from": [ 8.75, 11.25, 7.75 ],
    "to": [ 9, 11.5, 8.25 ],
    "faces": {
        "down":  { "uv": [ 8.75, 4.75, 9, 4.5 ], "texture": "#texture" },
        "up":    { "uv": [ 8.75, 4.5, 9, 4.75 ], "texture": "#texture" },
        "north": { "uv": [ 9, 4.5, 8.75, 4.75 ], "texture": "#texture" },
        "south": { "uv": [ 8.75, 4.5, 9, 4.75 ], "texture": "#texture" },
        "west":  { "uv": [ 8.75, 4.5, 9, 4.75 ], "texture": "#texture" },
        "east":  { "uv": [ 9, 4.5, 8.75, 4.75 ], "texture": "#texture" }
    }
}
],
"display": {
    "thirdperson_righthand": {
        "rotation": [ 0, 120, 0 ],
        "translation": [ 0, 1.89, 1.51 ],
        "scale": [ 1.75, 1.75, 1.75 ]
    },
    "thirdperson_lefthand": {
        "rotation": [ 0, -120, 0 ],
        "translation": [ 0, 1.89, 1.51 ],
        "scale": [ 1.75, 1.75, 1.75 ]
    },
    "head": {
        "rotation": [ 0, 0, 0 ],
        "translation": [ 0, 0, 0 ],
        "scale": [ 1, 1, 1 ]
    },
    "ground": {
        "rotation": [ 0, 0, 45 ],
        "translation": [ 0, 5.1, 0 ],
        "scale": [ 0.5, 0.5, 0.5 ]
    },
    "fixed": {
        "rotation": [ 0, 0, 45 ],
        "translation": [ 0, 0, 0 ],
        "scale": [ 1, 1, 1 ]
    },
    "firstperson_righthand": {
        "rotation": [ 0, -67, 11 ],
        "translation": [ 2.65, 1.7, -0.94 ],
        "scale": [ 2, 2, 2 ]
    },
    "firstperson_lefthand": {
        "rotation": [ 0, -68, 11 ],
        "translation": [ 2.65, 1.7, -1.51 ],
        "scale": [ 2, 2, 2 ]
    },
    "gui": {
        "rotation": [ 0, 180, 45 ],
        "translation": [ 0, 0, 0 ],
        "scale": [ 1, 1, 1 ]
    }
}
}