{
"__comment": "Designed by MasterianoX",
"textures": {
    "particle": "wynn/weapons/sets/feather_set/feather_spear",
    "texture": "wynn/weapons/sets/feather_set/feather_spear"
},
"elements": [ 
{
    "from": [ 7, 11, 7.25 ],
    "to": [ 7.5, 13.5, 8.75 ],
    "faces": {
        "down":  { "uv": [ 7, 5, 7.5, 4.75 ], "texture": "#texture" },
        "up":    { "uv": [ 7, 2.5, 7.5, 2.75 ], "texture": "#texture" },
        "north": { "uv": [ 7.5, 2.5, 7, 5 ], "texture": "#texture" },
        "south": { "uv": [ 7, 2.5, 7.5, 5 ], "texture": "#texture" },
        "west":  { "uv": [ 7, 2.5, 7.25, 5 ], "texture": "#texture" },
        "east":  { "uv": [ 7.5, 2.5, 7.25, 5 ], "texture": "#texture" }
    }
},
{
    "from": [ 7.25, 10.25, 7.25 ],
    "to": [ 9.25, 11, 8.75 ],
    "faces": {
        "down":  { "uv": [ 7.25, 5.75, 9.25, 5.5 ], "texture": "#texture" },
        "up":    { "uv": [ 7.25, 5, 9.25, 5.25 ], "texture": "#texture" },
        "north": { "uv": [ 9.25, 5, 7.25, 5.75 ], "texture": "#texture" },
        "south": { "uv": [ 7.25, 5, 9.25, 5.75 ], "texture": "#texture" },
        "west":  { "uv": [ 7.25, 5, 7.5, 5.75 ], "texture": "#texture" },
        "east":  { "uv": [ 9.25, 5, 9, 5.75 ], "texture": "#texture" }
    }
},
{
    "from": [ 7.5, 11, 7.25 ],
    "to": [ 7.75, 13.25, 8.75 ],
    "faces": {
        "down":  { "uv": [ 7.5, 5, 7.75, 4.75 ], "texture": "#texture" },
        "up":    { "uv": [ 7.5, 2.75, 7.75, 3 ], "texture": "#texture" },
        "north": { "uv": [ 7.75, 2.75, 7.5, 5 ], "texture": "#texture" },
        "south": { "uv": [ 7.5, 2.75, 7.75, 5 ], "texture": "#texture" },
        "west":  { "uv": [ 7.5, 2.75, 7.75, 5 ], "texture": "#texture" },
        "east":  { "uv": [ 7.75, 2.75, 7.5, 5 ], "texture": "#texture" }
    }
},
{
    "from": [ 7.5, 9.75, 7.25 ],
    "to": [ 9, 10.25, 8.75 ],
    "faces": {
        "down":  { "uv": [ 7.5, 6.25, 9, 6 ], "texture": "#texture" },
        "up":    { "uv": [ 7.5, 5.75, 9, 6 ], "texture": "#texture" },
        "north": { "uv": [ 9, 5.75, 7.5, 6.25 ], "texture": "#texture" },
        "south": { "uv": [ 7.5, 5.75, 9, 6.25 ], "texture": "#texture" },
        "west":  { "uv": [ 7.5, 5.75, 7.75, 6.25 ], "texture": "#texture" },
        "east":  { "uv": [ 9, 5.75, 8.75, 6.25 ], "texture": "#texture" }
    }
},
{
    "from": [ 7.75, 11, 7.25 ],
    "to": [ 8, 12.5, 8.75 ],
    "faces": {
        "down":  { "uv": [ 7.75, 5, 8, 4.75 ], "texture": "#texture" },
        "up":    { "uv": [ 7.75, 3.5, 8, 3.75 ], "texture": "#texture" },
        "north": { "uv": [ 8, 3.5, 7.75, 5 ], "texture": "#texture" },
        "south": { "uv": [ 7.75, 3.5, 8, 5 ], "texture": "#texture" },
        "west":  { "uv": [ 7.75, 3.5, 8, 5 ], "texture": "#texture" },
        "east":  { "uv": [ 8, 3.5, 7.75, 5 ], "texture": "#texture" }
    }
},
{
    "from": [ 7.75, 9.5, 7.25 ],
    "to": [ 8.75, 9.75, 8.75 ],
    "faces": {
        "down":  { "uv": [ 7.75, 6.5, 8.75, 6.25 ], "texture": "#texture" },
        "up":    { "uv": [ 7.75, 6.25, 8.75, 6.5 ], "texture": "#texture" },
        "north": { "uv": [ 8.75, 6.25, 7.75, 6.5 ], "texture": "#texture" },
        "south": { "uv": [ 7.75, 6.25, 8.75, 6.5 ], "texture": "#texture" },
        "west":  { "uv": [ 7.75, 6.25, 8, 6.5 ], "texture": "#texture" },
        "east":  { "uv": [ 8.75, 6.25, 8.5, 6.5 ], "texture": "#texture" }
    }
},
{
    "from": [ 8, 11, 7.25 ],
    "to": [ 8.25, 12.25, 8.75 ],
    "faces": {
        "down":  { "uv": [ 8, 5, 8.25, 4.75 ], "texture": "#texture" },
        "up":    { "uv": [ 8, 3.75, 8.25, 4 ], "texture": "#texture" },
        "north": { "uv": [ 8.25, 3.75, 8, 5 ], "texture": "#texture" },
        "south": { "uv": [ 8, 3.75, 8.25, 5 ], "texture": "#texture" },
        "west":  { "uv": [ 8, 3.75, 8.25, 5 ], "texture": "#texture" },
        "east":  { "uv": [ 8.25, 3.75, 8, 5 ], "texture": "#texture" }
    }
},
{
    "from": [ 8, 8.5, 7.25 ],
    "to": [ 8.5, 9.5, 8.75 ],
    "faces": {
        "down":  { "uv": [ 8, 7.5, 8.5, 7.25 ], "texture": "#texture" },
        "up":    { "uv": [ 8, 6.5, 8.5, 6.75 ], "texture": "#texture" },
        "north": { "uv": [ 8.5, 6.5, 8, 7.5 ], "texture": "#texture" },
        "south": { "uv": [ 8, 6.5, 8.5, 7.5 ], "texture": "#texture" },
        "west":  { "uv": [ 8, 6.5, 8.25, 7.5 ], "texture": "#texture" },
        "east":  { "uv": [ 8.5, 6.5, 8.25, 7.5 ], "texture": "#texture" }
    }
},
{
    "from": [ 8.25, 11, 7.25 ],
    "to": [ 9.5, 12, 8.75 ],
    "faces": {
        "down":  { "uv": [ 8.25, 5, 9.5, 4.75 ], "texture": "#texture" },
        "up":    { "uv": [ 8.25, 4, 9.5, 4.25 ], "texture": "#texture" },
        "north": { "uv": [ 9.5, 4, 8.25, 5 ], "texture": "#texture" },
        "south": { "uv": [ 8.25, 4, 9.5, 5 ], "texture": "#texture" },
        "west":  { "uv": [ 8.25, 4, 8.5, 5 ], "texture": "#texture" },
        "east":  { "uv": [ 9.5, 4, 9.25, 5 ], "texture": "#texture" }
    }
},
{
    "from": [ 8.5, 12, 7.25 ],
    "to": [ 9.5, 12.25, 8.75 ],
    "faces": {
        "down":  { "uv": [ 8.5, 4, 9.5, 3.75 ], "texture": "#texture" },
        "up":    { "uv": [ 8.5, 3.75, 9.5, 4 ], "texture": "#texture" },
        "north": { "uv": [ 9.5, 3.75, 8.5, 4 ], "texture": "#texture" },
        "south": { "uv": [ 8.5, 3.75, 9.5, 4 ], "texture": "#texture" },
        "west":  { "uv": [ 8.5, 3.75, 8.75, 4 ], "texture": "#texture" },
        "east":  { "uv": [ 9.5, 3.75, 9.25, 4 ], "texture": "#texture" }
    }
},
{
    "from": [ 8.75, 12.25, 7.25 ],
    "to": [ 9.5, 12.5, 8.75 ],
    "faces": {
        "down":  { "uv": [ 8.75, 3.75, 9.5, 3.5 ], "texture": "#texture" },
        "up":    { "uv": [ 8.75, 3.5, 9.5, 3.75 ], "texture": "#texture" },
        "north": { "uv": [ 9.5, 3.5, 8.75, 3.75 ], "texture": "#texture" },
        "south": { "uv": [ 8.75, 3.5, 9.5, 3.75 ], "texture": "#texture" },
        "west":  { "uv": [ 8.75, 3.5, 9, 3.75 ], "texture": "#texture" },
        "east":  { "uv": [ 9.5, 3.5, 9.25, 3.75 ], "texture": "#texture" }
    }
},
{
    "from": [ 9, 12.5, 7.25 ],
    "to": [ 9.5, 13.5, 8.75 ],
    "faces": {
        "down":  { "uv": [ 9, 3.5, 9.5, 3.25 ], "texture": "#texture" },
        "up":    { "uv": [ 9, 2.5, 9.5, 2.75 ], "texture": "#texture" },
        "north": { "uv": [ 9.5, 2.5, 9, 3.5 ], "texture": "#texture" },
        "south": { "uv": [ 9, 2.5, 9.5, 3.5 ], "texture": "#texture" },
        "west":  { "uv": [ 9, 2.5, 9.25, 3.5 ], "texture": "#texture" },
        "east":  { "uv": [ 9.5, 2.5, 9.25, 3.5 ], "texture": "#texture" }
    }
},
{
    "from": [ 9.25, 10.5, 7.25 ],
    "to": [ 9.5, 11, 8.75 ],
    "faces": {
        "down":  { "uv": [ 9.25, 5.5, 9.5, 5.25 ], "texture": "#texture" },
        "up":    { "uv": [ 9.25, 5, 9.5, 5.25 ], "texture": "#texture" },
        "north": { "uv": [ 9.5, 5, 9.25, 5.5 ], "texture": "#texture" },
        "south": { "uv": [ 9.25, 5, 9.5, 5.5 ], "texture": "#texture" },
        "west":  { "uv": [ 9.25, 5, 9.5, 5.5 ], "texture": "#texture" },
        "east":  { "uv": [ 9.5, 5, 9.25, 5.5 ], "texture": "#texture" }
    }
},
{
    "from": [ 6.75, 11, 7.5 ],
    "to": [ 7.75, 13.5, 8.5 ],
    "faces": {
        "down":  { "uv": [ 6.75, 5, 7.75, 4.75 ], "texture": "#texture" },
        "up":    { "uv": [ 6.75, 2.5, 7.75, 2.75 ], "texture": "#texture" },
        "north": { "uv": [ 7.75, 2.5, 6.75, 5 ], "texture": "#texture" },
        "south": { "uv": [ 6.75, 2.5, 7.75, 5 ], "texture": "#texture" },
        "west":  { "uv": [ 6.75, 2.5, 7, 5 ], "texture": "#texture" },
        "east":  { "uv": [ 7.75, 2.5, 7.5, 5 ], "texture": "#texture" }
    }
},
{
    "from": [ 7, 13.5, 7.5 ],
    "to": [ 7.25, 14, 8.5 ],
    "faces": {
        "down":  { "uv": [ 7, 2.5, 7.25, 2.25 ], "texture": "#texture" },
        "up":    { "uv": [ 7, 2, 7.25, 2.25 ], "texture": "#texture" },
        "north": { "uv": [ 7.25, 2, 7, 2.5 ], "texture": "#texture" },
        "south": { "uv": [ 7, 2, 7.25, 2.5 ], "texture": "#texture" },
        "west":  { "uv": [ 7, 2, 7.25, 2.5 ], "texture": "#texture" },
        "east":  { "uv": [ 7.25, 2, 7, 2.5 ], "texture": "#texture" }
    }
},
{
    "from": [ 7, 10.25, 7.5 ],
    "to": [ 9.5, 11, 8.5 ],
    "faces": {
        "down":  { "uv": [ 7, 5.75, 9.5, 5.5 ], "texture": "#texture" },
        "up":    { "uv": [ 7, 5, 9.5, 5.25 ], "texture": "#texture" },
        "north": { "uv": [ 9.5, 5, 7, 5.75 ], "texture": "#texture" },
        "south": { "uv": [ 7, 5, 9.5, 5.75 ], "texture": "#texture" },
        "west":  { "uv": [ 7, 5, 7.25, 5.75 ], "texture": "#texture" },
        "east":  { "uv": [ 9.5, 5, 9.25, 5.75 ], "texture": "#texture" }
    }
},
{
    "from": [ 7.25, 13.5, 7.5 ],
    "to": [ 7.75, 13.75, 8.5 ],
    "faces": {
        "down":  { "uv": [ 7.25, 2.5, 7.75, 2.25 ], "texture": "#texture" },
        "up":    { "uv": [ 7.25, 2.25, 7.75, 2.5 ], "texture": "#texture" },
        "north": { "uv": [ 7.75, 2.25, 7.25, 2.5 ], "texture": "#texture" },
        "south": { "uv": [ 7.25, 2.25, 7.75, 2.5 ], "texture": "#texture" },
        "west":  { "uv": [ 7.25, 2.25, 7.5, 2.5 ], "texture": "#texture" },
        "east":  { "uv": [ 7.75, 2.25, 7.5, 2.5 ], "texture": "#texture" }
    }
},
{
    "from": [ 7.25, 9.75, 7.5 ],
    "to": [ 9.25, 10.25, 8.5 ],
    "faces": {
        "down":  { "uv": [ 7.25, 6.25, 9.25, 6 ], "texture": "#texture" },
        "up":    { "uv": [ 7.25, 5.75, 9.25, 6 ], "texture": "#texture" },
        "north": { "uv": [ 9.25, 5.75, 7.25, 6.25 ], "texture": "#texture" },
        "south": { "uv": [ 7.25, 5.75, 9.25, 6.25 ], "texture": "#texture" },
        "west":  { "uv": [ 7.25, 5.75, 7.5, 6.25 ], "texture": "#texture" },
        "east":  { "uv": [ 9.25, 5.75, 9, 6.25 ], "texture": "#texture" }
    }
},
{
    "from": [ 7.5, 13.75, 7.5 ],
    "to": [ 7.75, 14, 8.5 ],
    "faces": {
        "down":  { "uv": [ 7.5, 2.25, 7.75, 2 ], "texture": "#texture" },
        "up":    { "uv": [ 7.5, 2, 7.75, 2.25 ], "texture": "#texture" },
        "north": { "uv": [ 7.75, 2, 7.5, 2.25 ], "texture": "#texture" },
        "south": { "uv": [ 7.5, 2, 7.75, 2.25 ], "texture": "#texture" },
        "west":  { "uv": [ 7.5, 2, 7.75, 2.25 ], "texture": "#texture" },
        "east":  { "uv": [ 7.75, 2, 7.5, 2.25 ], "texture": "#texture" }
    }
},
{
    "from": [ 7.5, 9.5, 7.5 ],
    "to": [ 9, 9.75, 8.5 ],
    "faces": {
        "down":  { "uv": [ 7.5, 6.5, 9, 6.25 ], "texture": "#texture" },
        "up":    { "uv": [ 7.5, 6.25, 9, 6.5 ], "texture": "#texture" },
        "north": { "uv": [ 9, 6.25, 7.5, 6.5 ], "texture": "#texture" },
        "south": { "uv": [ 7.5, 6.25, 9, 6.5 ], "texture": "#texture" },
        "west":  { "uv": [ 7.5, 6.25, 7.75, 6.5 ], "texture": "#texture" },
        "east":  { "uv": [ 9, 6.25, 8.75, 6.5 ], "texture": "#texture" }
    }
},
{
    "from": [ 7.5, 9, 7.5 ],
    "to": [ 9, 9.25, 8.5 ],
    "faces": {
        "down":  { "uv": [ 7.5, 7, 9, 6.75 ], "texture": "#texture" },
        "up":    { "uv": [ 7.5, 6.75, 9, 7 ], "texture": "#texture" },
        "north": { "uv": [ 9, 6.75, 7.5, 7 ], "texture": "#texture" },
        "south": { "uv": [ 7.5, 6.75, 9, 7 ], "texture": "#texture" },
        "west":  { "uv": [ 7.5, 6.75, 7.75, 7 ], "texture": "#texture" },
        "east":  { "uv": [ 9, 6.75, 8.75, 7 ], "texture": "#texture" }
    }
},
{
    "from": [ 7.5, 1.5, 7.5 ],
    "to": [ 7.75, 1.75, 8.5 ],
    "faces": {
        "down":  { "uv": [ 7.5, 14.5, 7.75, 14.25 ], "texture": "#texture" },
        "up":    { "uv": [ 7.5, 14.25, 7.75, 14.5 ], "texture": "#texture" },
        "north": { "uv": [ 7.75, 14.25, 7.5, 14.5 ], "texture": "#texture" },
        "south": { "uv": [ 7.5, 14.25, 7.75, 14.5 ], "texture": "#texture" },
        "west":  { "uv": [ 7.5, 14.25, 7.75, 14.5 ], "texture": "#texture" },
        "east":  { "uv": [ 7.75, 14.25, 7.5, 14.5 ], "texture": "#texture" }
    }
},
{
    "from": [ 7.75, 11, 7.5 ],
    "to": [ 8, 13.25, 8.5 ],
    "faces": {
        "down":  { "uv": [ 7.75, 5, 8, 4.75 ], "texture": "#texture" },
        "up":    { "uv": [ 7.75, 2.75, 8, 3 ], "texture": "#texture" },
        "north": { "uv": [ 8, 2.75, 7.75, 5 ], "texture": "#texture" },
        "south": { "uv": [ 7.75, 2.75, 8, 5 ], "texture": "#texture" },
        "west":  { "uv": [ 7.75, 2.75, 8, 5 ], "texture": "#texture" },
        "east":  { "uv": [ 8, 2.75, 7.75, 5 ], "texture": "#texture" }
    }
},
{
    "from": [ 7.75, 9.25, 7.5 ],
    "to": [ 8.75, 9.5, 8.5 ],
    "faces": {
        "down":  { "uv": [ 7.75, 6.75, 8.75, 6.5 ], "texture": "#texture" },
        "up":    { "uv": [ 7.75, 6.5, 8.75, 6.75 ], "texture": "#texture" },
        "north": { "uv": [ 8.75, 6.5, 7.75, 6.75 ], "texture": "#texture" },
        "south": { "uv": [ 7.75, 6.5, 8.75, 6.75 ], "texture": "#texture" },
        "west":  { "uv": [ 7.75, 6.5, 8, 6.75 ], "texture": "#texture" },
        "east":  { "uv": [ 8.75, 6.5, 8.5, 6.75 ], "texture": "#texture" }
    }
},
{
    "from": [ 7.75, 8.5, 7.5 ],
    "to": [ 8.75, 9, 8.5 ],
    "faces": {
        "down":  { "uv": [ 7.75, 7.5, 8.75, 7.25 ], "texture": "#texture" },
        "up":    { "uv": [ 7.75, 7, 8.75, 7.25 ], "texture": "#texture" },
        "north": { "uv": [ 8.75, 7, 7.75, 7.5 ], "texture": "#texture" },
        "south": { "uv": [ 7.75, 7, 8.75, 7.5 ], "texture": "#texture" },
        "west":  { "uv": [ 7.75, 7, 8, 7.5 ], "texture": "#texture" },
        "east":  { "uv": [ 8.75, 7, 8.5, 7.5 ], "texture": "#texture" }
    }
},
{
    "from": [ 7.75, 7.5, 7.5 ],
    "to": [ 8.75, 7.75, 8.5 ],
    "faces": {
        "down":  { "uv": [ 7.75, 8.5, 8.75, 8.25 ], "texture": "#texture" },
        "up":    { "uv": [ 7.75, 8.25, 8.75, 8.5 ], "texture": "#texture" },
        "north": { "uv": [ 8.75, 8.25, 7.75, 8.5 ], "texture": "#texture" },
        "south": { "uv": [ 7.75, 8.25, 8.75, 8.5 ], "texture": "#texture" },
        "west":  { "uv": [ 7.75, 8.25, 8, 8.5 ], "texture": "#texture" },
        "east":  { "uv": [ 8.75, 8.25, 8.5, 8.5 ], "texture": "#texture" }
    }
},
{
    "from": [ 7.75, 0.75, 7.5 ],
    "to": [ 8.75, 1.5, 8.5 ],
    "faces": {
        "down":  { "uv": [ 7.75, 15.25, 8.75, 15 ], "texture": "#texture" },
        "up":    { "uv": [ 7.75, 14.5, 8.75, 14.75 ], "texture": "#texture" },
        "north": { "uv": [ 8.75, 14.5, 7.75, 15.25 ], "texture": "#texture" },
        "south": { "uv": [ 7.75, 14.5, 8.75, 15.25 ], "texture": "#texture" },
        "west":  { "uv": [ 7.75, 14.5, 8, 15.25 ], "texture": "#texture" },
        "east":  { "uv": [ 8.75, 14.5, 8.5, 15.25 ], "texture": "#texture" }
    }
},
{
    "from": [ 8, 11, 7.5 ],
    "to": [ 8.25, 12.5, 8.5 ],
    "faces": {
        "down":  { "uv": [ 8, 5, 8.25, 4.75 ], "texture": "#texture" },
        "up":    { "uv": [ 8, 3.5, 8.25, 3.75 ], "texture": "#texture" },
        "north": { "uv": [ 8.25, 3.5, 8, 5 ], "texture": "#texture" },
        "south": { "uv": [ 8, 3.5, 8.25, 5 ], "texture": "#texture" },
        "west":  { "uv": [ 8, 3.5, 8.25, 5 ], "texture": "#texture" },
        "east":  { "uv": [ 8.25, 3.5, 8, 5 ], "texture": "#texture" }
    }
},
{
    "from": [ 8, 7.75, 7.5 ],
    "to": [ 8.5, 8.5, 8.5 ],
    "faces": {
        "down":  { "uv": [ 8, 8.25, 8.5, 8 ], "texture": "#texture" },
        "up":    { "uv": [ 8, 7.5, 8.5, 7.75 ], "texture": "#texture" },
        "north": { "uv": [ 8.5, 7.5, 8, 8.25 ], "texture": "#texture" },
        "south": { "uv": [ 8, 7.5, 8.5, 8.25 ], "texture": "#texture" },
        "west":  { "uv": [ 8, 7.5, 8.25, 8.25 ], "texture": "#texture" },
        "east":  { "uv": [ 8.5, 7.5, 8.25, 8.25 ], "texture": "#texture" }
    }
},
{
    "from": [ 8, 1.5, 7.5 ],
    "to": [ 8.5, 1.75, 8.5 ],
    "faces": {
        "down":  { "uv": [ 8, 14.5, 8.5, 14.25 ], "texture": "#texture" },
        "up":    { "uv": [ 8, 14.25, 8.5, 14.5 ], "texture": "#texture" },
        "north": { "uv": [ 8.5, 14.25, 8, 14.5 ], "texture": "#texture" },
        "south": { "uv": [ 8, 14.25, 8.5, 14.5 ], "texture": "#texture" },
        "west":  { "uv": [ 8, 14.25, 8.25, 14.5 ], "texture": "#texture" },
        "east":  { "uv": [ 8.5, 14.25, 8.25, 14.5 ], "texture": "#texture" }
    }
},
{
    "from": [ 8.25, 11, 7.5 ],
    "to": [ 9.75, 12.25, 8.5 ],
    "faces": {
        "down":  { "uv": [ 8.25, 5, 9.75, 4.75 ], "texture": "#texture" },
        "up":    { "uv": [ 8.25, 3.75, 9.75, 4 ], "texture": "#texture" },
        "north": { "uv": [ 9.75, 3.75, 8.25, 5 ], "texture": "#texture" },
        "south": { "uv": [ 8.25, 3.75, 9.75, 5 ], "texture": "#texture" },
        "west":  { "uv": [ 8.25, 3.75, 8.5, 5 ], "texture": "#texture" },
        "east":  { "uv": [ 9.75, 3.75, 9.5, 5 ], "texture": "#texture" }
    }
},
{
    "from": [ 8.5, 12.25, 7.5 ],
    "to": [ 9.75, 12.5, 8.5 ],
    "faces": {
        "down":  { "uv": [ 8.5, 3.75, 9.75, 3.5 ], "texture": "#texture" },
        "up":    { "uv": [ 8.5, 3.5, 9.75, 3.75 ], "texture": "#texture" },
        "north": { "uv": [ 9.75, 3.5, 8.5, 3.75 ], "texture": "#texture" },
        "south": { "uv": [ 8.5, 3.5, 9.75, 3.75 ], "texture": "#texture" },
        "west":  { "uv": [ 8.5, 3.5, 8.75, 3.75 ], "texture": "#texture" },
        "east":  { "uv": [ 9.75, 3.5, 9.5, 3.75 ], "texture": "#texture" }
    }
},
{
    "from": [ 8.75, 12.5, 7.5 ],
    "to": [ 9, 14, 8.5 ],
    "faces": {
        "down":  { "uv": [ 8.75, 3.5, 9, 3.25 ], "texture": "#texture" },
        "up":    { "uv": [ 8.75, 2, 9, 2.25 ], "texture": "#texture" },
        "north": { "uv": [ 9, 2, 8.75, 3.5 ], "texture": "#texture" },
        "south": { "uv": [ 8.75, 2, 9, 3.5 ], "texture": "#texture" },
        "west":  { "uv": [ 8.75, 2, 9, 3.5 ], "texture": "#texture" },
        "east":  { "uv": [ 9, 2, 8.75, 3.5 ], "texture": "#texture" }
    }
},
{
    "from": [ 8.75, 1.5, 7.5 ],
    "to": [ 9, 1.75, 8.5 ],
    "faces": {
        "down":  { "uv": [ 8.75, 14.5, 9, 14.25 ], "texture": "#texture" },
        "up":    { "uv": [ 8.75, 14.25, 9, 14.5 ], "texture": "#texture" },
        "north": { "uv": [ 9, 14.25, 8.75, 14.5 ], "texture": "#texture" },
        "south": { "uv": [ 8.75, 14.25, 9, 14.5 ], "texture": "#texture" },
        "west":  { "uv": [ 8.75, 14.25, 9, 14.5 ], "texture": "#texture" },
        "east":  { "uv": [ 9, 14.25, 8.75, 14.5 ], "texture": "#texture" }
    }
},
{
    "from": [ 9, 12.5, 7.5 ],
    "to": [ 9.5, 13.75, 8.5 ],
    "faces": {
        "down":  { "uv": [ 9, 3.5, 9.5, 3.25 ], "texture": "#texture" },
        "up":    { "uv": [ 9, 2.25, 9.5, 2.5 ], "texture": "#texture" },
        "north": { "uv": [ 9.5, 2.25, 9, 3.5 ], "texture": "#texture" },
        "south": { "uv": [ 9, 2.25, 9.5, 3.5 ], "texture": "#texture" },
        "west":  { "uv": [ 9, 2.25, 9.25, 3.5 ], "texture": "#texture" },
        "east":  { "uv": [ 9.5, 2.25, 9.25, 3.5 ], "texture": "#texture" }
    }
},
{
    "from": [ 9.25, 13.75, 7.5 ],
    "to": [ 9.5, 14, 8.5 ],
    "faces": {
        "down":  { "uv": [ 9.25, 2.25, 9.5, 2 ], "texture": "#texture" },
        "up":    { "uv": [ 9.25, 2, 9.5, 2.25 ], "texture": "#texture" },
        "north": { "uv": [ 9.5, 2, 9.25, 2.25 ], "texture": "#texture" },
        "south": { "uv": [ 9.25, 2, 9.5, 2.25 ], "texture": "#texture" },
        "west":  { "uv": [ 9.25, 2, 9.5, 2.25 ], "texture": "#texture" },
        "east":  { "uv": [ 9.5, 2, 9.25, 2.25 ], "texture": "#texture" }
    }
},
{
    "from": [ 9.5, 12.5, 7.5 ],
    "to": [ 9.75, 13.5, 8.5 ],
    "faces": {
        "down":  { "uv": [ 9.5, 3.5, 9.75, 3.25 ], "texture": "#texture" },
        "up":    { "uv": [ 9.5, 2.5, 9.75, 2.75 ], "texture": "#texture" },
        "north": { "uv": [ 9.75, 2.5, 9.5, 3.5 ], "texture": "#texture" },
        "south": { "uv": [ 9.5, 2.5, 9.75, 3.5 ], "texture": "#texture" },
        "west":  { "uv": [ 9.5, 2.5, 9.75, 3.5 ], "texture": "#texture" },
        "east":  { "uv": [ 9.75, 2.5, 9.5, 3.5 ], "texture": "#texture" }
    }
},
{
    "from": [ 9.5, 10.5, 7.5 ],
    "to": [ 9.75, 11, 8.5 ],
    "faces": {
        "down":  { "uv": [ 9.5, 5.5, 9.75, 5.25 ], "texture": "#texture" },
        "up":    { "uv": [ 9.5, 5, 9.75, 5.25 ], "texture": "#texture" },
        "north": { "uv": [ 9.75, 5, 9.5, 5.5 ], "texture": "#texture" },
        "south": { "uv": [ 9.5, 5, 9.75, 5.5 ], "texture": "#texture" },
        "west":  { "uv": [ 9.5, 5, 9.75, 5.5 ], "texture": "#texture" },
        "east":  { "uv": [ 9.75, 5, 9.5, 5.5 ], "texture": "#texture" }
    }
},
{
    "from": [ 6.5, 11, 7.75 ],
    "to": [ 8, 13.5, 8.25 ],
    "faces": {
        "down":  { "uv": [ 6.5, 5, 8, 4.75 ], "texture": "#texture" },
        "up":    { "uv": [ 6.5, 2.5, 8, 2.75 ], "texture": "#texture" },
        "north": { "uv": [ 8, 2.5, 6.5, 5 ], "texture": "#texture" },
        "south": { "uv": [ 6.5, 2.5, 8, 5 ], "texture": "#texture" },
        "west":  { "uv": [ 6.5, 2.5, 6.75, 5 ], "texture": "#texture" },
        "east":  { "uv": [ 8, 2.5, 7.75, 5 ], "texture": "#texture" }
    }
},
{
    "from": [ 6.75, 13.5, 7.75 ],
    "to": [ 8, 14, 8.25 ],
    "faces": {
        "down":  { "uv": [ 6.75, 2.5, 8, 2.25 ], "texture": "#texture" },
        "up":    { "uv": [ 6.75, 2, 8, 2.25 ], "texture": "#texture" },
        "north": { "uv": [ 8, 2, 6.75, 2.5 ], "texture": "#texture" },
        "south": { "uv": [ 6.75, 2, 8, 2.5 ], "texture": "#texture" },
        "west":  { "uv": [ 6.75, 2, 7, 2.5 ], "texture": "#texture" },
        "east":  { "uv": [ 8, 2, 7.75, 2.5 ], "texture": "#texture" }
    }
},
{
    "from": [ 6.75, 10.25, 7.75 ],
    "to": [ 9.75, 11, 8.25 ],
    "faces": {
        "down":  { "uv": [ 6.75, 5.75, 9.75, 5.5 ], "texture": "#texture" },
        "up":    { "uv": [ 6.75, 5, 9.75, 5.25 ], "texture": "#texture" },
        "north": { "uv": [ 9.75, 5, 6.75, 5.75 ], "texture": "#texture" },
        "south": { "uv": [ 6.75, 5, 9.75, 5.75 ], "texture": "#texture" },
        "west":  { "uv": [ 6.75, 5, 7, 5.75 ], "texture": "#texture" },
        "east":  { "uv": [ 9.75, 5, 9.5, 5.75 ], "texture": "#texture" }
    }
},
{
    "from": [ 7, 14, 7.75 ],
    "to": [ 7.25, 14.5, 8.25 ],
    "faces": {
        "down":  { "uv": [ 7, 2, 7.25, 1.75 ], "texture": "#texture" },
        "up":    { "uv": [ 7, 1.5, 7.25, 1.75 ], "texture": "#texture" },
        "north": { "uv": [ 7.25, 1.5, 7, 2 ], "texture": "#texture" },
        "south": { "uv": [ 7, 1.5, 7.25, 2 ], "texture": "#texture" },
        "west":  { "uv": [ 7, 1.5, 7.25, 2 ], "texture": "#texture" },
        "east":  { "uv": [ 7.25, 1.5, 7, 2 ], "texture": "#texture" }
    }
},
{
    "from": [ 7, 9.75, 7.75 ],
    "to": [ 9.5, 10.25, 8.25 ],
    "faces": {
        "down":  { "uv": [ 7, 6.25, 9.5, 6 ], "texture": "#texture" },
        "up":    { "uv": [ 7, 5.75, 9.5, 6 ], "texture": "#texture" },
        "north": { "uv": [ 9.5, 5.75, 7, 6.25 ], "texture": "#texture" },
        "south": { "uv": [ 7, 5.75, 9.5, 6.25 ], "texture": "#texture" },
        "west":  { "uv": [ 7, 5.75, 7.25, 6.25 ], "texture": "#texture" },
        "east":  { "uv": [ 9.5, 5.75, 9.25, 6.25 ], "texture": "#texture" }
    }
},
{
    "from": [ 7, 1.75, 7.75 ],
    "to": [ 7.25, 2.25, 8.25 ],
    "faces": {
        "down":  { "uv": [ 7, 14.25, 7.25, 14 ], "texture": "#texture" },
        "up":    { "uv": [ 7, 13.75, 7.25, 14 ], "texture": "#texture" },
        "north": { "uv": [ 7.25, 13.75, 7, 14.25 ], "texture": "#texture" },
        "south": { "uv": [ 7, 13.75, 7.25, 14.25 ], "texture": "#texture" },
        "west":  { "uv": [ 7, 13.75, 7.25, 14.25 ], "texture": "#texture" },
        "east":  { "uv": [ 7.25, 13.75, 7, 14.25 ], "texture": "#texture" }
    }
},
{
    "from": [ 7.25, 9.5, 7.75 ],
    "to": [ 9.25, 9.75, 8.25 ],
    "faces": {
        "down":  { "uv": [ 7.25, 6.5, 9.25, 6.25 ], "texture": "#texture" },
        "up":    { "uv": [ 7.25, 6.25, 9.25, 6.5 ], "texture": "#texture" },
        "north": { "uv": [ 9.25, 6.25, 7.25, 6.5 ], "texture": "#texture" },
        "south": { "uv": [ 7.25, 6.25, 9.25, 6.5 ], "texture": "#texture" },
        "west":  { "uv": [ 7.25, 6.25, 7.5, 6.5 ], "texture": "#texture" },
        "east":  { "uv": [ 9.25, 6.25, 9, 6.5 ], "texture": "#texture" }
    }
},
{
    "from": [ 7.25, 9, 7.75 ],
    "to": [ 9.25, 9.25, 8.25 ],
    "faces": {
        "down":  { "uv": [ 7.25, 7, 9.25, 6.75 ], "texture": "#texture" },
        "up":    { "uv": [ 7.25, 6.75, 9.25, 7 ], "texture": "#texture" },
        "north": { "uv": [ 9.25, 6.75, 7.25, 7 ], "texture": "#texture" },
        "south": { "uv": [ 7.25, 6.75, 9.25, 7 ], "texture": "#texture" },
        "west":  { "uv": [ 7.25, 6.75, 7.5, 7 ], "texture": "#texture" },
        "east":  { "uv": [ 9.25, 6.75, 9, 7 ], "texture": "#texture" }
    }
},
{
    "from": [ 7.25, 1.5, 7.75 ],
    "to": [ 7.75, 2, 8.25 ],
    "faces": {
        "down":  { "uv": [ 7.25, 14.5, 7.75, 14.25 ], "texture": "#texture" },
        "up":    { "uv": [ 7.25, 14, 7.75, 14.25 ], "texture": "#texture" },
        "north": { "uv": [ 7.75, 14, 7.25, 14.5 ], "texture": "#texture" },
        "south": { "uv": [ 7.25, 14, 7.75, 14.5 ], "texture": "#texture" },
        "west":  { "uv": [ 7.25, 14, 7.5, 14.5 ], "texture": "#texture" },
        "east":  { "uv": [ 7.75, 14, 7.5, 14.5 ], "texture": "#texture" }
    }
},
{
    "from": [ 7.5, 14, 7.75 ],
    "to": [ 8, 15.25, 8.25 ],
    "faces": {
        "down":  { "uv": [ 7.5, 2, 8, 1.75 ], "texture": "#texture" },
        "up":    { "uv": [ 7.5, 0.75, 8, 1 ], "texture": "#texture" },
        "north": { "uv": [ 8, 0.75, 7.5, 2 ], "texture": "#texture" },
        "south": { "uv": [ 7.5, 0.75, 8, 2 ], "texture": "#texture" },
        "west":  { "uv": [ 7.5, 0.75, 7.75, 2 ], "texture": "#texture" },
        "east":  { "uv": [ 8, 0.75, 7.75, 2 ], "texture": "#texture" }
    }
},
{
    "from": [ 7.5, 9.25, 7.75 ],
    "to": [ 9, 9.5, 8.25 ],
    "faces": {
        "down":  { "uv": [ 7.5, 6.75, 9, 6.5 ], "texture": "#texture" },
        "up":    { "uv": [ 7.5, 6.5, 9, 6.75 ], "texture": "#texture" },
        "north": { "uv": [ 9, 6.5, 7.5, 6.75 ], "texture": "#texture" },
        "south": { "uv": [ 7.5, 6.5, 9, 6.75 ], "texture": "#texture" },
        "west":  { "uv": [ 7.5, 6.5, 7.75, 6.75 ], "texture": "#texture" },
        "east":  { "uv": [ 9, 6.5, 8.75, 6.75 ], "texture": "#texture" }
    }
},
{
    "from": [ 7.5, 8.5, 7.75 ],
    "to": [ 9, 9, 8.25 ],
    "faces": {
        "down":  { "uv": [ 7.5, 7.5, 9, 7.25 ], "texture": "#texture" },
        "up":    { "uv": [ 7.5, 7, 9, 7.25 ], "texture": "#texture" },
        "north": { "uv": [ 9, 7, 7.5, 7.5 ], "texture": "#texture" },
        "south": { "uv": [ 7.5, 7, 9, 7.5 ], "texture": "#texture" },
        "west":  { "uv": [ 7.5, 7, 7.75, 7.5 ], "texture": "#texture" },
        "east":  { "uv": [ 9, 7, 8.75, 7.5 ], "texture": "#texture" }
    }
},
{
    "from": [ 7.5, 7.5, 7.75 ],
    "to": [ 7.75, 8, 8.25 ],
    "faces": {
        "down":  { "uv": [ 7.5, 8.5, 7.75, 8.25 ], "texture": "#texture" },
        "up":    { "uv": [ 7.5, 8, 7.75, 8.25 ], "texture": "#texture" },
        "north": { "uv": [ 7.75, 8, 7.5, 8.5 ], "texture": "#texture" },
        "south": { "uv": [ 7.5, 8, 7.75, 8.5 ], "texture": "#texture" },
        "west":  { "uv": [ 7.5, 8, 7.75, 8.5 ], "texture": "#texture" },
        "east":  { "uv": [ 7.75, 8, 7.5, 8.5 ], "texture": "#texture" }
    }
},
{
    "from": [ 7.5, 2, 7.875 ],
    "to": [ 7.75, 3, 8.125 ],
    "faces": {
        "down":  { "uv": [ 7.5, 14, 7.75, 13.75 ], "texture": "#texture" },
        "up":    { "uv": [ 7.5, 13, 7.75, 13.25 ], "texture": "#texture" },
        "north": { "uv": [ 7.75, 13, 7.5, 14 ], "texture": "#texture" },
        "south": { "uv": [ 7.5, 13, 7.75, 14 ], "texture": "#texture" },
        "west":  { "uv": [ 7.5, 13, 7.75, 14 ], "texture": "#texture" },
        "east":  { "uv": [ 7.75, 13, 7.5, 14 ], "texture": "#texture" }
    }
},
{
    "from": [ 7.5, 0.75, 7.75 ],
    "to": [ 9, 1.5, 8.25 ],
    "faces": {
        "down":  { "uv": [ 7.5, 15.25, 9, 15 ], "texture": "#texture" },
        "up":    { "uv": [ 7.5, 14.5, 9, 14.75 ], "texture": "#texture" },
        "north": { "uv": [ 9, 14.5, 7.5, 15.25 ], "texture": "#texture" },
        "south": { "uv": [ 7.5, 14.5, 9, 15.25 ], "texture": "#texture" },
        "west":  { "uv": [ 7.5, 14.5, 7.75, 15.25 ], "texture": "#texture" },
        "east":  { "uv": [ 9, 14.5, 8.75, 15.25 ], "texture": "#texture" }
    }
},
{
    "from": [ 7.75, 15.25, 7.75 ],
    "to": [ 8, 15.75, 8.25 ],
    "faces": {
        "down":  { "uv": [ 7.75, 0.75, 8, 0.5 ], "texture": "#texture" },
        "up":    { "uv": [ 7.75, 0.25, 8, 0.5 ], "texture": "#texture" },
        "north": { "uv": [ 8, 0.25, 7.75, 0.75 ], "texture": "#texture" },
        "south": { "uv": [ 7.75, 0.25, 8, 0.75 ], "texture": "#texture" },
        "west":  { "uv": [ 7.75, 0.25, 8, 0.75 ], "texture": "#texture" },
        "east":  { "uv": [ 8, 0.25, 7.75, 0.75 ], "texture": "#texture" }
    }
},
{
    "from": [ 7.75, 8, 7.75 ],
    "to": [ 8.75, 8.5, 8.25 ],
    "faces": {
        "down":  { "uv": [ 7.75, 8, 8.75, 7.75 ], "texture": "#texture" },
        "up":    { "uv": [ 7.75, 7.5, 8.75, 7.75 ], "texture": "#texture" },
        "north": { "uv": [ 8.75, 7.5, 7.75, 8 ], "texture": "#texture" },
        "south": { "uv": [ 7.75, 7.5, 8.75, 8 ], "texture": "#texture" },
        "west":  { "uv": [ 7.75, 7.5, 8, 8 ], "texture": "#texture" },
        "east":  { "uv": [ 8.75, 7.5, 8.5, 8 ], "texture": "#texture" }
    }
},
{
    "from": [ 7.75, 7.25, 7.75 ],
    "to": [ 8.75, 7.75, 8.25 ],
    "faces": {
        "down":  { "uv": [ 7.75, 8.75, 8.75, 8.5 ], "texture": "#texture" },
        "up":    { "uv": [ 7.75, 8.25, 8.75, 8.5 ], "texture": "#texture" },
        "north": { "uv": [ 8.75, 8.25, 7.75, 8.75 ], "texture": "#texture" },
        "south": { "uv": [ 7.75, 8.25, 8.75, 8.75 ], "texture": "#texture" },
        "west":  { "uv": [ 7.75, 8.25, 8, 8.75 ], "texture": "#texture" },
        "east":  { "uv": [ 8.75, 8.25, 8.5, 8.75 ], "texture": "#texture" }
    }
},
{
    "from": [ 7.75, 1.5, 7.75 ],
    "to": [ 9.25, 1.75, 8.25 ],
    "faces": {
        "down":  { "uv": [ 7.75, 14.5, 9.25, 14.25 ], "texture": "#texture" },
        "up":    { "uv": [ 7.75, 14.25, 9.25, 14.5 ], "texture": "#texture" },
        "north": { "uv": [ 9.25, 14.25, 7.75, 14.5 ], "texture": "#texture" },
        "south": { "uv": [ 7.75, 14.25, 9.25, 14.5 ], "texture": "#texture" },
        "west":  { "uv": [ 7.75, 14.25, 8, 14.5 ], "texture": "#texture" },
        "east":  { "uv": [ 9.25, 14.25, 9, 14.5 ], "texture": "#texture" }
    }
},
{
    "from": [ 7.75, 0.5, 7.75 ],
    "to": [ 8.75, 0.75, 8.25 ],
    "faces": {
        "down":  { "uv": [ 7.75, 15.5, 8.75, 15.25 ], "texture": "#texture" },
        "up":    { "uv": [ 7.75, 15.25, 8.75, 15.5 ], "texture": "#texture" },
        "north": { "uv": [ 8.75, 15.25, 7.75, 15.5 ], "texture": "#texture" },
        "south": { "uv": [ 7.75, 15.25, 8.75, 15.5 ], "texture": "#texture" },
        "west":  { "uv": [ 7.75, 15.25, 8, 15.5 ], "texture": "#texture" },
        "east":  { "uv": [ 8.75, 15.25, 8.5, 15.5 ], "texture": "#texture" }
    }
},
{
    "from": [ 8, 11, 7.75 ],
    "to": [ 8.25, 13.25, 8.25 ],
    "faces": {
        "down":  { "uv": [ 8, 5, 8.25, 4.75 ], "texture": "#texture" },
        "up":    { "uv": [ 8, 2.75, 8.25, 3 ], "texture": "#texture" },
        "north": { "uv": [ 8.25, 2.75, 8, 5 ], "texture": "#texture" },
        "south": { "uv": [ 8, 2.75, 8.25, 5 ], "texture": "#texture" },
        "west":  { "uv": [ 8, 2.75, 8.25, 5 ], "texture": "#texture" },
        "east":  { "uv": [ 8.25, 2.75, 8, 5 ], "texture": "#texture" }
    }
},
{
    "from": [ 8, 7.75, 7.75 ],
    "to": [ 8.5, 8, 8.25 ],
    "faces": {
        "down":  { "uv": [ 8, 8.25, 8.5, 8 ], "texture": "#texture" },
        "up":    { "uv": [ 8, 8, 8.5, 8.25 ], "texture": "#texture" },
        "north": { "uv": [ 8.5, 8, 8, 8.25 ], "texture": "#texture" },
        "south": { "uv": [ 8, 8, 8.5, 8.25 ], "texture": "#texture" },
        "west":  { "uv": [ 8, 8, 8.25, 8.25 ], "texture": "#texture" },
        "east":  { "uv": [ 8.5, 8, 8.25, 8.25 ], "texture": "#texture" }
    }
},
{
    "from": [ 8, 1.75, 7.75 ],
    "to": [ 8.5, 7.25, 8.25 ],
    "faces": {
        "down":  { "uv": [ 8, 14.25, 8.5, 14 ], "texture": "#texture" },
        "up":    { "uv": [ 8, 8.75, 8.5, 9 ], "texture": "#texture" },
        "north": { "uv": [ 8, 8.75, 8.5, 14.25 ], "texture": "#texture" },
        "south": { "uv": [ 8, 8.75, 8.5, 14.25 ], "texture": "#texture" },
        "west":  { "uv": [ 8.5625, 8.75, 8, 14.25 ], "texture": "#texture" },
        "east":  { "uv": [ 8.5625, 8.75, 8, 14.25 ], "texture": "#texture" }
    }
},
{
    "from": [ 8.25, 11, 7.75 ],
    "to": [ 10, 12.5, 8.25 ],
    "faces": {
        "down":  { "uv": [ 8.25, 5, 10, 4.75 ], "texture": "#texture" },
        "up":    { "uv": [ 8.25, 3.5, 10, 3.75 ], "texture": "#texture" },
        "north": { "uv": [ 10, 3.5, 8.25, 5 ], "texture": "#texture" },
        "south": { "uv": [ 8.25, 3.5, 10, 5 ], "texture": "#texture" },
        "west":  { "uv": [ 8.25, 3.5, 8.5, 5 ], "texture": "#texture" },
        "east":  { "uv": [ 10, 3.5, 9.75, 5 ], "texture": "#texture" }
    }
},
{
    "from": [ 8.5, 12.5, 7.75 ],
    "to": [ 8.75, 15.75, 8.25 ],
    "faces": {
        "down":  { "uv": [ 8.5, 3.5, 8.75, 3.25 ], "texture": "#texture" },
        "up":    { "uv": [ 8.5, 0.25, 8.75, 0.5 ], "texture": "#texture" },
        "north": { "uv": [ 8.75, 0.25, 8.5, 3.5 ], "texture": "#texture" },
        "south": { "uv": [ 8.5, 0.25, 8.75, 3.5 ], "texture": "#texture" },
        "west":  { "uv": [ 8.5, 0.25, 8.75, 3.5 ], "texture": "#texture" },
        "east":  { "uv": [ 8.75, 0.25, 8.5, 3.5 ], "texture": "#texture" }
    }
},
{
    "from": [ 8.75, 12.5, 7.75 ],
    "to": [ 9, 15.25, 8.25 ],
    "faces": {
        "down":  { "uv": [ 8.75, 3.5, 9, 3.25 ], "texture": "#texture" },
        "up":    { "uv": [ 8.75, 0.75, 9, 1 ], "texture": "#texture" },
        "north": { "uv": [ 9, 0.75, 8.75, 3.5 ], "texture": "#texture" },
        "south": { "uv": [ 8.75, 0.75, 9, 3.5 ], "texture": "#texture" },
        "west":  { "uv": [ 8.75, 0.75, 9, 3.5 ], "texture": "#texture" },
        "east":  { "uv": [ 9, 0.75, 8.75, 3.5 ], "texture": "#texture" }
    }
},
{
    "from": [ 8.75, 7.5, 7.75 ],
    "to": [ 9, 8, 8.25 ],
    "faces": {
        "down":  { "uv": [ 8.75, 8.5, 9, 8.25 ], "texture": "#texture" },
        "up":    { "uv": [ 8.75, 8, 9, 8.25 ], "texture": "#texture" },
        "north": { "uv": [ 9, 8, 8.75, 8.5 ], "texture": "#texture" },
        "south": { "uv": [ 8.75, 8, 9, 8.5 ], "texture": "#texture" },
        "west":  { "uv": [ 8.75, 8, 9, 8.5 ], "texture": "#texture" },
        "east":  { "uv": [ 9, 8, 8.75, 8.5 ], "texture": "#texture" }
    }
},
{
    "from": [ 8.75, 1.75, 7.875 ],
    "to": [ 9, 3, 8.125 ],
    "faces": {
        "down":  { "uv": [ 8.75, 14.25, 9, 14 ], "texture": "#texture" },
        "up":    { "uv": [ 8.75, 13, 9, 13.25 ], "texture": "#texture" },
        "north": { "uv": [ 9, 13, 8.75, 14.25 ], "texture": "#texture" },
        "south": { "uv": [ 8.75, 13, 9, 14.25 ], "texture": "#texture" },
        "west":  { "uv": [ 8.75, 13, 9, 14.25 ], "texture": "#texture" },
        "east":  { "uv": [ 9, 13, 8.75, 14.25 ], "texture": "#texture" }
    }
},
{
    "from": [ 9, 12.5, 7.75 ],
    "to": [ 9.75, 14, 8.25 ],
    "faces": {
        "down":  { "uv": [ 9, 3.5, 9.75, 3.25 ], "texture": "#texture" },
        "up":    { "uv": [ 9, 2, 9.75, 2.25 ], "texture": "#texture" },
        "north": { "uv": [ 9.75, 2, 9, 3.5 ], "texture": "#texture" },
        "south": { "uv": [ 9, 2, 9.75, 3.5 ], "texture": "#texture" },
        "west":  { "uv": [ 9, 2, 9.25, 3.5 ], "texture": "#texture" },
        "east":  { "uv": [ 9.75, 2, 9.5, 3.5 ], "texture": "#texture" }
    }
},
{
    "from": [ 9, 1.75, 7.75 ],
    "to": [ 9.5, 2, 8.25 ],
    "faces": {
        "down":  { "uv": [ 9, 14.25, 9.5, 14 ], "texture": "#texture" },
        "up":    { "uv": [ 9, 14, 9.5, 14.25 ], "texture": "#texture" },
        "north": { "uv": [ 9.5, 14, 9, 14.25 ], "texture": "#texture" },
        "south": { "uv": [ 9, 14, 9.5, 14.25 ], "texture": "#texture" },
        "west":  { "uv": [ 9, 14, 9.25, 14.25 ], "texture": "#texture" },
        "east":  { "uv": [ 9.5, 14, 9.25, 14.25 ], "texture": "#texture" }
    }
},
{
    "from": [ 9.25, 14, 7.75 ],
    "to": [ 9.5, 14.5, 8.25 ],
    "faces": {
        "down":  { "uv": [ 9.25, 2, 9.5, 1.75 ], "texture": "#texture" },
        "up":    { "uv": [ 9.25, 1.5, 9.5, 1.75 ], "texture": "#texture" },
        "north": { "uv": [ 9.5, 1.5, 9.25, 2 ], "texture": "#texture" },
        "south": { "uv": [ 9.25, 1.5, 9.5, 2 ], "texture": "#texture" },
        "west":  { "uv": [ 9.25, 1.5, 9.5, 2 ], "texture": "#texture" },
        "east":  { "uv": [ 9.5, 1.5, 9.25, 2 ], "texture": "#texture" }
    }
},
{
    "from": [ 9.25, 2, 7.75 ],
    "to": [ 9.5, 2.25, 8.25 ],
    "faces": {
        "down":  { "uv": [ 9.25, 14, 9.5, 13.75 ], "texture": "#texture" },
        "up":    { "uv": [ 9.25, 13.75, 9.5, 14 ], "texture": "#texture" },
        "north": { "uv": [ 9.5, 13.75, 9.25, 14 ], "texture": "#texture" },
        "south": { "uv": [ 9.25, 13.75, 9.5, 14 ], "texture": "#texture" },
        "west":  { "uv": [ 9.25, 13.75, 9.5, 14 ], "texture": "#texture" },
        "east":  { "uv": [ 9.5, 13.75, 9.25, 14 ], "texture": "#texture" }
    }
},
{
    "from": [ 9.75, 12.5, 7.75 ],
    "to": [ 10, 13.5, 8.25 ],
    "faces": {
        "down":  { "uv": [ 9.75, 3.5, 10, 3.25 ], "texture": "#texture" },
        "up":    { "uv": [ 9.75, 2.5, 10, 2.75 ], "texture": "#texture" },
        "north": { "uv": [ 10, 2.5, 9.75, 3.5 ], "texture": "#texture" },
        "south": { "uv": [ 9.75, 2.5, 10, 3.5 ], "texture": "#texture" },
        "west":  { "uv": [ 9.75, 2.5, 10, 3.5 ], "texture": "#texture" },
        "east":  { "uv": [ 10, 2.5, 9.75, 3.5 ], "texture": "#texture" }
    }
},
{
    "from": [ 9.75, 10.5, 7.75 ],
    "to": [ 10, 11, 8.25 ],
    "faces": {
        "down":  { "uv": [ 9.75, 5.5, 10, 5.25 ], "texture": "#texture" },
        "up":    { "uv": [ 9.75, 5, 10, 5.25 ], "texture": "#texture" },
        "north": { "uv": [ 10, 5, 9.75, 5.5 ], "texture": "#texture" },
        "south": { "uv": [ 9.75, 5, 10, 5.5 ], "texture": "#texture" },
        "west":  { "uv": [ 9.75, 5, 10, 5.5 ], "texture": "#texture" },
        "east":  { "uv": [ 10, 5, 9.75, 5.5 ], "texture": "#texture" }
    }
}
],
"display": {
    "thirdperson_righthand": {
        "rotation": [ 0, 47, 0 ],
        "translation": [ 0, 6.05, 2.08 ],
        "scale": [ 2.25, 2.25, 2.25 ]
    },
    "thirdperson_lefthand": {
        "rotation": [ 0, -47, 0 ],
        "translation": [ 0, 6.05, 2.08 ],
        "scale": [ 2.25, 2.25, 2.25 ]
    },
    "ground": {
        "rotation": [ 0, 0, 45 ],
        "translation": [ 0, 2.46, 0 ],
        "scale": [ 0.5, 0.5, 0.5 ]
    },
    "fixed": {
        "rotation": [ 0, 0, 45 ],
        "translation": [ 0, 0, 0 ],
        "scale": [ 1, 1, 1 ]
    },
    "firstperson_righthand": {
        "rotation": [ 0, 111, -9 ],
        "translation": [ 3.21, 2.83, -1.7 ],
        "scale": [ 2, 2, 2 ]
    },
    "firstperson_lefthand": {
        "rotation": [ 0, 111, -9 ],
        "translation": [ 3.21, 2.83, -3.02 ],
        "scale": [ 2, 2, 2 ]
    },
    "gui": {
        "rotation": [ 0, 0, -45 ],
        "translation": [ 0, 0, 0 ],
        "scale": [ 1, 1, 1 ]
    }
}
}