{
	"ambientocclusion": false,
	"textures": {
		"wand": "wynn/weapons/wand/air3",
		"tornado": "wynn/weapons/wand/air_anim3",
		"orb": "wynn/weapons/wand/air2_wrap1"
	},
	"elements": [
		{
			"name": "cube",
			"from": [8.75, 17.75, 11],
			"to": [10, 20, 12.5],
			"faces": {
				"east": {"uv": [12, 4, 13, 6], "texture": "#wand"},
				"south": {"uv": [12, 4, 13, 6], "texture": "#wand"},
				"west": {"uv": [12, 4, 13, 6], "texture": "#wand"},
				"up": {"uv": [12, 4, 13, 5], "texture": "#wand"},
				"down": {"uv": [12, 5, 13, 6], "texture": "#wand"}
			}
		},
		{
			"name": "cube",
			"from": [10, 19, 11],
			"to": [12, 20, 13],
			"faces": {
				"south": {"uv": [13, 4, 15, 5], "texture": "#wand"},
				"west": {"uv": [13, 4, 14, 5], "texture": "#wand"},
				"up": {"uv": [13, 4, 15, 5], "texture": "#wand"},
				"down": {"uv": [13, 4, 15, 5], "texture": "#wand"}
			}
		},
		{
			"name": "cube",
			"from": [12, 16.75, 11],
			"to": [13.25, 20, 13],
			"faces": {
				"east": {"uv": [15, 4, 16, 7], "texture": "#wand"},
				"south": {"uv": [15, 4, 16, 7], "texture": "#wand"},
				"west": {"uv": [15, 4, 16, 7], "texture": "#wand"},
				"up": {"uv": [15, 4, 16, 5], "texture": "#wand"},
				"down": {"uv": [15, 5, 16, 7], "texture": "#wand"}
			}
		},
		{
			"name": "cube",
			"from": [11, 15, 8],
			"to": [12, 18, 12.5],
			"faces": {
				"north": {"uv": [14, 6, 15, 9], "texture": "#wand"},
				"east": {"uv": [9, 8, 13, 11], "texture": "#wand"},
				"south": {"uv": [14, 6, 15, 9], "texture": "#wand"},
				"west": {"uv": [14, 6, 15, 9], "texture": "#wand"},
				"up": {"uv": [14, 6, 15, 7], "texture": "#wand"},
				"down": {"uv": [9, 7, 10, 11], "texture": "#wand"}
			}
		},
		{
			"name": "cube",
			"from": [7, 12, 7],
			"to": [11, 17, 11],
			"faces": {
				"north": {
					"uv": [14, 7, 10, 12],
					"texture": "#wand"
				},
				"east": {"uv": [10, 7, 14, 12], "texture": "#wand"},
				"south": {
					"uv": [10, 7, 14, 12],
					"texture": "#wand"
				},
				"west": {"uv": [10, 7, 14, 12], "texture": "#wand"},
				"up": {"uv": [10, 7, 14, 11], "texture": "#wand"},
				"down": {"uv": [10, 8, 14, 12], "texture": "#wand"}
			}
		},
		{
			"name": "cube",
			"from": [6, 13, 6],
			"to": [8, 18, 10],
			"faces": {
				"north": {"uv": [11, 6, 9, 11], "texture": "#wand"},
				"east": {"uv": [14, 7, 10, 12], "texture": "#wand"},
				"south": {"uv": [9, 6, 11, 11], "texture": "#wand"},
				"west": {"uv": [10, 7, 14, 12], "texture": "#wand"},
				"up": {"uv": [9, 6, 11, 10], "texture": "#wand"},
				"down": {"uv": [9, 6, 11, 10], "texture": "#wand"}
			}
		},
		{
			"name": "cube",
			"from": [5, 16, 6],
			"to": [7, 23, 9],
			"faces": {
				"north": {"uv": [10, 1, 8, 8], "texture": "#wand"},
				"east": {"uv": [9, 1, 10, 8], "texture": "#wand"},
				"south": {"uv": [8, 1, 10, 8], "texture": "#wand"},
				"west": {"uv": [8, 1, 9, 8], "texture": "#wand"},
				"up": {"uv": [8, 2, 10, 5], "texture": "#wand"},
				"down": {"uv": [8, 5, 10, 8], "texture": "#wand"}
			}
		},
		{
			"name": "cube",
			"from": [6, 22, 7],
			"to": [8, 24, 10],
			"faces": {
				"north": {"uv": [11, 0, 9, 2], "texture": "#wand"},
				"east": {"uv": [9, 0, 11, 2], "texture": "#wand"},
				"south": {"uv": [9, 0, 11, 2], "texture": "#wand"},
				"west": {"uv": [9, 0, 11, 2], "texture": "#wand"},
				"down": {"uv": [9, 1, 11, 2], "texture": "#wand"}
			}
		},
		{
			"name": "cube",
			"from": [8, 17, 5],
			"to": [14, 23, 11],
			"faces": {
				"north": {"uv": [1, 1, 7, 7], "texture": "#orb"},
				"east": {"uv": [1, 1, 7, 7], "texture": "#orb"},
				"south": {"uv": [1, 1, 7, 7], "texture": "#orb"},
				"west": {"uv": [1, 1, 7, 7], "texture": "#orb"},
				"up": {"uv": [1, 1, 7, 7], "texture": "#orb"},
				"down": {"uv": [1, 1, 7, 7], "texture": "#orb"}
			}
		},
		{
			"name": "cube",
			"from": [10, 20, 11],
			"to": [12, 21, 12.5],
			"faces": {
				"east": {"uv": [14, 3, 15, 4], "texture": "#wand"},
				"south": {"uv": [13, 3, 15, 4], "texture": "#wand"},
				"west": {"uv": [13, 3, 14, 4], "texture": "#wand"},
				"up": {"uv": [13, 3, 15, 4], "texture": "#wand"}
			}
		},
		{
			"name": "cube",
			"from": [6, 24, 7],
			"to": [8, 27, 10],
			"faces": {
				"north": {"uv": [2, 13, 0, 16], "texture": "#wand"},
				"east": {"uv": [1, 13, 2, 16], "texture": "#wand"},
				"south": {"uv": [0, 13, 2, 16], "texture": "#wand"},
				"west": {"uv": [0, 13, 1, 16], "texture": "#wand"},
				"up": {"uv": [0, 13, 2, 16], "texture": "#wand"}
			}
		},
		{
			"name": "cube",
			"from": [7, 26, 7],
			"to": [9, 29, 9],
			"faces": {
				"north": {"uv": [3, 11, 1, 14], "texture": "#wand"},
				"east": {"uv": [2, 11, 3, 14], "texture": "#wand"},
				"south": {"uv": [1, 11, 3, 14], "texture": "#wand"},
				"west": {"uv": [1, 11, 3, 14], "texture": "#wand"},
				"up": {"uv": [1, 11, 3, 13], "texture": "#wand"},
				"down": {"uv": [0, 14, 2, 16], "texture": "#wand"}
			}
		},
		{
			"name": "cube",
			"from": [8, 29, 7],
			"to": [9, 31, 8.5],
			"faces": {
				"north": {"uv": [3, 9, 2, 11], "texture": "#wand"},
				"east": {"uv": [2, 9, 3, 11], "texture": "#wand"},
				"south": {"uv": [2, 9, 3, 11], "texture": "#wand"},
				"west": {"uv": [2, 9, 3, 11], "texture": "#wand"},
				"up": {"uv": [2, 9, 3, 10], "texture": "#wand"}
			}
		},
		{
			"name": "cube",
			"from": [9, 30, 7],
			"to": [10, 32, 8],
			"faces": {
				"north": {"uv": [4, 8, 3, 10], "texture": "#wand"},
				"east": {"uv": [3, 8, 4, 10], "texture": "#wand"},
				"south": {"uv": [3, 8, 4, 10], "texture": "#wand"},
				"west": {"uv": [3, 8, 4, 10], "texture": "#wand"},
				"up": {"uv": [3, 8, 4, 9], "texture": "#wand"},
				"down": {"uv": [3, 9, 4, 10], "texture": "#wand"}
			}
		},
		{
			"name": "cube",
			"from": [7, 18, 6],
			"to": [15, 22, 10],
			"faces": {
				"north": {"uv": [0, 2, 8, 6], "texture": "#orb"},
				"east": {"uv": [2, 2, 6, 6], "texture": "#orb"},
				"south": {"uv": [0, 2, 8, 6], "texture": "#orb"},
				"west": {"uv": [2, 2, 6, 6], "texture": "#orb"},
				"up": {"uv": [0, 2, 8, 6], "texture": "#orb"},
				"down": {"uv": [0, 2, 8, 6], "texture": "#orb"}
			}
		},
		{
			"name": "cube",
			"from": [9, 16, 6],
			"to": [13, 24, 10],
			"faces": {
				"north": {"uv": [2, 0, 6, 8], "texture": "#orb"},
				"east": {"uv": [2, 0, 6, 8], "texture": "#orb"},
				"south": {"uv": [2, 0, 6, 8], "texture": "#orb"},
				"west": {"uv": [2, 0, 6, 8], "texture": "#orb"},
				"up": {"uv": [2, 2, 6, 6], "texture": "#orb"},
				"down": {"uv": [2, 2, 6, 6], "texture": "#orb"}
			}
		},
		{
			"name": "cube",
			"from": [9, 18, 4],
			"to": [13, 22, 12],
			"faces": {
				"north": {"uv": [2, 2, 6, 6], "texture": "#orb"},
				"east": {"uv": [0, 2, 8, 6], "texture": "#orb"},
				"south": {"uv": [2, 2, 6, 6], "texture": "#orb"},
				"west": {"uv": [0, 2, 8, 6], "texture": "#orb"},
				"up": {"uv": [2, 0, 6, 8], "texture": "#orb"},
				"down": {"uv": [2, 0, 6, 8], "texture": "#orb"}
			}
		},
		{
			"name": "cube",
			"from": [7, 8, 7],
			"to": [10, 12, 10],
			"faces": {
				"north": {
					"uv": [10, 12, 13, 16],
					"texture": "#wand"
				},
				"east": {
					"uv": [10, 12, 13, 16],
					"texture": "#wand"
				},
				"south": {
					"uv": [10, 12, 13, 16],
					"texture": "#wand"
				},
				"west": {"uv": [10, 12, 13, 16], "texture": "#wand"}
			}
		},
		{
			"name": "cube",
			"from": [6, 9, 8],
			"to": [7, 11, 9],
			"faces": {
				"north": {
					"uv": [9, 13, 10, 15],
					"texture": "#wand"
				},
				"south": {
					"uv": [9, 13, 10, 15],
					"texture": "#wand"
				},
				"west": {"uv": [9, 13, 10, 15], "texture": "#wand"},
				"up": {"uv": [9, 13, 10, 14], "texture": "#wand"},
				"down": {"uv": [9, 14, 10, 15], "texture": "#wand"}
			}
		},
		{
			"name": "cube",
			"from": [5, 10, 8],
			"to": [6, 12, 9],
			"faces": {
				"north": {"uv": [8, 12, 9, 14], "texture": "#wand"},
				"east": {"uv": [8, 12, 9, 14], "texture": "#wand"},
				"south": {"uv": [8, 12, 9, 14], "texture": "#wand"},
				"west": {"uv": [8, 12, 9, 14], "texture": "#wand"},
				"up": {"uv": [8, 12, 9, 13], "texture": "#wand"},
				"down": {"uv": [8, 13, 9, 14], "texture": "#wand"}
			}
		},
		{
			"name": "cube",
			"from": [7, 0, 7],
			"to": [10, 8, 10],
			"faces": {
				"north": {"uv": [5, 8, 8, 16], "texture": "#wand"},
				"east": {"uv": [5, 8, 8, 16], "texture": "#wand"},
				"south": {"uv": [5, 8, 8, 16], "texture": "#wand"},
				"west": {"uv": [5, 8, 8, 16], "texture": "#wand"},
				"down": {"uv": [10, 13, 13, 16], "texture": "#wand"}
			}
		},
		{
			"name": "cube",
			"from": [8, -5, 7],
			"to": [10, 0, 9],
			"faces": {
				"north": {"uv": [3, 1, 1, 6], "texture": "#wand"},
				"east": {"uv": [1, 1, 3, 6], "texture": "#wand"},
				"south": {"uv": [1, 1, 3, 6], "texture": "#wand"},
				"west": {"uv": [1, 1, 3, 6], "texture": "#wand"},
				"down": {"uv": [0, 6, 2, 8], "texture": "#wand"}
			}
		},
		{
			"name": "cube",
			"from": [7, -7, 6.5],
			"to": [9, -3, 8.5],
			"faces": {
				"north": {"uv": [2, 4, 0, 8], "texture": "#wand"},
				"east": {"uv": [0, 4, 2, 8], "texture": "#wand"},
				"south": {"uv": [0, 4, 2, 8], "texture": "#wand"},
				"west": {"uv": [0, 4, 2, 8], "texture": "#wand"},
				"up": {"uv": [0, 4, 2, 6], "texture": "#wand"},
				"down": {"uv": [1, 4, 3, 6], "texture": "#wand"}
			}
		},
		{
			"name": "cube",
			"from": [7, -10, 6],
			"to": [9, -7, 8],
			"faces": {
				"north": {"uv": [5, 0, 3, 3], "texture": "#wand"},
				"east": {"uv": [3, 0, 5, 3], "texture": "#wand"},
				"south": {"uv": [3, 0, 5, 3], "texture": "#wand"},
				"west": {"uv": [3, 0, 5, 3], "texture": "#wand"},
				"up": {"uv": [1, 1, 3, 3], "texture": "#wand"},
				"down": {"uv": [1, 4, 3, 6], "texture": "#wand"}
			}
		},
		{
			"name": "cube",
			"from": [8, -11, 6],
			"to": [11, -9, 8],
			"faces": {
				"north": {"uv": [7, 2, 4, 4], "texture": "#wand"},
				"east": {"uv": [5, 2, 7, 4], "texture": "#wand"},
				"south": {"uv": [4, 2, 7, 4], "texture": "#wand"},
				"west": {"uv": [6, 3, 8, 5], "texture": "#wand"},
				"up": {"uv": [4, 2, 7, 4], "texture": "#wand"},
				"down": {"uv": [4, 2, 7, 4], "texture": "#wand"}
			}
		},
		{
			"name": "cube",
			"from": [10, -12, 6.5],
			"to": [12, -10, 8.5],
			"faces": {
				"north": {"uv": [8, 3, 6, 5], "texture": "#wand"},
				"east": {"uv": [6, 3, 8, 5], "texture": "#wand"},
				"south": {"uv": [6, 3, 8, 5], "texture": "#wand"},
				"west": {"uv": [6, 3, 8, 5], "texture": "#wand"},
				"up": {"uv": [6, 3, 8, 5], "texture": "#wand"}
			}
		},
		{
			"name": "cube",
			"from": [9, -14, 6.5],
			"to": [12, -12, 8.5],
			"faces": {
				"north": {"uv": [8, 5, 5, 7], "texture": "#wand"},
				"east": {"uv": [6, 5, 8, 7], "texture": "#wand"},
				"south": {"uv": [5, 5, 8, 7], "texture": "#wand"},
				"west": {"uv": [5, 5, 7, 7], "texture": "#wand"},
				"up": {"uv": [5, 5, 8, 7], "texture": "#wand"},
				"down": {"uv": [5, 5, 8, 7], "texture": "#wand"}
			}
		},
		{
			"name": "cube",
			"from": [9.5, -16, 6.5],
			"to": [11.5, -14, 8.5],
			"faces": {
				"north": {
					"uv": [14, 14, 16, 16],
					"texture": "#wand"
				},
				"east": {
					"uv": [14, 14, 16, 16],
					"texture": "#wand"
				},
				"south": {
					"uv": [14, 14, 16, 16],
					"texture": "#wand"
				},
				"west": {
					"uv": [14, 14, 16, 16],
					"texture": "#wand"
				},
				"down": {"uv": [14, 14, 16, 16], "texture": "#wand"}
			}
		},
		{
			"name": "cube",
			"from": [2, 21.98, -1],
			"to": [20, 22.02, 17],
			"shade": false,
			"rotation": {
				"angle": 22.5,
				"axis": "x",
				"origin": [8, 22, 8]
			},
			"faces": {
				"up": {"uv": [0, 0, 16, 16], "texture": "#tornado"},
				"down": {
					"uv": [0, 16, 16, 0],
					"texture": "#tornado"
				}
			}
		},
		{
			"name": "cube",
			"from": [2, 5.98, -1],
			"to": [20, 32, 17],
			"shade": false,
			"rotation": {
				"angle": -22.5,
				"axis": "x",
				"origin": [8, 22, 8]
			},
			"faces": {
				"north": {
					"uv": [0, 0, 16, 16],
					"texture": "#tornado"
				},
				"east": {
					"uv": [0, 0, 16, 16],
					"texture": "#tornado"
				},
				"south": {
					"uv": [0, 0, 16, 16],
					"texture": "#tornado"
				},
				"west": {
					"uv": [0, 0, 16, 16],
					"texture": "#tornado"
				},
				"up": {"uv": [0, 0, 16, 16], "texture": "#tornado"},
				"down": {
					"uv": [0, 0, 16, 16],
					"texture": "#tornado"
				}
			}
		},
		{
			"name": "cube",
			"from": [2, 17.98, -1],
			"to": [20, 18.02, 17],
			"shade": false,
			"rotation": {
				"angle": 22.5,
				"axis": "z",
				"origin": [11, 18, 8]
			},
			"faces": {
				"up": {"uv": [0, 0, 16, 16], "texture": "#tornado"},
				"down": {
					"uv": [0, 16, 16, 0],
					"texture": "#tornado"
				}
			}
		},
		{
			"name": "cube",
			"from": [2, 17.98, -1],
			"to": [20, 18.02, 17],
			"shade": false,
			"rotation": {
				"angle": -22.5,
				"axis": "z",
				"origin": [11, 18, 8]
			},
			"faces": {
				"up": {"uv": [0, 0, 16, 16], "texture": "#tornado"},
				"down": {
					"uv": [0, 16, 16, 0],
					"texture": "#tornado"
				}
			}
		}
	]
}