{
"__comment": "Designed by FirecatHD",
"textures": {
    "texture": "wynn/weapons/spear/water_spear_all",
    "water_atom": "wynn/weapons/spear/water_atom"
},
"elements": [ 
{
    "from": [ 0.5, 7.5, 8.5 ],
    "to": [ 3, 8.5, 9.5 ],
    "faces": {
        "down":  { "uv": [ 4.25, 7.25, 8.875, 8.625 ], "texture": "#texture" },
        "up":    { "uv": [ 4.25, 7.25, 8.875, 8.625 ], "texture": "#texture" },
        "north": { "uv": [ 3.625, 6.625, 6.125, 7.625 ], "texture": "#texture" },
        "south": { "uv": [ 3.625, 6.625, 6.125, 7.625 ], "texture": "#texture" },
        "west":  { "uv": [ 9.25, 6.625, 10.25, 7.625 ], "texture": "#texture" },
        "east":  { "uv": [ 9.25, 6.625, 10.25, 7.625 ], "texture": "#texture" }
    }
},
{
    "from": [ -0.5, 6.5, 8.5 ],
    "to": [ 0.5, 9.5, 9.5 ],
    "faces": {
        "down":  { "uv": [ 4.25, 7.25, 8.875, 8.625 ], "texture": "#texture" },
        "up":    { "uv": [ 4.25, 7.25, 8.875, 8.625 ], "texture": "#texture" },
        "north": { "uv": [ 3.625, 6.625, 6.125, 7.625 ], "texture": "#texture" },
        "south": { "uv": [ 3.625, 6.625, 6.125, 7.625 ], "texture": "#texture" },
        "west":  { "uv": [ 9.25, 6.625, 10.25, 7.625 ], "texture": "#texture" },
        "east":  { "uv": [ 9.25, 6.625, 10.25, 7.625 ], "texture": "#texture" }
    }
},
{
    "from": [ -2, 8.0625, 8.5 ],
    "to": [ -1, 10.5625, 9.5 ],
    "rotation": { "origin": [ -2, 10.5625, 8.5 ], "axis": "z", "angle": 45 },
    "faces": {
        "down":  { "uv": [ 4.25, 7.25, 8.875, 8.625 ], "texture": "#texture" },
        "up":    { "uv": [ 4.25, 7.25, 8.875, 8.625 ], "texture": "#texture" },
        "north": { "uv": [ 3.625, 6.625, 6.125, 7.625 ], "texture": "#texture" },
        "south": { "uv": [ 3.625, 6.625, 6.125, 7.625 ], "texture": "#texture" },
        "west":  { "uv": [ 9.25, 6.625, 10.25, 7.625 ], "texture": "#texture" },
        "east":  { "uv": [ 9.25, 6.625, 10.25, 7.625 ], "texture": "#texture" }
    }
},
{
    "from": [ -3.75, 10.25, 8.5 ],
    "to": [ -1.25, 11.25, 9.5 ],
    "faces": {
        "down":  { "uv": [ 4.25, 7.25, 8.875, 8.625 ], "texture": "#texture" },
        "up":    { "uv": [ 4.25, 7.25, 8.875, 8.625 ], "texture": "#texture" },
        "north": { "uv": [ 3.625, 6.625, 6.125, 7.625 ], "texture": "#texture" },
        "south": { "uv": [ 3.625, 6.625, 6.125, 7.625 ], "texture": "#texture" },
        "west":  { "uv": [ 9.25, 6.625, 10.25, 7.625 ], "texture": "#texture" },
        "east":  { "uv": [ 9.25, 6.625, 10.25, 7.625 ], "texture": "#texture" }
    }
},
{
    "from": [ -0.1875, 4.6875, 8.5 ],
    "to": [ 0.8125, 7.1875, 9.5 ],
    "rotation": { "origin": [ -0.1875, 7.1875, 8.5 ], "axis": "z", "angle": -45 },
    "faces": {
        "down":  { "uv": [ 4.25, 7.25, 8.875, 8.625 ], "texture": "#texture" },
        "up":    { "uv": [ 4.25, 7.25, 8.875, 8.625 ], "texture": "#texture" },
        "north": { "uv": [ 3.625, 6.625, 6.125, 7.625 ], "texture": "#texture" },
        "south": { "uv": [ 3.625, 6.625, 6.125, 7.625 ], "texture": "#texture" },
        "west":  { "uv": [ 9.25, 6.625, 10.25, 7.625 ], "texture": "#texture" },
        "east":  { "uv": [ 9.25, 6.625, 10.25, 7.625 ], "texture": "#texture" }
    }
},
{
    "from": [ -4.5, 10.375, 8.625 ],
    "to": [ -2, 11.125, 9.375 ],
    "faces": {
        "down":  { "uv": [ 4.25, 7.25, 8.875, 8.625 ], "texture": "#texture" },
        "up":    { "uv": [ 4.25, 7.25, 8.875, 8.625 ], "texture": "#texture" },
        "north": { "uv": [ 3.625, 6.625, 6.125, 7.625 ], "texture": "#texture" },
        "south": { "uv": [ 3.625, 6.625, 6.125, 7.625 ], "texture": "#texture" },
        "west":  { "uv": [ 9.25, 6.625, 10.25, 7.625 ], "texture": "#texture" },
        "east":  { "uv": [ 9.25, 6.625, 10.25, 7.625 ], "texture": "#texture" }
    }
},
{
    "from": [ -5.5, 10.5, 8.75 ],
    "to": [ -3, 11, 9.25 ],
    "faces": {
        "down":  { "uv": [ 4.25, 7.25, 8.875, 8.625 ], "texture": "#texture" },
        "up":    { "uv": [ 4.25, 7.25, 8.875, 8.625 ], "texture": "#texture" },
        "north": { "uv": [ 3.625, 6.625, 6.125, 7.625 ], "texture": "#texture" },
        "south": { "uv": [ 3.625, 6.625, 6.125, 7.625 ], "texture": "#texture" },
        "west":  { "uv": [ 9.25, 6.625, 10.25, 7.625 ], "texture": "#texture" },
        "east":  { "uv": [ 9.25, 6.625, 10.25, 7.625 ], "texture": "#texture" }
    }
},
{
    "from": [ -3.6875, 4.75, 8.5 ],
    "to": [ -1.1875, 5.75, 9.5 ],
    "faces": {
        "down":  { "uv": [ 4.25, 7.25, 8.875, 8.625 ], "texture": "#texture" },
        "up":    { "uv": [ 4.25, 7.25, 8.875, 8.625 ], "texture": "#texture" },
        "north": { "uv": [ 3.625, 6.625, 6.125, 7.625 ], "texture": "#texture" },
        "south": { "uv": [ 3.625, 6.625, 6.125, 7.625 ], "texture": "#texture" },
        "west":  { "uv": [ 9.25, 6.625, 10.25, 7.625 ], "texture": "#texture" },
        "east":  { "uv": [ 9.25, 6.625, 10.25, 7.625 ], "texture": "#texture" }
    }
},
{
    "from": [ -3, 7.625, 8.625 ],
    "to": [ -0.125, 8.375, 9.375 ],
    "faces": {
        "down":  { "uv": [ 4.25, 7.25, 8.875, 8.625 ], "texture": "#texture" },
        "up":    { "uv": [ 4.25, 7.25, 8.875, 8.625 ], "texture": "#texture" },
        "north": { "uv": [ 3.625, 6.625, 6.125, 7.625 ], "texture": "#texture" },
        "south": { "uv": [ 3.625, 6.625, 6.125, 7.625 ], "texture": "#texture" },
        "west":  { "uv": [ 9.25, 6.625, 10.25, 7.625 ], "texture": "#texture" },
        "east":  { "uv": [ 9.25, 6.625, 10.25, 7.625 ], "texture": "#texture" }
    }
},
{
    "from": [ -5.375, 7.5, 8.5 ],
    "to": [ -2.5, 8.5, 9.5 ],
    "faces": {
        "down":  { "uv": [ 4.25, 7.25, 8.875, 8.625 ], "texture": "#texture" },
        "up":    { "uv": [ 4.25, 7.25, 8.875, 8.625 ], "texture": "#texture" },
        "north": { "uv": [ 3.625, 6.625, 6.125, 7.625 ], "texture": "#texture" },
        "south": { "uv": [ 3.625, 6.625, 6.125, 7.625 ], "texture": "#texture" },
        "west":  { "uv": [ 9.25, 6.625, 10.25, 7.625 ], "texture": "#texture" },
        "east":  { "uv": [ 9.25, 6.625, 10.25, 7.625 ], "texture": "#texture" }
    }
},
{
    "from": [ -7.875, 7.625, 8.625 ],
    "to": [ -5, 8.375, 9.375 ],
    "faces": {
        "down":  { "uv": [ 4.25, 7.25, 8.875, 8.625 ], "texture": "#texture" },
        "up":    { "uv": [ 4.25, 7.25, 8.875, 8.625 ], "texture": "#texture" },
        "north": { "uv": [ 3.625, 6.625, 6.125, 7.625 ], "texture": "#texture" },
        "south": { "uv": [ 3.625, 6.625, 6.125, 7.625 ], "texture": "#texture" },
        "west":  { "uv": [ 9.25, 6.625, 10.25, 7.625 ], "texture": "#texture" },
        "east":  { "uv": [ 9.25, 6.625, 10.25, 7.625 ], "texture": "#texture" }
    }
},
{
    "from": [ -9.25, 7.75, 8.75 ],
    "to": [ -6.375, 8.25, 9.25 ],
    "faces": {
        "down":  { "uv": [ 4.25, 7.25, 8.875, 8.625 ], "texture": "#texture" },
        "up":    { "uv": [ 4.25, 7.25, 8.875, 8.625 ], "texture": "#texture" },
        "north": { "uv": [ 3.625, 6.625, 6.125, 7.625 ], "texture": "#texture" },
        "south": { "uv": [ 3.625, 6.625, 6.125, 7.625 ], "texture": "#texture" },
        "west":  { "uv": [ 9.25, 6.625, 10.25, 7.625 ], "texture": "#texture" },
        "east":  { "uv": [ 9.25, 6.625, 10.25, 7.625 ], "texture": "#texture" }
    }
},
{
    "from": [ -10.25, 7.875, 8.875 ],
    "to": [ -7.375, 8.125, 9.125 ],
    "faces": {
        "down":  { "uv": [ 4.25, 7.25, 8.875, 8.625 ], "texture": "#texture" },
        "up":    { "uv": [ 4.25, 7.25, 8.875, 8.625 ], "texture": "#texture" },
        "north": { "uv": [ 3.625, 6.625, 6.125, 7.625 ], "texture": "#texture" },
        "south": { "uv": [ 3.625, 6.625, 6.125, 7.625 ], "texture": "#texture" },
        "west":  { "uv": [ 9.25, 6.625, 10.25, 7.625 ], "texture": "#texture" },
        "east":  { "uv": [ 9.25, 6.625, 10.25, 7.625 ], "texture": "#texture" }
    }
},
{
    "from": [ -0.75, 6, 8.375 ],
    "to": [ 0.625, 10, 9.625 ],
    "faces": {
        "down":  { "uv": [ 4.25, 7.25, 8.875, 8.625 ], "texture": "#texture" },
        "up":    { "uv": [ 4.25, 7.25, 8.875, 8.625 ], "texture": "#texture" },
        "north": { "uv": [ 3.625, 6.625, 6.125, 7.625 ], "texture": "#texture" },
        "south": { "uv": [ 3.625, 6.625, 6.125, 7.625 ], "texture": "#texture" },
        "west":  { "uv": [ 9.25, 6.625, 10.25, 7.625 ], "texture": "#texture" },
        "east":  { "uv": [ 9.25, 6.625, 10.25, 7.625 ], "texture": "#texture" }
    }
},
{
    "from": [ 0.25, 7.75, 8.625 ],
    "to": [ 0.5, 9.25, 9.375 ],
    "rotation": { "origin": [ 0.25, 9.25, 8.625 ], "axis": "z", "angle": 45 },
    "faces": {
        "down":  { "uv": [ 12.25, 7.25, 15.375, 8.5 ], "texture": "#texture" },
        "up":    { "uv": [ 12.25, 7.25, 15.375, 8.5 ], "texture": "#texture" },
        "north": { "uv": [ 12.5, 7, 15, 8 ], "texture": "#texture" },
        "south": { "uv": [ 12.5, 7, 15, 8 ], "texture": "#texture" },
        "west":  { "uv": [ 12.625, 7.375, 13.625, 8.375 ], "texture": "#texture" },
        "east":  { "uv": [ 12.625, 7.375, 13.625, 8.375 ], "texture": "#texture" }
    }
},
{
    "from": [ 0.375, 7.625, 8.625 ],
    "to": [ 0.625, 9.75, 9.375 ],
    "rotation": { "origin": [ 0.375, 9.75, 8.625 ], "axis": "z", "angle": 45 },
    "faces": {
        "down":  { "uv": [ 12.25, 7.25, 15.375, 8.5 ], "texture": "#texture" },
        "up":    { "uv": [ 12.25, 7.25, 15.375, 8.5 ], "texture": "#texture" },
        "north": { "uv": [ 12.5, 7, 15, 8 ], "texture": "#texture" },
        "south": { "uv": [ 12.5, 7, 15, 8 ], "texture": "#texture" },
        "west":  { "uv": [ 12.625, 7.375, 13.625, 8.375 ], "texture": "#texture" },
        "east":  { "uv": [ 12.625, 7.375, 13.625, 8.375 ], "texture": "#texture" }
    }
},
{
    "from": [ 1.25, 6.25, 8.625 ],
    "to": [ 1.5, 7.75, 9.375 ],
    "rotation": { "origin": [ 1.25, 7.75, 8.625 ], "axis": "z", "angle": -45 },
    "faces": {
        "down":  { "uv": [ 12.25, 7.25, 15.375, 8.5 ], "texture": "#texture" },
        "up":    { "uv": [ 12.25, 7.25, 15.375, 8.5 ], "texture": "#texture" },
        "north": { "uv": [ 12.5, 7, 15, 8 ], "texture": "#texture" },
        "south": { "uv": [ 12.5, 7, 15, 8 ], "texture": "#texture" },
        "west":  { "uv": [ 12.625, 7.375, 13.625, 8.375 ], "texture": "#texture" },
        "east":  { "uv": [ 12.625, 7.375, 13.625, 8.375 ], "texture": "#texture" }
    }
},
{
    "from": [ 1.875, 5.625, 8.625 ],
    "to": [ 2.125, 7.75, 9.375 ],
    "rotation": { "origin": [ 1.875, 7.75, 8.625 ], "axis": "z", "angle": -45 },
    "faces": {
        "down":  { "uv": [ 12.25, 7.25, 15.375, 8.5 ], "texture": "#texture" },
        "up":    { "uv": [ 12.25, 7.25, 15.375, 8.5 ], "texture": "#texture" },
        "north": { "uv": [ 12.5, 7, 15, 8 ], "texture": "#texture" },
        "south": { "uv": [ 12.5, 7, 15, 8 ], "texture": "#texture" },
        "west":  { "uv": [ 12.625, 7.375, 13.625, 8.375 ], "texture": "#texture" },
        "east":  { "uv": [ 12.625, 7.375, 13.625, 8.375 ], "texture": "#texture" }
    }
},
{
    "from": [ -3.0625, 3.3125, 8.875 ],
    "to": [ -2.5625, 5.0625, 9.125 ],
    "rotation": { "origin": [ -3.0625, 5.0625, 8.875 ], "axis": "z", "angle": 45 },
    "faces": {
        "down":  { "uv": [ 8.5, 2.375, 9.25, 2.625 ], "texture": "#texture" },
        "up":    { "uv": [ 5.625, 1.375, 6.375, 1.625 ], "texture": "#texture" },
        "north": { "uv": [ 5.5, 2.5, 6.25, 4.25 ], "texture": "#texture" },
        "south": { "uv": [ 5.5, 2.5, 6.25, 4.25 ], "texture": "#texture" },
        "west":  { "uv": [ 12.75, 2.75, 13, 4.5 ], "texture": "#texture" },
        "east":  { "uv": [ 12.75, 2.75, 13, 4.5 ], "texture": "#texture" }
    }
},
{
    "from": [ -1.875, 3.375, 8.875 ],
    "to": [ -1.25, 5.125, 9.125 ],
    "rotation": { "origin": [ -1.875, 5.125, 8.875 ], "axis": "z", "angle": 45 },
    "faces": {
        "down":  { "uv": [ 8.5, 2.375, 9.25, 2.625 ], "texture": "#texture" },
        "up":    { "uv": [ 5.625, 1.375, 6.375, 1.625 ], "texture": "#texture" },
        "north": { "uv": [ 5.5, 2.5, 6.25, 4.25 ], "texture": "#texture" },
        "south": { "uv": [ 5.5, 2.5, 6.25, 4.25 ], "texture": "#texture" },
        "west":  { "uv": [ 12.75, 2.75, 13, 4.5 ], "texture": "#texture" },
        "east":  { "uv": [ 12.75, 2.75, 13, 4.5 ], "texture": "#texture" }
    }
},
{
    "from": [ -0.875, 3.875, 8.875 ],
    "to": [ -0.125, 5.625, 9.125 ],
    "rotation": { "origin": [ -0.875, 5.625, 8.875 ], "axis": "z", "angle": 45 },
    "faces": {
        "down":  { "uv": [ 8.5, 2.375, 9.25, 2.625 ], "texture": "#texture" },
        "up":    { "uv": [ 5.625, 1.375, 6.375, 1.625 ], "texture": "#texture" },
        "north": { "uv": [ 5.5, 2.5, 6.25, 4.25 ], "texture": "#texture" },
        "south": { "uv": [ 5.5, 2.5, 6.25, 4.25 ], "texture": "#texture" },
        "west":  { "uv": [ 12.75, 2.75, 13, 4.5 ], "texture": "#texture" },
        "east":  { "uv": [ 12.75, 2.75, 13, 4.5 ], "texture": "#texture" }
    }
},
{
    "from": [ -3.75, 3.75, 8.875 ],
    "to": [ -3.375, 4.875, 9.125 ],
    "rotation": { "origin": [ -3.75, 4.875, 8.875 ], "axis": "z", "angle": 45 },
    "faces": {
        "down":  { "uv": [ 8.5, 2.375, 9.25, 2.625 ], "texture": "#texture" },
        "up":    { "uv": [ 5.625, 1.375, 6.375, 1.625 ], "texture": "#texture" },
        "north": { "uv": [ 5.5, 2.5, 6.25, 4.25 ], "texture": "#texture" },
        "south": { "uv": [ 5.5, 2.5, 6.25, 4.25 ], "texture": "#texture" },
        "west":  { "uv": [ 12.75, 2.75, 13, 4.5 ], "texture": "#texture" },
        "east":  { "uv": [ 12.75, 2.75, 13, 4.5 ], "texture": "#texture" }
    }
},
{
    "from": [ 0.375, 9.875, 8.875 ],
    "to": [ 1.125, 11.625, 9.125 ],
    "rotation": { "origin": [ 0.375, 11.625, 8.875 ], "axis": "z", "angle": -45 },
    "faces": {
        "down":  { "uv": [ 8.5, 2.375, 9.25, 2.625 ], "texture": "#texture" },
        "up":    { "uv": [ 5.625, 1.375, 6.375, 1.625 ], "texture": "#texture" },
        "north": { "uv": [ 5.5, 2.5, 6.25, 4.25 ], "texture": "#texture" },
        "south": { "uv": [ 5.5, 2.5, 6.25, 4.25 ], "texture": "#texture" },
        "west":  { "uv": [ 12.75, 2.75, 13, 4.5 ], "texture": "#texture" },
        "east":  { "uv": [ 12.75, 2.75, 13, 4.5 ], "texture": "#texture" }
    }
},
{
    "from": [ -0.75, 10.25, 8.875 ],
    "to": [ -0.125, 12, 9.125 ],
    "rotation": { "origin": [ -0.75, 12, 8.875 ], "axis": "z", "angle": -45 },
    "faces": {
        "down":  { "uv": [ 8.5, 2.375, 9.25, 2.625 ], "texture": "#texture" },
        "up":    { "uv": [ 5.625, 1.375, 6.375, 1.625 ], "texture": "#texture" },
        "north": { "uv": [ 5.5, 2.5, 6.25, 4.25 ], "texture": "#texture" },
        "south": { "uv": [ 5.5, 2.5, 6.25, 4.25 ], "texture": "#texture" },
        "west":  { "uv": [ 12.75, 2.75, 13, 4.5 ], "texture": "#texture" },
        "east":  { "uv": [ 12.75, 2.75, 13, 4.5 ], "texture": "#texture" }
    }
},
{
    "from": [ -1.875, 10.375, 8.875 ],
    "to": [ -1.375, 12.125, 9.125 ],
    "rotation": { "origin": [ -1.875, 12.125, 8.875 ], "axis": "z", "angle": -45 },
    "faces": {
        "down":  { "uv": [ 8.5, 2.375, 9.25, 2.625 ], "texture": "#texture" },
        "up":    { "uv": [ 5.625, 1.375, 6.375, 1.625 ], "texture": "#texture" },
        "north": { "uv": [ 5.5, 2.5, 6.25, 4.25 ], "texture": "#texture" },
        "south": { "uv": [ 5.5, 2.5, 6.25, 4.25 ], "texture": "#texture" },
        "west":  { "uv": [ 12.75, 2.75, 13, 4.5 ], "texture": "#texture" },
        "east":  { "uv": [ 12.75, 2.75, 13, 4.5 ], "texture": "#texture" }
    }
},
{
    "from": [ -2.9375, 10.8125, 8.875 ],
    "to": [ -2.5625, 11.9375, 9.125 ],
    "rotation": { "origin": [ -2.9375, 11.9375, 8.875 ], "axis": "z", "angle": -45 },
    "faces": {
        "down":  { "uv": [ 8.5, 2.375, 9.25, 2.625 ], "texture": "#texture" },
        "up":    { "uv": [ 5.625, 1.375, 6.375, 1.625 ], "texture": "#texture" },
        "north": { "uv": [ 5.5, 2.5, 6.25, 4.25 ], "texture": "#texture" },
        "south": { "uv": [ 5.5, 2.5, 6.25, 4.25 ], "texture": "#texture" },
        "west":  { "uv": [ 12.75, 2.75, 13, 4.5 ], "texture": "#texture" },
        "east":  { "uv": [ 12.75, 2.75, 13, 4.5 ], "texture": "#texture" }
    }
},
{
    "from": [ 3, 7.625, 8.625 ],
    "to": [ 23.625, 8.375, 9.375 ],
    "faces": {
        "down":  { "uv": [ 4.5, 9.75, 15.75, 10.5 ], "texture": "#texture" },
        "up":    { "uv": [ 4.5, 9.75, 15.75, 10.5 ], "texture": "#texture" },
        "north": { "uv": [ 5.125, 9.625, 14.625, 10.375 ], "texture": "#texture" },
        "south": { "uv": [ 5.125, 9.625, 14.625, 10.375 ], "texture": "#texture" },
        "west":  { "uv": [ 6.625, 9.5, 7.375, 10.25 ], "texture": "#texture" },
        "east":  { "uv": [ 6.625, 9.5, 7.375, 10.25 ], "texture": "#texture" }
    }
},
{
    "from": [ 24.75, 7.5, 8.5 ],
    "to": [ 26, 8.5, 9.5 ],
    "faces": {
        "down":  { "uv": [ 1.75, 9.75, 3.5, 11.5 ], "texture": "#texture" },
        "up":    { "uv": [ 1.75, 9.75, 3.5, 11.5 ], "texture": "#texture" },
        "north": { "uv": [ 2, 9.125, 3.875, 10.875 ], "texture": "#texture" },
        "south": { "uv": [ 2, 9.125, 3.875, 10.875 ], "texture": "#texture" },
        "west":  { "uv": [ 2, 9.625, 3.75, 10.375 ], "texture": "#texture" },
        "east":  { "uv": [ 2, 9.625, 3.75, 10.375 ], "texture": "#texture" }
    }
},
{
    "from": [ 24, 7.375, 8.375 ],
    "to": [ 25.875, 8.625, 9.625 ],
    "faces": {
        "down":  { "uv": [ 1.75, 9.75, 3.5, 11.5 ], "texture": "#texture" },
        "up":    { "uv": [ 1.75, 9.75, 3.5, 11.5 ], "texture": "#texture" },
        "north": { "uv": [ 2, 9.125, 3.875, 10.875 ], "texture": "#texture" },
        "south": { "uv": [ 2, 9.125, 3.875, 10.875 ], "texture": "#texture" },
        "west":  { "uv": [ 2, 9.625, 3.75, 10.375 ], "texture": "#texture" },
        "east":  { "uv": [ 2, 9.625, 3.75, 10.375 ], "texture": "#texture" }
    }
},
{
    "from": [ 24.25, 7.5, 8.5 ],
    "to": [ 25, 8.5, 9.5 ],
    "faces": {
        "down":  { "uv": [ 1.5, 0, 4.375, 0.875 ], "texture": "#texture" },
        "up":    { "uv": [ 1.5, 0, 4.375, 0.875 ], "texture": "#texture" },
        "north": { "uv": [ 1.625, 0, 4.875, 0.875 ], "texture": "#texture" },
        "south": { "uv": [ 1.625, 0, 4.875, 0.875 ], "texture": "#texture" },
        "west":  { "uv": [ 0, 0, 5, 0.875 ], "texture": "#texture" },
        "east":  { "uv": [ 0, 0, 5, 0.875 ], "texture": "#texture" }
    }
},
{
    "from": [ 3.5, 7.5, 8.5 ],
    "to": [ 4.25, 8.5, 9.5 ],
    "faces": {
        "down":  { "uv": [ 5.625, 1.375, 6.375, 1.625 ], "texture": "#texture" },
        "up":    { "uv": [ 5.625, 1.375, 6.375, 1.625 ], "texture": "#texture" },
        "north": { "uv": [ 5.5, 2.5, 6.25, 4.25 ], "texture": "#texture" },
        "south": { "uv": [ 5.5, 2.5, 6.25, 4.25 ], "texture": "#texture" },
        "west":  { "uv": [ 12.75, 2.75, 13, 4.5 ], "texture": "#texture" },
        "east":  { "uv": [ 12.75, 2.75, 13, 4.5 ], "texture": "#texture" }
    }
},
{
    "from": [ 4.75, 7.5, 8.5 ],
    "to": [ 5.5, 8.5, 9.5 ],
    "faces": {
        "down":  { "uv": [ 5.625, 1.375, 6.375, 1.625 ], "texture": "#texture" },
        "up":    { "uv": [ 5.625, 1.375, 6.375, 1.625 ], "texture": "#texture" },
        "north": { "uv": [ 5.5, 2.5, 6.25, 4.25 ], "texture": "#texture" },
        "south": { "uv": [ 5.5, 2.5, 6.25, 4.25 ], "texture": "#texture" },
        "west":  { "uv": [ 12.75, 2.75, 13, 4.5 ], "texture": "#texture" },
        "east":  { "uv": [ 12.75, 2.75, 13, 4.5 ], "texture": "#texture" }
    }
},
{
    "from": [ 6, 7.5, 8.5 ],
    "to": [ 6.75, 8.5, 9.5 ],
    "faces": {
        "down":  { "uv": [ 5.625, 1.375, 6.375, 1.625 ], "texture": "#texture" },
        "up":    { "uv": [ 5.625, 1.375, 6.375, 1.625 ], "texture": "#texture" },
        "north": { "uv": [ 5.5, 2.5, 6.25, 4.25 ], "texture": "#texture" },
        "south": { "uv": [ 5.5, 2.5, 6.25, 4.25 ], "texture": "#texture" },
        "west":  { "uv": [ 12.75, 2.75, 13, 4.5 ], "texture": "#texture" },
        "east":  { "uv": [ 12.75, 2.75, 13, 4.5 ], "texture": "#texture" }
    }
},
{
    "from": [ 9.875, 7.375, 8.375 ],
    "to": [ 10.625, 8.625, 9.625 ],
    "faces": {
        "down":  { "uv": [ 0.25, 9.625, 3.75, 11.125 ], "texture": "#texture" },
        "up":    { "uv": [ 0.25, 9.625, 3.75, 11.125 ], "texture": "#texture" },
        "north": { "uv": [ 0.75, 9.375, 3.25, 10.375 ], "texture": "#texture" },
        "south": { "uv": [ 0.75, 9.375, 3.25, 10.375 ], "texture": "#texture" },
        "west":  { "uv": [ 2.5, 9.375, 3.5, 10.375 ], "texture": "#texture" },
        "east":  { "uv": [ 2.5, 9.375, 3.5, 10.375 ], "texture": "#texture" }
    }
},
{
    "from": [ 10.625, 7.5, 8.5 ],
    "to": [ 15.5, 8.5, 9.5 ],
    "faces": {
        "down":  { "uv": [ 4.25, 7.25, 8.875, 8.625 ], "texture": "#texture" },
        "up":    { "uv": [ 4.25, 7.25, 8.875, 8.625 ], "texture": "#texture" },
        "north": { "uv": [ 3.625, 6.625, 6.125, 7.625 ], "texture": "#texture" },
        "south": { "uv": [ 3.625, 6.625, 6.125, 7.625 ], "texture": "#texture" },
        "west":  { "uv": [ 9.25, 6.625, 10.25, 7.625 ], "texture": "#texture" },
        "east":  { "uv": [ 9.25, 6.625, 10.25, 7.625 ], "texture": "#texture" }
    }
},
{
    "from": [ 15.5, 7.375, 8.375 ],
    "to": [ 16.25, 8.625, 9.625 ],
    "faces": {
        "down":  { "uv": [ 0.25, 9.625, 3.75, 11.125 ], "texture": "#texture" },
        "up":    { "uv": [ 0.25, 9.625, 3.75, 11.125 ], "texture": "#texture" },
        "north": { "uv": [ 0.75, 9.375, 3.25, 10.375 ], "texture": "#texture" },
        "south": { "uv": [ 0.75, 9.375, 3.25, 10.375 ], "texture": "#texture" },
        "west":  { "uv": [ 2.5, 9.375, 3.5, 10.375 ], "texture": "#texture" },
        "east":  { "uv": [ 2.5, 9.375, 3.5, 10.375 ], "texture": "#texture" }
    }
},
{
    "from": [ 25.5, 6.75, 8 ],
    "to": [ 26, 7, 10 ],
    "faces": {
        "down":  { "uv": [ 4.25, 7.25, 8.875, 8.625 ], "texture": "#texture" },
        "up":    { "uv": [ 4.25, 7.25, 8.875, 8.625 ], "texture": "#texture" },
        "north": { "uv": [ 3.625, 6.625, 6.125, 7.625 ], "texture": "#texture" },
        "south": { "uv": [ 3.625, 6.625, 6.125, 7.625 ], "texture": "#texture" },
        "west":  { "uv": [ 9.25, 6.625, 10.25, 7.625 ], "texture": "#texture" },
        "east":  { "uv": [ 9.25, 6.625, 10.25, 7.625 ], "texture": "#texture" }
    }
},
{
    "from": [ 24, 6.75, 8 ],
    "to": [ 24.5, 7, 10 ],
    "faces": {
        "down":  { "uv": [ 4.25, 7.25, 8.875, 8.625 ], "texture": "#texture" },
        "up":    { "uv": [ 4.25, 7.25, 8.875, 8.625 ], "texture": "#texture" },
        "north": { "uv": [ 3.625, 6.625, 6.125, 7.625 ], "texture": "#texture" },
        "south": { "uv": [ 3.625, 6.625, 6.125, 7.625 ], "texture": "#texture" },
        "west":  { "uv": [ 9.25, 6.625, 10.25, 7.625 ], "texture": "#texture" },
        "east":  { "uv": [ 9.25, 6.625, 10.25, 7.625 ], "texture": "#texture" }
    }
},
{
    "from": [ 24, 7, 10 ],
    "to": [ 24.5, 9, 10.25 ],
    "faces": {
        "down":  { "uv": [ 4.25, 7.25, 8.875, 8.625 ], "texture": "#texture" },
        "up":    { "uv": [ 4.25, 7.25, 8.875, 8.625 ], "texture": "#texture" },
        "north": { "uv": [ 3.625, 6.625, 6.125, 7.625 ], "texture": "#texture" },
        "south": { "uv": [ 3.625, 6.625, 6.125, 7.625 ], "texture": "#texture" },
        "west":  { "uv": [ 9.25, 6.625, 10.25, 7.625 ], "texture": "#texture" },
        "east":  { "uv": [ 9.25, 6.625, 10.25, 7.625 ], "texture": "#texture" }
    }
},
{
    "from": [ 24, 7, 7.75 ],
    "to": [ 24.5, 9, 8 ],
    "faces": {
        "down":  { "uv": [ 4.25, 7.25, 8.875, 8.625 ], "texture": "#texture" },
        "up":    { "uv": [ 4.25, 7.25, 8.875, 8.625 ], "texture": "#texture" },
        "north": { "uv": [ 3.625, 6.625, 6.125, 7.625 ], "texture": "#texture" },
        "south": { "uv": [ 3.625, 6.625, 6.125, 7.625 ], "texture": "#texture" },
        "west":  { "uv": [ 9.25, 6.625, 10.25, 7.625 ], "texture": "#texture" },
        "east":  { "uv": [ 9.25, 6.625, 10.25, 7.625 ], "texture": "#texture" }
    }
},
{
    "from": [ 24.75, 6.625, 10.375 ],
    "to": [ 25.25, 9.375, 10.625 ],
    "faces": {
        "down":  { "uv": [ 4.25, 7.25, 8.875, 8.625 ], "texture": "#texture" },
        "up":    { "uv": [ 4.25, 7.25, 8.875, 8.625 ], "texture": "#texture" },
        "north": { "uv": [ 3.625, 6.625, 6.125, 7.625 ], "texture": "#texture" },
        "south": { "uv": [ 3.625, 6.625, 6.125, 7.625 ], "texture": "#texture" },
        "west":  { "uv": [ 9.25, 6.625, 10.25, 7.625 ], "texture": "#texture" },
        "east":  { "uv": [ 9.25, 6.625, 10.25, 7.625 ], "texture": "#texture" }
    }
},
{
    "from": [ 25.5, 7, 10 ],
    "to": [ 26, 9, 10.25 ],
    "faces": {
        "down":  { "uv": [ 4.25, 7.25, 8.875, 8.625 ], "texture": "#texture" },
        "up":    { "uv": [ 4.25, 7.25, 8.875, 8.625 ], "texture": "#texture" },
        "north": { "uv": [ 3.625, 6.625, 6.125, 7.625 ], "texture": "#texture" },
        "south": { "uv": [ 3.625, 6.625, 6.125, 7.625 ], "texture": "#texture" },
        "west":  { "uv": [ 9.25, 6.625, 10.25, 7.625 ], "texture": "#texture" },
        "east":  { "uv": [ 9.25, 6.625, 10.25, 7.625 ], "texture": "#texture" }
    }
},
{
    "from": [ 24.75, 6.625, 7.375 ],
    "to": [ 25.25, 9.375, 7.625 ],
    "faces": {
        "down":  { "uv": [ 4.25, 7.25, 8.875, 8.625 ], "texture": "#texture" },
        "up":    { "uv": [ 4.25, 7.25, 8.875, 8.625 ], "texture": "#texture" },
        "north": { "uv": [ 3.625, 6.625, 6.125, 7.625 ], "texture": "#texture" },
        "south": { "uv": [ 3.625, 6.625, 6.125, 7.625 ], "texture": "#texture" },
        "west":  { "uv": [ 9.25, 6.625, 10.25, 7.625 ], "texture": "#texture" },
        "east":  { "uv": [ 9.25, 6.625, 10.25, 7.625 ], "texture": "#texture" }
    }
},
{
    "from": [ 25.5, 7, 7.75 ],
    "to": [ 26, 9, 8 ],
    "faces": {
        "down":  { "uv": [ 4.25, 7.25, 8.875, 8.625 ], "texture": "#texture" },
        "up":    { "uv": [ 4.25, 7.25, 8.875, 8.625 ], "texture": "#texture" },
        "north": { "uv": [ 3.625, 6.625, 6.125, 7.625 ], "texture": "#texture" },
        "south": { "uv": [ 3.625, 6.625, 6.125, 7.625 ], "texture": "#texture" },
        "west":  { "uv": [ 9.25, 6.625, 10.25, 7.625 ], "texture": "#texture" },
        "east":  { "uv": [ 9.25, 6.625, 10.25, 7.625 ], "texture": "#texture" }
    }
},
{
    "from": [ 24, 9, 8 ],
    "to": [ 24.5, 9.25, 10 ],
    "faces": {
        "down":  { "uv": [ 4.25, 7.25, 8.875, 8.625 ], "texture": "#texture" },
        "up":    { "uv": [ 4.25, 7.25, 8.875, 8.625 ], "texture": "#texture" },
        "north": { "uv": [ 3.625, 6.625, 6.125, 7.625 ], "texture": "#texture" },
        "south": { "uv": [ 3.625, 6.625, 6.125, 7.625 ], "texture": "#texture" },
        "west":  { "uv": [ 9.25, 6.625, 10.25, 7.625 ], "texture": "#texture" },
        "east":  { "uv": [ 9.25, 6.625, 10.25, 7.625 ], "texture": "#texture" }
    }
},
{
    "from": [ 24.75, 9.375, 7.625 ],
    "to": [ 25.25, 9.625, 10.375 ],
    "faces": {
        "down":  { "uv": [ 4.25, 7.25, 8.875, 8.625 ], "texture": "#texture" },
        "up":    { "uv": [ 4.25, 7.25, 8.875, 8.625 ], "texture": "#texture" },
        "north": { "uv": [ 3.625, 6.625, 6.125, 7.625 ], "texture": "#texture" },
        "south": { "uv": [ 3.625, 6.625, 6.125, 7.625 ], "texture": "#texture" },
        "west":  { "uv": [ 9.25, 6.625, 10.25, 7.625 ], "texture": "#texture" },
        "east":  { "uv": [ 9.25, 6.625, 10.25, 7.625 ], "texture": "#texture" }
    }
},
{
    "from": [ 24.75, 6.375, 7.625 ],
    "to": [ 25.25, 6.625, 10.375 ],
    "faces": {
        "down":  { "uv": [ 4.25, 7.25, 8.875, 8.625 ], "texture": "#texture" },
        "up":    { "uv": [ 4.25, 7.25, 8.875, 8.625 ], "texture": "#texture" },
        "north": { "uv": [ 3.625, 6.625, 6.125, 7.625 ], "texture": "#texture" },
        "south": { "uv": [ 3.625, 6.625, 6.125, 7.625 ], "texture": "#texture" },
        "west":  { "uv": [ 9.25, 6.625, 10.25, 7.625 ], "texture": "#texture" },
        "east":  { "uv": [ 9.25, 6.625, 10.25, 7.625 ], "texture": "#texture" }
    }
},
{
    "from": [ 25.5, 9, 8 ],
    "to": [ 26, 9.25, 10 ],
    "faces": {
        "down":  { "uv": [ 4.25, 7.25, 8.875, 8.625 ], "texture": "#texture" },
        "up":    { "uv": [ 4.25, 7.25, 8.875, 8.625 ], "texture": "#texture" },
        "north": { "uv": [ 3.625, 6.625, 6.125, 7.625 ], "texture": "#texture" },
        "south": { "uv": [ 3.625, 6.625, 6.125, 7.625 ], "texture": "#texture" },
        "west":  { "uv": [ 9.25, 6.625, 10.25, 7.625 ], "texture": "#texture" },
        "east":  { "uv": [ 9.25, 6.625, 10.25, 7.625 ], "texture": "#texture" }
    }
},
{
    "from": [ 23.25, 7.5, 8.5 ],
    "to": [ 24.25, 8.5, 9.5 ],
    "faces": {
        "down":  { "uv": [ 1.75, 9.75, 3.5, 11.5 ], "texture": "#texture" },
        "up":    { "uv": [ 1.75, 9.75, 3.5, 11.5 ], "texture": "#texture" },
        "north": { "uv": [ 2, 9.125, 3.875, 10.875 ], "texture": "#texture" },
        "south": { "uv": [ 2, 9.125, 3.875, 10.875 ], "texture": "#texture" },
        "west":  { "uv": [ 2, 9.625, 3.75, 10.375 ], "texture": "#texture" },
        "east":  { "uv": [ 2, 9.625, 3.75, 10.375 ], "texture": "#texture" }
    }
},
{
    "from": [ 24.375, 7.25, 8.25 ],
    "to": [ 25.625, 8.75, 9.75 ],
    "faces": {
        "down":  { "uv": [ 1.75, 9.75, 3.5, 11.5 ], "texture": "#texture" },
        "up":    { "uv": [ 1.75, 9.75, 3.5, 11.5 ], "texture": "#texture" },
        "north": { "uv": [ 2, 9.125, 3.875, 10.875 ], "texture": "#texture" },
        "south": { "uv": [ 2, 9.125, 3.875, 10.875 ], "texture": "#texture" },
        "west":  { "uv": [ 2, 9.625, 3.75, 10.375 ], "texture": "#texture" },
        "east":  { "uv": [ 2, 9.625, 3.75, 10.375 ], "texture": "#texture" }
    }
},
{
    "from": [ -6.375, 10.625, 8.875 ],
    "to": [ -4.25, 10.875, 9.125 ],
    "faces": {
        "down":  { "uv": [ 4.25, 7.25, 8.875, 8.625 ], "texture": "#texture" },
        "up":    { "uv": [ 4.25, 7.25, 8.875, 8.625 ], "texture": "#texture" },
        "north": { "uv": [ 3.625, 6.625, 6.125, 7.625 ], "texture": "#texture" },
        "south": { "uv": [ 3.625, 6.625, 6.125, 7.625 ], "texture": "#texture" },
        "west":  { "uv": [ 9.25, 6.625, 10.25, 7.625 ], "texture": "#texture" },
        "east":  { "uv": [ 9.25, 6.625, 10.25, 7.625 ], "texture": "#texture" }
    }
},
{
    "from": [ -4.5, 4.875, 8.625 ],
    "to": [ -2, 5.625, 9.375 ],
    "faces": {
        "down":  { "uv": [ 4.25, 7.25, 8.875, 8.625 ], "texture": "#texture" },
        "up":    { "uv": [ 4.25, 7.25, 8.875, 8.625 ], "texture": "#texture" },
        "north": { "uv": [ 3.625, 6.625, 6.125, 7.625 ], "texture": "#texture" },
        "south": { "uv": [ 3.625, 6.625, 6.125, 7.625 ], "texture": "#texture" },
        "west":  { "uv": [ 9.25, 6.625, 10.25, 7.625 ], "texture": "#texture" },
        "east":  { "uv": [ 9.25, 6.625, 10.25, 7.625 ], "texture": "#texture" }
    }
},
{
    "from": [ -5.5, 5, 8.75 ],
    "to": [ -3, 5.5, 9.25 ],
    "faces": {
        "down":  { "uv": [ 4.25, 7.25, 8.875, 8.625 ], "texture": "#texture" },
        "up":    { "uv": [ 4.25, 7.25, 8.875, 8.625 ], "texture": "#texture" },
        "north": { "uv": [ 3.625, 6.625, 6.125, 7.625 ], "texture": "#texture" },
        "south": { "uv": [ 3.625, 6.625, 6.125, 7.625 ], "texture": "#texture" },
        "west":  { "uv": [ 9.25, 6.625, 10.25, 7.625 ], "texture": "#texture" },
        "east":  { "uv": [ 9.25, 6.625, 10.25, 7.625 ], "texture": "#texture" }
    }
},
{
    "from": [ -6.375, 5.125, 8.875 ],
    "to": [ -4.25, 5.375, 9.125 ],
    "faces": {
        "down":  { "uv": [ 4.25, 7.25, 8.875, 8.625 ], "texture": "#texture" },
        "up":    { "uv": [ 4.25, 7.25, 8.875, 8.625 ], "texture": "#texture" },
        "north": { "uv": [ 3.625, 6.625, 6.125, 7.625 ], "texture": "#texture" },
        "south": { "uv": [ 3.625, 6.625, 6.125, 7.625 ], "texture": "#texture" },
        "west":  { "uv": [ 9.25, 6.625, 10.25, 7.625 ], "texture": "#texture" },
        "east":  { "uv": [ 9.25, 6.625, 10.25, 7.625 ], "texture": "#texture" }
    }
},
{
    "from": [ 15.6875, 4.125, 5.25 ],
    "to": [ 15.8125, 11.25, 12.75 ],
    "rotation": { "origin": [ 15.6875, 11.25, 5.25 ], "axis": "z", "angle": 22.5 },
    "faces": {
        "down":  { "uv": [ 0, 0, 0, 0 ], "texture": "#water_atom" },
        "up":    { "uv": [ 0, 0, 0, 0 ], "texture": "#water_atom" },
        "north": { "uv": [ 0, 0, 0, 0 ], "texture": "#water_atom" },
        "south": { "uv": [ 0, 0, 0, 0 ], "texture": "#water_atom" },
        "west":  { "uv": [ 0, 0, 16, 16 ], "texture": "#water_atom" },
        "east":  { "uv": [ 16, 0, 0, 16 ], "texture": "#water_atom" }
    }
},
{
    "from": [ 16.9375, 5.1875, 6.375 ],
    "to": [ 17.0625, 10.3125, 11.75 ],
    "rotation": { "origin": [ 16.9375, 10.3125, 6.375 ], "axis": "z", "angle": 22.5 },
    "faces": {
        "down":  { "uv": [ 0, 0, 0, 0 ], "texture": "#water_atom" },
        "up":    { "uv": [ 0, 0, 0, 0 ], "texture": "#water_atom" },
        "north": { "uv": [ 0, 0, 0, 0 ], "texture": "#water_atom" },
        "south": { "uv": [ 0, 0, 0, 0 ], "texture": "#water_atom" },
        "west":  { "uv": [ 0, 0, 16, 16 ], "rotation": 180, "texture": "#water_atom" },
        "east":  { "uv": [ 16, 0, 0.125, 16 ], "rotation": 180, "texture": "#water_atom" }
    }
},
{
    "from": [ 10.3125, 4.125, 5.25 ],
    "to": [ 10.4375, 11.25, 12.75 ],
    "rotation": { "origin": [ 10.3125, 11.25, 5.25 ], "axis": "z", "angle": -22.5 },
    "faces": {
        "down":  { "uv": [ 0, 0, 0, 0 ], "texture": "#water_atom" },
        "up":    { "uv": [ 0, 0, 0, 0 ], "texture": "#water_atom" },
        "north": { "uv": [ 0, 0, 0, 0 ], "texture": "#water_atom" },
        "south": { "uv": [ 0, 0, 0, 0 ], "texture": "#water_atom" },
        "west":  { "uv": [ 0, 0, 16, 16 ], "texture": "#water_atom" },
        "east":  { "uv": [ 16, 0, 0, 16 ], "texture": "#water_atom" }
    }
},
{
    "from": [ 8.9375, 5.1875, 6.375 ],
    "to": [ 9.0625, 10.3125, 11.75 ],
    "rotation": { "origin": [ 8.9375, 10.3125, 6.375 ], "axis": "z", "angle": -22.5 },
    "faces": {
        "down":  { "uv": [ 0, 0, 0, 0 ], "texture": "#water_atom" },
        "up":    { "uv": [ 0, 0, 0, 0 ], "texture": "#water_atom" },
        "north": { "uv": [ 0, 0, 0, 0 ], "texture": "#water_atom" },
        "south": { "uv": [ 0, 0, 0, 0 ], "texture": "#water_atom" },
        "west":  { "uv": [ 0, 0, 16, 16 ], "rotation": 180, "texture": "#water_atom" },
        "east":  { "uv": [ 16, 0, 0.125, 16 ], "rotation": 180, "texture": "#water_atom" }
    }
}
],
"display": {
    "thirdperson_righthand": {
        "rotation": [ 180, -90, 90 ],
        "translation": [ 1.89, 7.94, 2.27 ],
        "scale": [ 2, 2, 2 ]
    },
    "thirdperson_lefthand": {
        "rotation": [ 180, -90, -90 ],
        "translation": [ 1.89, 7.94, 2.08 ],
        "scale": [ 2, 2, 2 ]
    },
    "head": {
        "rotation": [ 0, 0, -37 ],
        "translation": [ -16.63, 12.47, -2.08 ],
        "scale": [ 1.39, 1.39, 1.39 ]
    },
    "ground": {
        "rotation": [ 0, 0, -14 ],
        "translation": [ -3.21, 3.97, 0.38 ],
        "scale": [ 0.63, 0.63, 0.63 ]
    },
    "fixed": {
        "rotation": [ 0, 0, -44 ],
        "translation": [ -0.38, 0.19, -0.94 ],
        "scale": [ 0.66, 0.66, 0.66 ]
    },
    "firstperson_righthand": {
        "rotation": [ -11, -71, -77 ],
        "translation": [ 0.56, 3.21, 0 ],
        "scale": [ 0.95, 0.95, 0.95 ]
    },
    "firstperson_lefthand": {
        "rotation": [ -11, -71, 101 ],
        "translation": [ 0, 3.21, 0 ],
        "scale": [ 0.95, 0.95, 0.95 ]
    },
    "gui": {
        "rotation": [ 24, -4, -45 ],
        "translation": [ 0, 0.19, -3.59 ],
        "scale": [ 0.56, 0.56, 0.56 ]
    }
}
}