{
    "parent": "item/wynn/wand_fire_2",
    "display": {
		"firstperson_righthand": {
            "rotation": [ 0, -80, 0 ],
            "translation": [ 2.5, 1.5, 0 ],
            "scale": [ 0.7, 0.7, 0.7 ]
		},
        "thirdperson_righthand": {
            "rotation": [ 10, 0, 0 ],
            "translation": [ -0.5, 0.5, 1.5 ],
            "scale": [ 0.8, 0.8, 0.8 ]
		},
		"gui": {
			"rotation": [ 45, 25, -45 ],
			"translation": [ 0, 0, 0 ],
			"scale": [ 0.7, 0.7, 0.7 ]
		}
}
}