{
    "parent": "item/wynn/wand_thunder_3",
    "display": {
		"firstperson_righthand": {
            "rotation": [ 0, 45, 0 ],
            "translation": [ 2, 1, 0 ],
            "scale": [ 0.65, 0.65, 0.65 ]
		},
        "thirdperson_righthand": {
            "rotation": [ 0, 0, 0 ],
            "translation": [ -0.5, 8.5, 2 ],
            "scale": [ 0.9, 0.9, 0.9 ]
		},
		"gui": {
			"rotation": [ 45, 25, -45 ],
			"translation": [ 0, 0, 0 ],
			"scale": [ 0.6, 0.6, 0.6 ]
		}
    }
}
