{
"__comment": "Designed by FirecatHD",
"textures": {
    "particle": "wynn/weapons/dagger/water_dagger_t3",
    "texture": "wynn/weapons/dagger/water_dagger_t3"
},
"elements": [ 
{
    "from": [ 7, 5.5, 0.5 ],
    "to": [ 8, 17.5, 1.5 ],
    "faces": {
        "down":  { "uv": [ 7, 0.5, 8, 1.5 ], "texture": "#texture" },
        "up":    { "uv": [ 7, 0.5, 8, 1.5 ], "texture": "#texture" },
        "north": { "uv": [ 0.5, 0, 1, 4.5 ], "texture": "#texture" },
        "south": { "uv": [ 0.5, 0, 1, 4.5 ], "texture": "#texture" },
        "west":  { "uv": [ 1, 0, 1.5, 4.5 ], "texture": "#texture" },
        "east":  { "uv": [ 1, 0, 1.5, 4.5 ], "texture": "#texture" }
    }
},
{
    "from": [ 8.5, 5.5, 0.5 ],
    "to": [ 9.5, 17.5, 1.5 ],
    "faces": {
        "down":  { "uv": [ 7, 0.5, 8, 1.5 ], "texture": "#texture" },
        "up":    { "uv": [ 7, 0.5, 8, 1.5 ], "texture": "#texture" },
        "north": { "uv": [ 0.5, 0, 1, 4.5 ], "texture": "#texture" },
        "south": { "uv": [ 0.5, 0, 1, 4.5 ], "texture": "#texture" },
        "west":  { "uv": [ 1, 0, 1.5, 4.5 ], "texture": "#texture" },
        "east":  { "uv": [ 1, 0, 1.5, 4.5 ], "texture": "#texture" }
    }
},
{
    "from": [ 7.5, 3.5, 0.25 ],
    "to": [ 9, 5, 1.75 ],
    "faces": {
        "down":  { "uv": [ 7, 9, 8.5, 10.5 ], "texture": "#texture" },
        "up":    { "uv": [ 7, 9, 8.5, 10.5 ], "texture": "#texture" },
        "north": { "uv": [ 6, 10.5, 7.5, 12 ], "texture": "#texture" },
        "south": { "uv": [ 6, 10.5, 7.5, 12 ], "texture": "#texture" },
        "west":  { "uv": [ 0.5, 8.5, 2, 10 ], "texture": "#texture" },
        "east":  { "uv": [ 0.5, 8.5, 2, 10 ], "texture": "#texture" }
    }
},
{
    "from": [ 8, 3, 0.75 ],
    "to": [ 8.5, 3.5, 1.25 ],
    "faces": {
        "down":  { "uv": [ 7, 0.5, 8, 1.5 ], "texture": "#texture" },
        "up":    { "uv": [ 7, 0.5, 8, 1.5 ], "texture": "#texture" },
        "north": { "uv": [ 0.5, 0, 1, 4.5 ], "texture": "#texture" },
        "south": { "uv": [ 0.5, 0, 1, 4.5 ], "texture": "#texture" },
        "west":  { "uv": [ 1, 0, 1.5, 4.5 ], "texture": "#texture" },
        "east":  { "uv": [ 1, 0, 1.5, 4.5 ], "texture": "#texture" }
    }
},
{
    "from": [ 7.75, 1.5, 0.5 ],
    "to": [ 8.75, 3, 1.5 ],
    "faces": {
        "down":  { "uv": [ 6.5, 5.5, 7.5, 6.5 ], "texture": "#texture" },
        "up":    { "uv": [ 6.5, 5.5, 7.5, 6.5 ], "texture": "#texture" },
        "north": { "uv": [ 6.5, 5.5, 7.5, 7 ], "texture": "#texture" },
        "south": { "uv": [ 6.5, 5.5, 7.5, 7 ], "texture": "#texture" },
        "west":  { "uv": [ 6, 6, 7, 7.5 ], "texture": "#texture" },
        "east":  { "uv": [ 6, 6, 7, 7.5 ], "texture": "#texture" }
    }
},
{
    "from": [ 8, 1, 0.75 ],
    "to": [ 8.5, 1.5, 1.25 ],
    "faces": {
        "down":  { "uv": [ 7, 0.5, 8, 1.5 ], "texture": "#texture" },
        "up":    { "uv": [ 7, 0.5, 8, 1.5 ], "texture": "#texture" },
        "north": { "uv": [ 0.5, 0, 1, 4.5 ], "texture": "#texture" },
        "south": { "uv": [ 0.5, 0, 1, 4.5 ], "texture": "#texture" },
        "west":  { "uv": [ 1, 0, 1.5, 4.5 ], "texture": "#texture" },
        "east":  { "uv": [ 1, 0, 1.5, 4.5 ], "texture": "#texture" }
    }
},
{
    "from": [ 5, 1.905, 0.5 ],
    "to": [ 6.01, 11.5, 1.51 ],
    "faces": {
        "down":  { "uv": [ 7, 0.5, 8, 1.5 ], "texture": "#texture" },
        "up":    { "uv": [ 7, 0.5, 8, 1.5 ], "texture": "#texture" },
        "north": { "uv": [ 0.5, 0, 1, 4.5 ], "texture": "#texture" },
        "south": { "uv": [ 0.5, 0, 1, 4.5 ], "texture": "#texture" },
        "west":  { "uv": [ 1, 0, 1.5, 4.5 ], "texture": "#texture" },
        "east":  { "uv": [ 1, 0, 1.5, 4.5 ], "texture": "#texture" }
    }
},
{
    "from": [ 7, 0.0625, 0.5 ],
    "to": [ 9.5, 1.0625, 1.5 ],
    "faces": {
        "down":  { "uv": [ 5.5, 13, 8.3125, 14 ], "texture": "#texture" },
        "up":    { "uv": [ 5.5, 13, 8.3125, 14 ], "texture": "#texture" },
        "north": { "uv": [ 9, 14, 11.8125, 15 ], "texture": "#texture" },
        "south": { "uv": [ 9, 14, 11.8125, 15 ], "texture": "#texture" },
        "west":  { "uv": [ 1.5, 13.5, 2.5, 14.5 ], "texture": "#texture" },
        "east":  { "uv": [ 1.5, 13.5, 2.5, 14.5 ], "texture": "#texture" }
    }
},
{
    "from": [ 5.6875, 1.75, 0.5 ],
    "to": [ 8.5, 2.75, 1.5 ],
    "rotation": { "origin": [ 5.6875, 2.75, 0.5 ], "axis": "z", "angle": -45 },
    "faces": {
        "down":  { "uv": [ 5.5, 13, 8.3125, 14 ], "texture": "#texture" },
        "up":    { "uv": [ 5.5, 13, 8.3125, 14 ], "texture": "#texture" },
        "north": { "uv": [ 9, 14, 11.8125, 15 ], "texture": "#texture" },
        "south": { "uv": [ 9, 14, 11.8125, 15 ], "texture": "#texture" },
        "west":  { "uv": [ 1.5, 13.5, 2.5, 14.5 ], "texture": "#texture" },
        "east":  { "uv": [ 1.5, 13.5, 2.5, 14.5 ], "texture": "#texture" }
    }
},
{
    "from": [ 8.8125, -0.25, 0.5 ],
    "to": [ 11.625, 0.75, 1.5 ],
    "rotation": { "origin": [ 8.8125, 0.75, 0.5 ], "axis": "z", "angle": 45 },
    "faces": {
        "down":  { "uv": [ 5.5, 13, 8.3125, 14 ], "texture": "#texture" },
        "up":    { "uv": [ 5.5, 13, 8.3125, 14 ], "texture": "#texture" },
        "north": { "uv": [ 9, 14, 11.8125, 15 ], "texture": "#texture" },
        "south": { "uv": [ 9, 14, 11.8125, 15 ], "texture": "#texture" },
        "west":  { "uv": [ 1.5, 13.5, 2.5, 14.5 ], "texture": "#texture" },
        "east":  { "uv": [ 1.5, 13.5, 2.5, 14.5 ], "texture": "#texture" }
    }
},
{
    "from": [ 10.5, 1.905, 0.5 ],
    "to": [ 11.51, 11.5, 1.51 ],
    "faces": {
        "down":  { "uv": [ 7, 0.5, 8, 1.5 ], "texture": "#texture" },
        "up":    { "uv": [ 7, 0.5, 8, 1.5 ], "texture": "#texture" },
        "north": { "uv": [ 0.5, 0, 1, 4.5 ], "texture": "#texture" },
        "south": { "uv": [ 0.5, 0, 1, 4.5 ], "texture": "#texture" },
        "west":  { "uv": [ 1, 0, 1.5, 4.5 ], "texture": "#texture" },
        "east":  { "uv": [ 1, 0, 1.5, 4.5 ], "texture": "#texture" }
    }
},
{
    "from": [ 4.5, 5, 0.75 ],
    "to": [ 5, 10.5, 1.25 ],
    "faces": {
        "down":  { "uv": [ 6.5, 9, 7.5, 10 ], "texture": "#texture" },
        "up":    { "uv": [ 6.5, 9, 7.5, 10 ], "texture": "#texture" },
        "north": { "uv": [ 4.5, 8, 5, 12 ], "texture": "#texture" },
        "south": { "uv": [ 4.5, 8, 5, 12 ], "texture": "#texture" },
        "west":  { "uv": [ 1, 8, 1.5, 12 ], "texture": "#texture" },
        "east":  { "uv": [ 1, 8, 1.5, 12 ], "texture": "#texture" }
    }
},
{
    "from": [ 11.5, 5, 0.75 ],
    "to": [ 12, 10.5, 1.25 ],
    "faces": {
        "down":  { "uv": [ 6.5, 9, 7.5, 10 ], "texture": "#texture" },
        "up":    { "uv": [ 6.5, 9, 7.5, 10 ], "texture": "#texture" },
        "north": { "uv": [ 4.5, 8, 5, 12 ], "texture": "#texture" },
        "south": { "uv": [ 4.5, 8, 5, 12 ], "texture": "#texture" },
        "west":  { "uv": [ 1, 8, 1.5, 12 ], "texture": "#texture" },
        "east":  { "uv": [ 1, 8, 1.5, 12 ], "texture": "#texture" }
    }
},
{
    "from": [ 9.5, 6.5, 0.75 ],
    "to": [ 10, 16.5, 1.25 ],
    "faces": {
        "down":  { "uv": [ 6.5, 9, 7.5, 10 ], "texture": "#texture" },
        "up":    { "uv": [ 6.5, 9, 7.5, 10 ], "texture": "#texture" },
        "north": { "uv": [ 4.5, 8, 5, 12 ], "texture": "#texture" },
        "south": { "uv": [ 4.5, 8, 5, 12 ], "texture": "#texture" },
        "west":  { "uv": [ 1, 8, 1.5, 12 ], "texture": "#texture" },
        "east":  { "uv": [ 1, 8, 1.5, 12 ], "texture": "#texture" }
    }
},
{
    "from": [ 6.5, 6.5, 0.75 ],
    "to": [ 7, 16.5, 1.25 ],
    "faces": {
        "down":  { "uv": [ 6.5, 9, 7.5, 10 ], "texture": "#texture" },
        "up":    { "uv": [ 6.5, 9, 7.5, 10 ], "texture": "#texture" },
        "north": { "uv": [ 4.5, 8, 5, 12 ], "texture": "#texture" },
        "south": { "uv": [ 4.5, 8, 5, 12 ], "texture": "#texture" },
        "west":  { "uv": [ 1, 8, 1.5, 12 ], "texture": "#texture" },
        "east":  { "uv": [ 1, 8, 1.5, 12 ], "texture": "#texture" }
    }
},
{
    "from": [ 5.25, 11.5, 0.75 ],
    "to": [ 5.75, 12.5, 1.25 ],
    "faces": {
        "down":  { "uv": [ 8, 5.5, 9, 6.5 ], "texture": "#texture" },
        "up":    { "uv": [ 8, 5.5, 9, 6.5 ], "texture": "#texture" },
        "north": { "uv": [ 13, 5.5, 14, 7.5 ], "texture": "#texture" },
        "south": { "uv": [ 13, 5.5, 14, 7.5 ], "texture": "#texture" },
        "west":  { "uv": [ 3.5, 5.5, 4.5, 7.5 ], "texture": "#texture" },
        "east":  { "uv": [ 3.5, 5.5, 4.5, 7.5 ], "texture": "#texture" }
    }
},
{
    "from": [ 10.75, 11.5, 0.75 ],
    "to": [ 11.25, 12.5, 1.25 ],
    "faces": {
        "down":  { "uv": [ 8, 5.5, 9, 6.5 ], "texture": "#texture" },
        "up":    { "uv": [ 8, 5.5, 9, 6.5 ], "texture": "#texture" },
        "north": { "uv": [ 13, 5.5, 14, 7.5 ], "texture": "#texture" },
        "south": { "uv": [ 13, 5.5, 14, 7.5 ], "texture": "#texture" },
        "west":  { "uv": [ 3.5, 5.5, 4.5, 7.5 ], "texture": "#texture" },
        "east":  { "uv": [ 3.5, 5.5, 4.5, 7.5 ], "texture": "#texture" }
    }
},
{
    "from": [ 7.25, 17.5, 0.75 ],
    "to": [ 7.75, 18.5, 1.25 ],
    "faces": {
        "down":  { "uv": [ 8, 5.5, 9, 6.5 ], "texture": "#texture" },
        "up":    { "uv": [ 8, 5.5, 9, 6.5 ], "texture": "#texture" },
        "north": { "uv": [ 13, 5.5, 14, 7.5 ], "texture": "#texture" },
        "south": { "uv": [ 13, 5.5, 14, 7.5 ], "texture": "#texture" },
        "west":  { "uv": [ 3.5, 5.5, 4.5, 7.5 ], "texture": "#texture" },
        "east":  { "uv": [ 3.5, 5.5, 4.5, 7.5 ], "texture": "#texture" }
    }
},
{
    "from": [ 8.75, 17.5, 0.75 ],
    "to": [ 9.25, 18.5, 1.25 ],
    "faces": {
        "down":  { "uv": [ 8, 5.5, 9, 6.5 ], "texture": "#texture" },
        "up":    { "uv": [ 8, 5.5, 9, 6.5 ], "texture": "#texture" },
        "north": { "uv": [ 13, 5.5, 14, 7.5 ], "texture": "#texture" },
        "south": { "uv": [ 13, 5.5, 14, 7.5 ], "texture": "#texture" },
        "west":  { "uv": [ 3.5, 5.5, 4.5, 7.5 ], "texture": "#texture" },
        "east":  { "uv": [ 3.5, 5.5, 4.5, 7.5 ], "texture": "#texture" }
    }
},
{
    "from": [ 6, 1.0625, 0.25 ],
    "to": [ 7.5, 3.0625, 1.75 ],
    "rotation": { "origin": [ 6, 3.0625, 0.25 ], "axis": "z", "angle": -45 },
    "faces": {
        "down":  { "uv": [ 7, 9, 8.5, 10.5 ], "texture": "#texture" },
        "up":    { "uv": [ 7, 9, 8.5, 10.5 ], "texture": "#texture" },
        "north": { "uv": [ 6, 10.5, 7.5, 12 ], "texture": "#texture" },
        "south": { "uv": [ 6, 10.5, 7.5, 12 ], "texture": "#texture" },
        "west":  { "uv": [ 0.5, 8.5, 2, 10 ], "texture": "#texture" },
        "east":  { "uv": [ 0.5, 8.5, 2, 10 ], "texture": "#texture" }
    }
},
{
    "from": [ 9.5, 0.0625, 0.25 ],
    "to": [ 11, 2.0625, 1.75 ],
    "rotation": { "origin": [ 9.5, 2.0625, 0.25 ], "axis": "z", "angle": 45 },
    "faces": {
        "down":  { "uv": [ 7, 9, 8.5, 10.5 ], "texture": "#texture" },
        "up":    { "uv": [ 7, 9, 8.5, 10.5 ], "texture": "#texture" },
        "north": { "uv": [ 6, 10.5, 7.5, 12 ], "texture": "#texture" },
        "south": { "uv": [ 6, 10.5, 7.5, 12 ], "texture": "#texture" },
        "west":  { "uv": [ 0.5, 8.5, 2, 10 ], "texture": "#texture" },
        "east":  { "uv": [ 0.5, 8.5, 2, 10 ], "texture": "#texture" }
    }
}
],
"display": {
    "thirdperson": {
        "rotation": [ 0, 90, -90 ],
        "translation": [ 4.3, 1.1, -3.4 ],
        "scale": [ 1.2, 1.2, 1.2 ]
    },
    "head": {
        "rotation": [ 0, 0, 0 ],
        "translation": [ 0, 0, 0 ],
        "scale": [ 1, 1, 1 ]
    },
    "ground": {
        "rotation": [ -48, -3, 38 ],
        "translation": [ 0, -1.5, 0 ],
        "scale": [ 2.5, 2.5, 2.5 ]
    },
    "fixed": {
        "rotation": [ 0, 0, -52 ],
        "translation": [ -0.6, 0, 6.6 ],
        "scale": [ 2, 2, 2 ]
    },
    "firstperson": {
        "rotation": [ 0, -135, 31 ],
        "translation": [ -3.7, 5, -5.6 ],
        "scale": [ 2, 2, 2 ]
    },
    "gui": {
        "rotation": [ 50, 0, 0 ],
        "translation": [ 0, -4.3, 2.5 ],
        "scale": [ 1.4, 1.4, 1.4 ]
    }
}
}