{
"__comment": "Designed by FirecatHD",
"textures": {
    "particle": "wynn/weapons/spear/thunder_spear_all",
    "texture": "wynn/weapons/spear/thunder_spear_all",
    "thunderbolt": "wynn/weapons/spear/thunderbolt"
},
"elements": [ 
{
    "from": [ 7.25, 3.5, 8 ],
    "to": [ 7.75, 13.5, 8.5 ],
    "faces": {
        "down":  { "uv": [ 11.5, 9.5, 12.5, 10.5 ], "texture": "#texture" },
        "up":    { "uv": [ 11.5, 9.5, 12.5, 10.5 ], "texture": "#texture" },
        "north": { "uv": [ 5.75, 9, 6.25, 12.75 ], "texture": "#texture" },
        "south": { "uv": [ 5.75, 9, 6.25, 12.75 ], "texture": "#texture" },
        "west":  { "uv": [ 13.75, 9, 14.25, 13 ], "texture": "#texture" },
        "east":  { "uv": [ 13.75, 9, 14.25, 13 ], "texture": "#texture" }
    }
},
{
    "from": [ 6.75, 11.75, 7.5 ],
    "to": [ 8.25, 13.25, 9 ],
    "faces": {
        "down":  { "uv": [ 7.5, 1, 9.25, 4 ], "texture": "#texture" },
        "up":    { "uv": [ 7.5, 1, 9.25, 4 ], "texture": "#texture" },
        "north": { "uv": [ 8.5, 1.25, 9.5, 2.25 ], "texture": "#texture" },
        "south": { "uv": [ 8.5, 1.25, 9.5, 2.25 ], "texture": "#texture" },
        "west":  { "uv": [ 7.5, 2.25, 9.5, 3.25 ], "texture": "#texture" },
        "east":  { "uv": [ 7.5, 2.25, 9.5, 3.25 ], "texture": "#texture" }
    }
},
{
    "from": [ 6.5, 12, 7.75 ],
    "to": [ 8.5, 13, 8.75 ],
    "faces": {
        "down":  { "uv": [ 7.5, 1, 9.25, 4 ], "texture": "#texture" },
        "up":    { "uv": [ 7.5, 1, 9.25, 4 ], "texture": "#texture" },
        "north": { "uv": [ 8.5, 1.25, 9.5, 2.25 ], "texture": "#texture" },
        "south": { "uv": [ 8.5, 1.25, 9.5, 2.25 ], "texture": "#texture" },
        "west":  { "uv": [ 7.5, 2.25, 9.5, 3.25 ], "texture": "#texture" },
        "east":  { "uv": [ 7.5, 2.25, 9.5, 3.25 ], "texture": "#texture" }
    }
},
{
    "from": [ 7, 12, 7.75 ],
    "to": [ 8, 13.5, 8.75 ],
    "faces": {
        "down":  { "uv": [ 7.5, 1, 9.25, 4 ], "texture": "#texture" },
        "up":    { "uv": [ 7.5, 1, 9.25, 4 ], "texture": "#texture" },
        "north": { "uv": [ 8.5, 1.25, 9.5, 2.25 ], "texture": "#texture" },
        "south": { "uv": [ 8.5, 1.25, 9.5, 2.25 ], "texture": "#texture" },
        "west":  { "uv": [ 7.5, 2.25, 9.5, 3.25 ], "texture": "#texture" },
        "east":  { "uv": [ 7.5, 2.25, 9.5, 3.25 ], "texture": "#texture" }
    }
},
{
    "from": [ 7, 12, 7.25 ],
    "to": [ 8, 13, 9.25 ],
    "faces": {
        "down":  { "uv": [ 7.5, 1, 9.25, 4 ], "texture": "#texture" },
        "up":    { "uv": [ 7.5, 1, 9.25, 4 ], "texture": "#texture" },
        "north": { "uv": [ 8.5, 1.25, 9.5, 2.25 ], "texture": "#texture" },
        "south": { "uv": [ 8.5, 1.25, 9.5, 2.25 ], "texture": "#texture" },
        "west":  { "uv": [ 7.5, 2.25, 9.5, 3.25 ], "texture": "#texture" },
        "east":  { "uv": [ 7.5, 2.25, 9.5, 3.25 ], "texture": "#texture" }
    }
},
{
    "from": [ 7, 10.5, 7.75 ],
    "to": [ 8, 11.75, 8.75 ],
    "faces": {
        "down":  { "uv": [ 9, 8.75, 8, 7.75 ], "texture": "#texture" },
        "up":    { "uv": [ 7, 7.75, 8, 8.75 ], "texture": "#texture" },
        "north": { "uv": [ 7, 5.75, 9, 7.5 ], "texture": "#texture" },
        "south": { "uv": [ 7, 5.75, 9, 7.5 ], "texture": "#texture" },
        "west":  { "uv": [ 7.25, 5.75, 9.75, 8 ], "texture": "#texture" },
        "east":  { "uv": [ 7.25, 5.75, 9.75, 8 ], "texture": "#texture" }
    }
},
{
    "from": [ 7, 9.5, 7.75 ],
    "to": [ 8, 10.25, 8.75 ],
    "faces": {
        "down":  { "uv": [ 9, 8.75, 8, 7.75 ], "texture": "#texture" },
        "up":    { "uv": [ 7, 7.75, 8, 8.75 ], "texture": "#texture" },
        "north": { "uv": [ 7, 5.75, 9, 7.5 ], "texture": "#texture" },
        "south": { "uv": [ 7, 5.75, 9, 7.5 ], "texture": "#texture" },
        "west":  { "uv": [ 7.25, 5.75, 9.75, 8 ], "texture": "#texture" },
        "east":  { "uv": [ 7.25, 5.75, 9.75, 8 ], "texture": "#texture" }
    }
},
{
    "from": [ 7.25, 13.25, 8 ],
    "to": [ 7.75, 19.25, 8.5 ],
    "faces": {
        "down":  { "uv": [ 7.5, 1, 9.25, 4 ], "texture": "#texture" },
        "up":    { "uv": [ 7.5, 1, 9.25, 4 ], "texture": "#texture" },
        "north": { "uv": [ 8.5, 1.25, 9.5, 2.25 ], "texture": "#texture" },
        "south": { "uv": [ 8.5, 1.25, 9.5, 2.25 ], "texture": "#texture" },
        "west":  { "uv": [ 7.5, 2.25, 9.5, 3.25 ], "texture": "#texture" },
        "east":  { "uv": [ 7.5, 2.25, 9.5, 3.25 ], "texture": "#texture" }
    }
},
{
    "from": [ 7.25, 18.25, 8.125 ],
    "to": [ 7.75, 19.25, 8.375 ],
    "rotation": { "origin": [ 7.25, 19.25, 8.125 ], "axis": "z", "angle": -22.5 },
    "faces": {
        "down":  { "uv": [ 9, 8.75, 8, 7.75 ], "texture": "#texture" },
        "up":    { "uv": [ 7, 7.75, 8, 8.75 ], "texture": "#texture" },
        "north": { "uv": [ 7, 5.75, 9, 7.5 ], "texture": "#texture" },
        "south": { "uv": [ 7, 5.75, 9, 7.5 ], "texture": "#texture" },
        "west":  { "uv": [ 7.25, 5.75, 9.75, 8 ], "texture": "#texture" },
        "east":  { "uv": [ 7.25, 5.75, 9.75, 8 ], "texture": "#texture" }
    }
},
{
    "from": [ 6.875, 14.0625, 8.125 ],
    "to": [ 7.375, 15.0625, 8.375 ],
    "rotation": { "origin": [ 6.875, 15.0625, 8.125 ], "axis": "z", "angle": 22.5 },
    "faces": {
        "down":  { "uv": [ 9, 8.75, 8, 7.75 ], "texture": "#texture" },
        "up":    { "uv": [ 7, 7.75, 8, 8.75 ], "texture": "#texture" },
        "north": { "uv": [ 7, 5.75, 9, 7.5 ], "texture": "#texture" },
        "south": { "uv": [ 7, 5.75, 9, 7.5 ], "texture": "#texture" },
        "west":  { "uv": [ 7.25, 5.75, 9.75, 8 ], "texture": "#texture" },
        "east":  { "uv": [ 7.25, 5.75, 9.75, 8 ], "texture": "#texture" }
    }
},
{
    "from": [ 6.875, 15.0625, 8.125 ],
    "to": [ 7.375, 18.3125, 8.375 ],
    "faces": {
        "down":  { "uv": [ 9, 8.75, 8, 7.75 ], "texture": "#texture" },
        "up":    { "uv": [ 7, 7.75, 8, 8.75 ], "texture": "#texture" },
        "north": { "uv": [ 7, 5.75, 9, 7.5 ], "texture": "#texture" },
        "south": { "uv": [ 7, 5.75, 9, 7.5 ], "texture": "#texture" },
        "west":  { "uv": [ 7.25, 5.75, 9.75, 8 ], "texture": "#texture" },
        "east":  { "uv": [ 7.25, 5.75, 9.75, 8 ], "texture": "#texture" }
    }
},
{
    "from": [ 7.3125, 18.0625, 8.125 ],
    "to": [ 7.8125, 19.0625, 8.375 ],
    "rotation": { "origin": [ 7.3125, 19.0625, 8.125 ], "axis": "z", "angle": 22.5 },
    "faces": {
        "down":  { "uv": [ 9, 8.75, 8, 7.75 ], "texture": "#texture" },
        "up":    { "uv": [ 7, 7.75, 8, 8.75 ], "texture": "#texture" },
        "north": { "uv": [ 7, 5.75, 9, 7.5 ], "texture": "#texture" },
        "south": { "uv": [ 7, 5.75, 9, 7.5 ], "texture": "#texture" },
        "west":  { "uv": [ 7.25, 5.75, 9.75, 8 ], "texture": "#texture" },
        "east":  { "uv": [ 7.25, 5.75, 9.75, 8 ], "texture": "#texture" }
    }
},
{
    "from": [ 7.6875, 14.3125, 8.125 ],
    "to": [ 8.1875, 15.3125, 8.375 ],
    "rotation": { "origin": [ 7.6875, 15.3125, 8.125 ], "axis": "z", "angle": -22.5 },
    "faces": {
        "down":  { "uv": [ 9, 8.75, 8, 7.75 ], "texture": "#texture" },
        "up":    { "uv": [ 7, 7.75, 8, 8.75 ], "texture": "#texture" },
        "north": { "uv": [ 7, 5.75, 9, 7.5 ], "texture": "#texture" },
        "south": { "uv": [ 7, 5.75, 9, 7.5 ], "texture": "#texture" },
        "west":  { "uv": [ 7.25, 5.75, 9.75, 8 ], "texture": "#texture" },
        "east":  { "uv": [ 7.25, 5.75, 9.75, 8 ], "texture": "#texture" }
    }
},
{
    "from": [ 7.65, 15.0625, 8.13 ],
    "to": [ 8.15, 18.3125, 8.38 ],
    "faces": {
        "down":  { "uv": [ 9, 8.75, 8, 7.75 ], "texture": "#texture" },
        "up":    { "uv": [ 7, 7.75, 8, 8.75 ], "texture": "#texture" },
        "north": { "uv": [ 7, 5.75, 9, 7.5 ], "texture": "#texture" },
        "south": { "uv": [ 7, 5.75, 9, 7.5 ], "texture": "#texture" },
        "west":  { "uv": [ 7.25, 5.75, 9.75, 8 ], "texture": "#texture" },
        "east":  { "uv": [ 7.25, 5.75, 9.75, 8 ], "texture": "#texture" }
    }
},
{
    "from": [ 7, 5.25, 7.75 ],
    "to": [ 8, 6, 8.75 ],
    "faces": {
        "down":  { "uv": [ 9, 8.75, 8, 7.75 ], "texture": "#texture" },
        "up":    { "uv": [ 7, 7.75, 8, 8.75 ], "texture": "#texture" },
        "north": { "uv": [ 7, 5.75, 9, 7.5 ], "texture": "#texture" },
        "south": { "uv": [ 7, 5.75, 9, 7.5 ], "texture": "#texture" },
        "west":  { "uv": [ 7.25, 5.75, 9.75, 8 ], "texture": "#texture" },
        "east":  { "uv": [ 7.25, 5.75, 9.75, 8 ], "texture": "#texture" }
    }
},
{
    "from": [ 6.75, 2.25, 7.5 ],
    "to": [ 8.25, 3.75, 9 ],
    "faces": {
        "down":  { "uv": [ 7.5, 1, 9.25, 4 ], "texture": "#texture" },
        "up":    { "uv": [ 7.5, 1, 9.25, 4 ], "texture": "#texture" },
        "north": { "uv": [ 8.5, 1.25, 9.5, 2.25 ], "texture": "#texture" },
        "south": { "uv": [ 8.5, 1.25, 9.5, 2.25 ], "texture": "#texture" },
        "west":  { "uv": [ 7.5, 2.25, 9.5, 3.25 ], "texture": "#texture" },
        "east":  { "uv": [ 7.5, 2.25, 9.5, 3.25 ], "texture": "#texture" }
    }
},
{
    "from": [ 6.5, 2.5, 7.75 ],
    "to": [ 8.5, 3.5, 8.75 ],
    "faces": {
        "down":  { "uv": [ 7.5, 1, 9.25, 4 ], "texture": "#texture" },
        "up":    { "uv": [ 7.5, 1, 9.25, 4 ], "texture": "#texture" },
        "north": { "uv": [ 8.5, 1.25, 9.5, 2.25 ], "texture": "#texture" },
        "south": { "uv": [ 8.5, 1.25, 9.5, 2.25 ], "texture": "#texture" },
        "west":  { "uv": [ 7.5, 2.25, 9.5, 3.25 ], "texture": "#texture" },
        "east":  { "uv": [ 7.5, 2.25, 9.5, 3.25 ], "texture": "#texture" }
    }
},
{
    "from": [ 7, 2, 7.75 ],
    "to": [ 8, 3.5, 8.75 ],
    "faces": {
        "down":  { "uv": [ 7.5, 1, 9.25, 4 ], "texture": "#texture" },
        "up":    { "uv": [ 7.5, 1, 9.25, 4 ], "texture": "#texture" },
        "north": { "uv": [ 8.5, 1.25, 9.5, 2.25 ], "texture": "#texture" },
        "south": { "uv": [ 8.5, 1.25, 9.5, 2.25 ], "texture": "#texture" },
        "west":  { "uv": [ 7.5, 2.25, 9.5, 3.25 ], "texture": "#texture" },
        "east":  { "uv": [ 7.5, 2.25, 9.5, 3.25 ], "texture": "#texture" }
    }
},
{
    "from": [ 7, 2.5, 7.25 ],
    "to": [ 8, 3.5, 9.25 ],
    "faces": {
        "down":  { "uv": [ 7.5, 1, 9.25, 4 ], "texture": "#texture" },
        "up":    { "uv": [ 7.5, 1, 9.25, 4 ], "texture": "#texture" },
        "north": { "uv": [ 8.5, 1.25, 9.5, 2.25 ], "texture": "#texture" },
        "south": { "uv": [ 8.5, 1.25, 9.5, 2.25 ], "texture": "#texture" },
        "west":  { "uv": [ 7.5, 2.25, 9.5, 3.25 ], "texture": "#texture" },
        "east":  { "uv": [ 7.5, 2.25, 9.5, 3.25 ], "texture": "#texture" }
    }
},
{
    "from": [ 7, 3.75, 7.75 ],
    "to": [ 8, 5, 8.75 ],
    "faces": {
        "down":  { "uv": [ 9, 8.75, 8, 7.75 ], "texture": "#texture" },
        "up":    { "uv": [ 7, 7.75, 8, 8.75 ], "texture": "#texture" },
        "north": { "uv": [ 7, 5.75, 9, 7.5 ], "texture": "#texture" },
        "south": { "uv": [ 7, 5.75, 9, 7.5 ], "texture": "#texture" },
        "west":  { "uv": [ 7.25, 5.75, 9.75, 8 ], "texture": "#texture" },
        "east":  { "uv": [ 7.25, 5.75, 9.75, 8 ], "texture": "#texture" }
    }
},
{
    "from": [ 7.3125, 0.0625, 8.125 ],
    "to": [ 7.8125, 1.0625, 8.375 ],
    "rotation": { "origin": [ 7.3125, 1.0625, 8.125 ], "axis": "z", "angle": 22.5 },
    "faces": {
        "down":  { "uv": [ 9, 8.75, 8, 7.75 ], "texture": "#texture" },
        "up":    { "uv": [ 7, 7.75, 8, 8.75 ], "texture": "#texture" },
        "north": { "uv": [ 7, 5.75, 9, 7.5 ], "texture": "#texture" },
        "south": { "uv": [ 7, 5.75, 9, 7.5 ], "texture": "#texture" },
        "west":  { "uv": [ 7.25, 5.75, 9.75, 8 ], "texture": "#texture" },
        "east":  { "uv": [ 7.25, 5.75, 9.75, 8 ], "texture": "#texture" }
    }
},
{
    "from": [ 7.25, 0.1875, 8.125 ],
    "to": [ 7.75, 1.1875, 8.375 ],
    "rotation": { "origin": [ 7.25, 1.1875, 8.125 ], "axis": "z", "angle": -22.5 },
    "faces": {
        "down":  { "uv": [ 9, 8.75, 8, 7.75 ], "texture": "#texture" },
        "up":    { "uv": [ 7, 7.75, 8, 8.75 ], "texture": "#texture" },
        "north": { "uv": [ 7, 5.75, 9, 7.5 ], "texture": "#texture" },
        "south": { "uv": [ 7, 5.75, 9, 7.5 ], "texture": "#texture" },
        "west":  { "uv": [ 7.25, 5.75, 9.75, 8 ], "texture": "#texture" },
        "east":  { "uv": [ 7.25, 5.75, 9.75, 8 ], "texture": "#texture" }
    }
},
{
    "from": [ 7.6875, -3.75, 8.125 ],
    "to": [ 8.1875, -2.75, 8.375 ],
    "rotation": { "origin": [ 7.6875, -2.75, 8.125 ], "axis": "z", "angle": -22.5 },
    "faces": {
        "down":  { "uv": [ 9, 8.75, 8, 7.75 ], "texture": "#texture" },
        "up":    { "uv": [ 7, 7.75, 8, 8.75 ], "texture": "#texture" },
        "north": { "uv": [ 7, 5.75, 9, 7.5 ], "texture": "#texture" },
        "south": { "uv": [ 7, 5.75, 9, 7.5 ], "texture": "#texture" },
        "west":  { "uv": [ 7.25, 5.75, 9.75, 8 ], "texture": "#texture" },
        "east":  { "uv": [ 7.25, 5.75, 9.75, 8 ], "texture": "#texture" }
    }
},
{
    "from": [ 6.875, -2.9375, 8.125 ],
    "to": [ 7.375, 0.3125, 8.375 ],
    "faces": {
        "down":  { "uv": [ 9, 8.75, 8, 7.75 ], "texture": "#texture" },
        "up":    { "uv": [ 7, 7.75, 8, 8.75 ], "texture": "#texture" },
        "north": { "uv": [ 7, 5.75, 9, 7.5 ], "texture": "#texture" },
        "south": { "uv": [ 7, 5.75, 9, 7.5 ], "texture": "#texture" },
        "west":  { "uv": [ 7.25, 5.75, 9.75, 8 ], "texture": "#texture" },
        "east":  { "uv": [ 7.25, 5.75, 9.75, 8 ], "texture": "#texture" }
    }
},
{
    "from": [ 7.6775, -2.9275, 8.125 ],
    "to": [ 8.1775, 0.3225, 8.375 ],
    "faces": {
        "down":  { "uv": [ 9, 8.75, 8, 7.75 ], "texture": "#texture" },
        "up":    { "uv": [ 7, 7.75, 8, 8.75 ], "texture": "#texture" },
        "north": { "uv": [ 7, 5.75, 9, 7.5 ], "texture": "#texture" },
        "south": { "uv": [ 7, 5.75, 9, 7.5 ], "texture": "#texture" },
        "west":  { "uv": [ 7.25, 5.75, 9.75, 8 ], "texture": "#texture" },
        "east":  { "uv": [ 7.25, 5.75, 9.75, 8 ], "texture": "#texture" }
    }
},
{
    "from": [ 6.875, -3.9375, 8.125 ],
    "to": [ 7.375, -2.9375, 8.375 ],
    "rotation": { "origin": [ 6.875, -2.9375, 8.125 ], "axis": "z", "angle": 22.5 },
    "faces": {
        "down":  { "uv": [ 9, 8.75, 8, 7.75 ], "texture": "#texture" },
        "up":    { "uv": [ 7, 7.75, 8, 8.75 ], "texture": "#texture" },
        "north": { "uv": [ 7, 5.75, 9, 7.5 ], "texture": "#texture" },
        "south": { "uv": [ 7, 5.75, 9, 7.5 ], "texture": "#texture" },
        "west":  { "uv": [ 7.25, 5.75, 9.75, 8 ], "texture": "#texture" },
        "east":  { "uv": [ 7.25, 5.75, 9.75, 8 ], "texture": "#texture" }
    }
},
{
    "from": [ 7.25, -3.875, 8 ],
    "to": [ 7.75, 2.125, 8.5 ],
    "faces": {
        "down":  { "uv": [ 7.5, 1, 9.25, 4 ], "texture": "#texture" },
        "up":    { "uv": [ 7.5, 1, 9.25, 4 ], "texture": "#texture" },
        "north": { "uv": [ 8.5, 1.25, 9.5, 2.25 ], "texture": "#texture" },
        "south": { "uv": [ 8.5, 1.25, 9.5, 2.25 ], "texture": "#texture" },
        "west":  { "uv": [ 7.5, 2.25, 9.5, 3.25 ], "texture": "#texture" },
        "east":  { "uv": [ 7.5, 2.25, 9.5, 3.25 ], "texture": "#texture" }
    }
},
{
    "from": [ 7.125, 6.5, 7.875 ],
    "to": [ 7.875, 9, 8.625 ],
    "faces": {
        "down":  { "uv": [ 5.75, 13.5, 6.75, 14.75 ], "texture": "#texture" },
        "up":    { "uv": [ 5.75, 13.5, 6.75, 14.75 ], "texture": "#texture" },
        "north": { "uv": [ 4.75, 13, 5.25, 16 ], "texture": "#texture" },
        "south": { "uv": [ 4.75, 13, 5.25, 16 ], "texture": "#texture" },
        "west":  { "uv": [ 6.25, 13, 6.5, 16 ], "texture": "#texture" },
        "east":  { "uv": [ 6.25, 13, 6.5, 16 ], "texture": "#texture" }
    }
},
{
    "from": [ 3.25, 8.5, 8.25 ],
    "to": [ 12, 14, 8.3125 ],
    "faces": {
        "down":  { "uv": [ 4.25, 1, 10, 1.0625 ], "texture": "#thunderbolt" },
        "up":    { "uv": [ 4.25, 1, 10, 1.0625 ], "texture": "#thunderbolt" },
        "north": { "uv": [ 0, 2, 16, 14.5 ], "texture": "#thunderbolt" },
        "south": { "uv": [ 0, 2, 16, 14.5 ], "texture": "#thunderbolt" },
        "west":  { "uv": [ 15.5, 0.5, 15.5625, 6 ], "texture": "#thunderbolt" },
        "east":  { "uv": [ 15.5, 0.5, 15.5625, 6 ], "texture": "#thunderbolt" }
    }
},
{
    "from": [ 3.25, 6.75, 8.25 ],
    "to": [ 12, 12.25, 8.3125 ],
    "faces": {
        "down":  { "uv": [ 4.25, 1, 10, 1.0625 ], "texture": "#thunderbolt" },
        "up":    { "uv": [ 4.25, 1, 10, 1.0625 ], "texture": "#thunderbolt" },
        "north": { "uv": [ 0, 2, 16, 14.5 ], "texture": "#thunderbolt" },
        "south": { "uv": [ 0, 2, 16, 14.5 ], "texture": "#thunderbolt" },
        "west":  { "uv": [ 15.5, 0.5, 15.5625, 6 ], "texture": "#thunderbolt" },
        "east":  { "uv": [ 15.5, 0.5, 15.5625, 6 ], "texture": "#thunderbolt" }
    }
},
{
    "from": [ 3.25, 2.75, 8.25 ],
    "to": [ 12, 8.25, 8.3125 ],
    "faces": {
        "down":  { "uv": [ 4.25, 1, 10, 1.0625 ], "texture": "#thunderbolt" },
        "up":    { "uv": [ 4.25, 1, 10, 1.0625 ], "texture": "#thunderbolt" },
        "north": { "uv": [ 0, 2, 16, 14.5 ], "texture": "#thunderbolt" },
        "south": { "uv": [ 0, 2, 16, 14.5 ], "texture": "#thunderbolt" },
        "west":  { "uv": [ 15.5, 0.5, 15.5625, 6 ], "texture": "#thunderbolt" },
        "east":  { "uv": [ 15.5, 0.5, 15.5625, 6 ], "texture": "#thunderbolt" }
    }
},
{
    "from": [ 3.25, 1.25, 8.25 ],
    "to": [ 12, 6.75, 8.3125 ],
    "faces": {
        "down":  { "uv": [ 4.25, 1, 10, 1.0625 ], "texture": "#thunderbolt" },
        "up":    { "uv": [ 4.25, 1, 10, 1.0625 ], "texture": "#thunderbolt" },
        "north": { "uv": [ 0, 2, 16, 14.5 ], "texture": "#thunderbolt" },
        "south": { "uv": [ 0, 2, 16, 14.5 ], "texture": "#thunderbolt" },
        "west":  { "uv": [ 15.5, 0.5, 15.5625, 6 ], "texture": "#thunderbolt" },
        "east":  { "uv": [ 15.5, 0.5, 15.5625, 6 ], "texture": "#thunderbolt" }
    }
},
{
    "from": [ 5, 0.5, 8.25 ],
    "to": [ 11.25, 4.25, 8.3125 ],
    "faces": {
        "down":  { "uv": [ 4.25, 1, 10, 1.0625 ], "texture": "#thunderbolt" },
        "up":    { "uv": [ 4.25, 1, 10, 1.0625 ], "texture": "#thunderbolt" },
        "north": { "uv": [ 0, 2, 16, 14.5 ], "texture": "#thunderbolt" },
        "south": { "uv": [ 0, 2, 16, 14.5 ], "texture": "#thunderbolt" },
        "west":  { "uv": [ 15.5, 0.5, 15.5625, 6 ], "texture": "#thunderbolt" },
        "east":  { "uv": [ 15.5, 0.5, 15.5625, 6 ], "texture": "#thunderbolt" }
    }
},
{
    "from": [ 3.75, 0.5, 8.25 ],
    "to": [ 10, 4.25, 8.3125 ],
    "faces": {
        "down":  { "uv": [ 4.25, 1, 10, 1.0625 ], "texture": "#thunderbolt" },
        "up":    { "uv": [ 4.25, 1, 10, 1.0625 ], "texture": "#thunderbolt" },
        "north": { "uv": [ 0, 2, 16, 14.5 ], "texture": "#thunderbolt" },
        "south": { "uv": [ 0, 2, 16, 14.5 ], "texture": "#thunderbolt" },
        "west":  { "uv": [ 15.5, 0.5, 15.5625, 6 ], "texture": "#thunderbolt" },
        "east":  { "uv": [ 15.5, 0.5, 15.5625, 6 ], "texture": "#thunderbolt" }
    }
},
{
    "from": [ 3.75, 11, 8.25 ],
    "to": [ 10, 14.75, 8.3125 ],
    "faces": {
        "down":  { "uv": [ 4.25, 1, 10, 1.0625 ], "texture": "#thunderbolt" },
        "up":    { "uv": [ 4.25, 1, 10, 1.0625 ], "texture": "#thunderbolt" },
        "north": { "uv": [ 0, 2, 16, 14.5 ], "texture": "#thunderbolt" },
        "south": { "uv": [ 0, 2, 16, 14.5 ], "texture": "#thunderbolt" },
        "west":  { "uv": [ 15.5, 0.5, 15.5625, 6 ], "texture": "#thunderbolt" },
        "east":  { "uv": [ 15.5, 0.5, 15.5625, 6 ], "texture": "#thunderbolt" }
    }
},
{
    "from": [ 5, 11.25, 8.25 ],
    "to": [ 11.25, 15, 8.3125 ],
    "faces": {
        "down":  { "uv": [ 4.25, 1, 10, 1.0625 ], "texture": "#thunderbolt" },
        "up":    { "uv": [ 4.25, 1, 10, 1.0625 ], "texture": "#thunderbolt" },
        "north": { "uv": [ 0, 2, 16, 14.5 ], "texture": "#thunderbolt" },
        "south": { "uv": [ 0, 2, 16, 14.5 ], "texture": "#thunderbolt" },
        "west":  { "uv": [ 15.5, 0.5, 15.5625, 6 ], "texture": "#thunderbolt" },
        "east":  { "uv": [ 15.5, 0.5, 15.5625, 6 ], "texture": "#thunderbolt" }
    }
}
],
"display": {
    "thirdperson_righthand": {
        "rotation": [ 180, -90, 180 ],
        "translation": [ 0.56, -1.7, 2.83 ],
        "scale": [ 2, 2, 2 ]
    },
    "thirdperson_lefthand": {
        "rotation": [ 180, -90, 180 ],
        "translation": [ 0, -1.7, 0.94 ],
        "scale": [ 2, 2, 2 ]
    },
    "head": {
        "rotation": [ 0, 0, 0 ],
        "translation": [ 0.4, 0, -0.9 ],
        "scale": [ 1.61, 1.61, 1.61 ]
    },
    "ground": {
        "rotation": [ -71, 0, 0 ],
        "translation": [ 0, 4.91, 0 ],
        "scale": [ 0.88, 0.88, 0.88 ]
    },
    "fixed": {
        "rotation": [ -3, 0, -45 ],
        "translation": [ 0.76, -0.19, -0.94 ],
        "scale": [ 1.04, 1.04, 1.04 ]
    },
    "firstperson_righthand": {
        "rotation": [ -1, -86, 13 ],
        "translation": [ -0.38, 0.38, 1.51 ],
        "scale": [ 1.4, 1.4, 1.4 ]
    },
    "firstperson_lefthand": {
        "rotation": [ -1, -86, 13 ],
        "translation": [ -1.32, 0, -0.19 ],
        "scale": [ 1.4, 1.4, 1.4 ]
    },
    "gui": {
        "rotation": [ 24, -4, 45 ],
        "translation": [ 0, 0.57, -4.91 ],
        "scale": [ 0.91, 0.91, 0.91 ]
    }
}
}