{
    "parent": "item/wynn/wand_earth_1",
    "display": {
		"firstperson_righthand": {
            "rotation": [ 0, -90, 0 ],
            "translation": [ 0, 0, 1 ],
            "scale": [ 0.8, 0.8, 0.8 ]
		},
        "thirdperson_righthand": {
            "rotation": [ 10, -90, 0 ],
            "translation": [ 0.2, -1, 2 ],
            "scale": [ 0.95, 0.95, 0.95 ]
		},
		"gui": {
			"rotation": [ 45, 25, -45 ],
			"translation": [ 0, 0, 0 ],
			"scale": [ 0.7, 0.7, 0.7 ]
		},
        "ground": {
            "rotation": [ 0, 0, 0 ],
            "translation": [ 0, 4, 0 ],
            "scale": [ 0.5, 0.5, 0.5 ]
        }
    }
}
