{
    "parent": "item/wynn/wand_air_2",
    "display": {
		"firstperson_righthand": {
            "rotation": [ 0, 120, 0 ],
            "translation": [ 0, -3, 0 ],
            "scale": [ 0.7, 0.7, 0.7 ]
		},
        "thirdperson_righthand": {
            "rotation": [ 10, 0, 0 ],
            "translation": [ -0.2, -4, 2 ],
            "scale": [ 0.85, 0.85, 0.85 ]
		},
		"gui": {
			"rotation": [ 45, 25, -45 ],
			"translation": [ 0, -2, 0 ],
			"scale": [ 0.5, 0.5, 0.5 ]
		},
        "ground": {
            "rotation": [ 0, 0, 0 ],
            "translation": [ 0, 4, 0 ],
            "scale": [ 0.5, 0.5, 0.5 ]
        }
    }
}
