{
    "parent": "item/wynn/wand_thunder_1",
    "display": {
		"firstperson_righthand": {
            "rotation": [ -5, 0, 0 ],
            "translation": [ 2, 4, 0 ],
            "scale": [ 0.7, 0.7, 0.7 ]
		},
        "thirdperson_righthand": {
            "rotation": [ 10, 0, 0 ],
            "translation": [ -0.5, 5, 2.5 ],
            "scale": [ 0.9, 0.9, 0.9 ]
		},
		"gui": {
			"rotation": [ 45, 25, -45 ],
			"translation": [ 1, 1, 0 ],
			"scale": [ 0.7, 0.7, 0.7 ]
		},
        "ground": {
            "rotation": [ 0, 0, 0 ],
            "translation": [ 0, 4, 0 ],
            "scale": [ 0.5, 0.5, 0.5 ]
        }
    }
}
