{
	"__createdwith": "opl's Model Creator",
	"ambientocclusion": false,
	"textures": {
		"texture": "wynn/quest_book"
	},
	"elements": [
		{
			"from": [7,2,3],
			"to": [9,2.25,13],
			"faces": {
				"up": {
					"uv": [7,0,8,5],
					"texture": "#texture"
				},
				"down": {
					"uv": [7,5,6,0],
					"texture": "#texture"
				},
				"west": {
					"uv": [6,0,6.25,5],
					"texture": "#texture",
					"rotation": 90
				},
				"east": {
					"uv": [7,0,6.75,5],
					"texture": "#texture",
					"rotation": 90
				},
				"north": {
					"uv": [6,4.75,7,5],
					"texture": "#texture"
				},
				"south": {
					"uv": [6,0,7,0.25],
					"texture": "#texture"
				}
			}
		},
		{
			"from": [9,2.25,3],
			"to": [9.25,8.25,13],
			"rotation": { "origin": [ 9, 2.25, 3 ], "axis": "z", "angle": -45, "rescale": false },
			"faces": {
				"up": {
					"uv": [5.5,0,5.625,5],
					"texture": "#texture"
				},
				"down": {
					"uv": [6.875,5,7,0],
					"texture": "#texture"
				},
				"west": {
					"uv": [0,0,3,5],
					"texture": "#texture",
					"rotation": 90
				},
				"east": {
					"uv": [6,0,3,5],
					"texture": "#texture",
					"rotation": 90
				},
				"north": {
					"uv": [5.5,0,7,0.25],
					"texture": "#texture",
					"rotation": 90
				},
				"south": {
					"uv": [5.5,4.75,7,5],
					"texture": "#texture",
					"rotation": 90
				}
			}
		},
		{
			"from": [6.75,2.25,3],
			"to": [7,8.25,13],
			"rotation": { "origin": [ 7, 2.25, 3 ], "axis": "z", "angle": 45, "rescale": false },
			"faces": {
				"up": {
					"uv": [5.5,0,5.625,5],
					"texture": "#texture"
				},
				"down": {
					"uv": [6.875,5,7,0],
					"texture": "#texture"
				},
				"west": {
					"uv": [6,5,3,0],
					"texture": "#texture",
					"rotation": 90
				},
				"east": {
					"uv": [0,0,3,5],
					"texture": "#texture",
					"rotation": 90
				},
				"north": {
					"uv": [5.5,0,7,0.25],
					"texture": "#texture",
					"rotation": 90
				},
				"south": {
					"uv": [5.5,4.75,7,5],
					"texture": "#texture",
					"rotation": 90
				}
			}
		},
		{
			"from": [8,3,3.25],
			"to": [9.25,9,12.75],
			"rotation": { "origin": [ 8, 3, 3 ], "axis": "z", "angle": -45, "rescale": false },
			"faces": {
				"up": {
					"uv": [3,9.5,3.5,5.5],
					"texture": "#texture"
				},
				"down": {
					"uv": [0,5.5,0.5,9.5],
					"texture": "#texture"
				},
				"west": {
					"uv": [3.5,5.5,6,9.5],
					"texture": "#texture",
					"rotation": 90
				},
				"north": {
					"uv": [3,5,0.5,5.5],
					"texture": "#texture",
					"rotation": 90
				},
				"south": {
					"uv": [0.5,5,3,5.5],
					"texture": "#texture",
					"rotation": 270
				}
			}
		},
		{
			"from": [6.75,3,3.25],
			"to": [8,9,12.75],
			"rotation": { "origin": [ 8, 3, 3 ], "axis": "z", "angle": 45, "rescale": false },
			"faces": {
				"up": {
					"uv": [3.5,5.5,3,9.5],
					"texture": "#texture"
				},
				"down": {
					"uv": [0,5.5,0.5,9.5],
					"texture": "#texture"
				},
				"east": {
					"uv": [0.5,9.5,3,5.5],
					"texture": "#texture",
					"rotation": 270
				},
				"north": {
					"uv": [0.5,5,3,5.5],
					"texture": "#texture",
					"rotation": 90
				},
				"south": {
					"uv": [0.5,5,3,5.5],
					"texture": "#texture",
					"rotation": 270
				}
			}
		}
	],
	"display": {
		"thirdperson_righthand": {
    	    "rotation": [ 77, 0, 9 ],
    	    "translation": [ -1.32, 4.54, 4.16 ],
    	    "scale": [ 1, 1, 1 ]
    	},
    	"thirdperson_lefthand": {
    	    "rotation": [ 77, 0, 9 ],
    	    "translation": [ -1.32, 4.54, 4.16 ],
    	    "scale": [ 1, 1, 1 ]
    	},
    	"ground": {
    	    "rotation": [ 0, 0, 0 ],
    	    "translation": [ 0, 4, 0 ],
    	    "scale": [ 0.375, 0.375, 0.375 ]
    	},
    	"firstperson_righthand": {
    	    "rotation": [ 55, 0, 9 ],
    	    "translation": [ 0, 3.02, -2.27 ],
    	    "scale": [ 1, 1, 1 ]
    	},
    	"firstperson_lefthand": {
    	    "rotation": [ 55, 0, 9 ],
    	    "translation": [ 0, 3.02, -2.27 ],
    	    "scale": [ 1, 1, 1 ]
    	},
		"gui": {
			"rotation": [ 120, -90, 0 ],
			"translation": [ 0, 0, 0 ],
			"scale": [ 0, 0, 0 ]
		}
	}
}