{
"__comment": "Designed by MasterianoX",
"textures": {
    "particle": "wynn/weapons/sets/food_set_1/swordfish_sword",
    "texture": "wynn/weapons/sets/food_set_1/swordfish_sword"
},
"elements": [ 
{
    "from": [ 4.5, 7.5, 6.875 ],
    "to": [ 14, 8, 9.125 ],
    "faces": {
        "down":  { "uv": [ 4.5, 8.5, 14, 8 ], "texture": "#texture" },
        "up":    { "uv": [ 4.5, 8, 14, 8.5 ], "texture": "#texture" },
        "north": { "uv": [ 14, 8, 4.5, 8.5 ], "texture": "#texture" },
        "south": { "uv": [ 4.5, 8, 14, 8.5 ], "texture": "#texture" },
        "west":  { "uv": [ 4.5, 8, 5, 8.5 ], "texture": "#texture" },
        "east":  { "uv": [ 14, 8, 13.5, 8.5 ], "texture": "#texture" }
    }
},
{
    "from": [ 5, 7, 6.875 ],
    "to": [ 13, 7.5, 9.125 ],
    "faces": {
        "down":  { "uv": [ 5, 9, 13, 8.5 ], "texture": "#texture" },
        "up":    { "uv": [ 5, 8.5, 13, 9 ], "texture": "#texture" },
        "north": { "uv": [ 13, 8.5, 5, 9 ], "texture": "#texture" },
        "south": { "uv": [ 5, 8.5, 13, 9 ], "texture": "#texture" },
        "west":  { "uv": [ 5, 8.5, 5.5, 9 ], "texture": "#texture" },
        "east":  { "uv": [ 13, 8.5, 12.5, 9 ], "texture": "#texture" }
    }
},
{
    "from": [ 5.5, 6.5, 6.875 ],
    "to": [ 10.5, 7, 9.125 ],
    "faces": {
        "down":  { "uv": [ 5.5, 9.5, 10.5, 9 ], "texture": "#texture" },
        "up":    { "uv": [ 5.5, 9, 10.5, 9.5 ], "texture": "#texture" },
        "north": { "uv": [ 10.5, 9, 5.5, 9.5 ], "texture": "#texture" },
        "south": { "uv": [ 5.5, 9, 10.5, 9.5 ], "texture": "#texture" },
        "west":  { "uv": [ 5.5, 9, 6, 9.5 ], "texture": "#texture" },
        "east":  { "uv": [ 10.5, 9, 10, 9.5 ], "texture": "#texture" }
    }
},
{
    "from": [ 6, 8, 6.875 ],
    "to": [ 11.5, 8.5, 9.125 ],
    "faces": {
        "down":  { "uv": [ 6, 8, 11.5, 7.5 ], "texture": "#texture" },
        "up":    { "uv": [ 6, 7.5, 11.5, 8 ], "texture": "#texture" },
        "north": { "uv": [ 11.5, 7.5, 6, 8 ], "texture": "#texture" },
        "south": { "uv": [ 6, 7.5, 11.5, 8 ], "texture": "#texture" },
        "west":  { "uv": [ 6, 7.5, 6.5, 8 ], "texture": "#texture" },
        "east":  { "uv": [ 11.5, 7.5, 11, 8 ], "texture": "#texture" }
    }
},
{
    "from": [ 6.5, 8.5, 6.875 ],
    "to": [ 8, 9, 9.125 ],
    "faces": {
        "down":  { "uv": [ 6.5, 7.5, 8, 7 ], "texture": "#texture" },
        "up":    { "uv": [ 6.5, 7, 8, 7.5 ], "texture": "#texture" },
        "north": { "uv": [ 8, 7, 6.5, 7.5 ], "texture": "#texture" },
        "south": { "uv": [ 6.5, 7, 8, 7.5 ], "texture": "#texture" },
        "west":  { "uv": [ 6.5, 7, 7, 7.5 ], "texture": "#texture" },
        "east":  { "uv": [ 8, 7, 7.5, 7.5 ], "texture": "#texture" }
    }
},
{
    "from": [ 6.5, 6, 6.875 ],
    "to": [ 7, 6.5, 9.125 ],
    "faces": {
        "down":  { "uv": [ 6.5, 10, 7, 9.5 ], "texture": "#texture" },
        "up":    { "uv": [ 6.5, 9.5, 7, 10 ], "texture": "#texture" },
        "north": { "uv": [ 7, 9.5, 6.5, 10 ], "texture": "#texture" },
        "south": { "uv": [ 6.5, 9.5, 7, 10 ], "texture": "#texture" },
        "west":  { "uv": [ 6.5, 9.5, 7, 10 ], "texture": "#texture" },
        "east":  { "uv": [ 7, 9.5, 6.5, 10 ], "texture": "#texture" }
    }
},
{
    "from": [ 7, 9, 6.875 ],
    "to": [ 7.5, 9.5, 9.125 ],
    "faces": {
        "down":  { "uv": [ 7, 7, 7.5, 6.5 ], "texture": "#texture" },
        "up":    { "uv": [ 7, 6.5, 7.5, 7 ], "texture": "#texture" },
        "north": { "uv": [ 7.5, 6.5, 7, 7 ], "texture": "#texture" },
        "south": { "uv": [ 7, 6.5, 7.5, 7 ], "texture": "#texture" },
        "west":  { "uv": [ 7, 6.5, 7.5, 7 ], "texture": "#texture" },
        "east":  { "uv": [ 7.5, 6.5, 7, 7 ], "texture": "#texture" }
    }
},
{
    "from": [ 3.5, 7.5, 7.125 ],
    "to": [ 14.5, 8, 8.875 ],
    "faces": {
        "down":  { "uv": [ 3.5, 8.5, 14.5, 8 ], "texture": "#texture" },
        "up":    { "uv": [ 3.5, 8, 14.5, 8.5 ], "texture": "#texture" },
        "north": { "uv": [ 14.5, 8, 3.5, 8.5 ], "texture": "#texture" },
        "south": { "uv": [ 3.5, 8, 14.5, 8.5 ], "texture": "#texture" },
        "west":  { "uv": [ 3.5, 8, 4, 8.5 ], "texture": "#texture" },
        "east":  { "uv": [ 14.5, 8, 14, 8.5 ], "texture": "#texture" }
    }
},
{
    "from": [ 4, 6.5, 7.125 ],
    "to": [ 13, 7, 8.875 ],
    "faces": {
        "down":  { "uv": [ 4, 9.5, 13, 9 ], "texture": "#texture" },
        "up":    { "uv": [ 4, 9, 13, 9.5 ], "texture": "#texture" },
        "north": { "uv": [ 13, 9, 4, 9.5 ], "texture": "#texture" },
        "south": { "uv": [ 4, 9, 13, 9.5 ], "texture": "#texture" },
        "west":  { "uv": [ 4, 9, 4.5, 9.5 ], "texture": "#texture" },
        "east":  { "uv": [ 13, 9, 12.5, 9.5 ], "texture": "#texture" }
    }
},
{
    "from": [ 4.5, 8, 7.125 ],
    "to": [ 14, 8.5, 8.875 ],
    "faces": {
        "down":  { "uv": [ 4.5, 8, 14, 7.5 ], "texture": "#texture" },
        "up":    { "uv": [ 4.5, 7.5, 14, 8 ], "texture": "#texture" },
        "north": { "uv": [ 14, 7.5, 4.5, 8 ], "texture": "#texture" },
        "south": { "uv": [ 4.5, 7.5, 14, 8 ], "texture": "#texture" },
        "west":  { "uv": [ 4.5, 7.5, 5, 8 ], "texture": "#texture" },
        "east":  { "uv": [ 14, 7.5, 13.5, 8 ], "texture": "#texture" }
    }
},
{
    "from": [ 4.5, 7, 7.125 ],
    "to": [ 15, 7.5, 8.875 ],
    "faces": {
        "down":  { "uv": [ 4.5, 9, 15, 8.5 ], "texture": "#texture" },
        "up":    { "uv": [ 4.5, 8.5, 15, 9 ], "texture": "#texture" },
        "north": { "uv": [ 15, 8.5, 4.5, 9 ], "texture": "#texture" },
        "south": { "uv": [ 4.5, 8.5, 15, 9 ], "texture": "#texture" },
        "west":  { "uv": [ 4.5, 8.5, 5, 9 ], "texture": "#texture" },
        "east":  { "uv": [ 15, 8.5, 14.5, 9 ], "texture": "#texture" }
    }
},
{
    "from": [ 5.5, 6, 7.125 ],
    "to": [ 10.5, 6.5, 8.875 ],
    "faces": {
        "down":  { "uv": [ 5.5, 10, 10.5, 9.5 ], "texture": "#texture" },
        "up":    { "uv": [ 5.5, 9.5, 10.5, 10 ], "texture": "#texture" },
        "north": { "uv": [ 10.5, 9.5, 5.5, 10 ], "texture": "#texture" },
        "south": { "uv": [ 5.5, 9.5, 10.5, 10 ], "texture": "#texture" },
        "west":  { "uv": [ 5.5, 9.5, 6, 10 ], "texture": "#texture" },
        "east":  { "uv": [ 10.5, 9.5, 10, 10 ], "texture": "#texture" }
    }
},
{
    "from": [ 6, 8.5, 7.125 ],
    "to": [ 11.5, 9, 8.875 ],
    "faces": {
        "down":  { "uv": [ 6, 7.5, 11.5, 7 ], "texture": "#texture" },
        "up":    { "uv": [ 6, 7, 11.5, 7.5 ], "texture": "#texture" },
        "north": { "uv": [ 11.5, 7, 6, 7.5 ], "texture": "#texture" },
        "south": { "uv": [ 6, 7, 11.5, 7.5 ], "texture": "#texture" },
        "west":  { "uv": [ 6, 7, 6.5, 7.5 ], "texture": "#texture" },
        "east":  { "uv": [ 11.5, 7, 11, 7.5 ], "texture": "#texture" }
    }
},
{
    "from": [ 6.5, 9, 7.125 ],
    "to": [ 7.5, 11, 8.875 ],
    "faces": {
        "down":  { "uv": [ 6.5, 7, 7.5, 6.5 ], "texture": "#texture" },
        "up":    { "uv": [ 6.5, 5, 7.5, 5.5 ], "texture": "#texture" },
        "north": { "uv": [ 7.5, 5, 6.5, 7 ], "texture": "#texture" },
        "south": { "uv": [ 6.5, 5, 7.5, 7 ], "texture": "#texture" },
        "west":  { "uv": [ 6.5, 5, 7, 7 ], "texture": "#texture" },
        "east":  { "uv": [ 7.5, 5, 7, 7 ], "texture": "#texture" }
    }
},
{
    "from": [ 6.5, 5.5, 7.5 ],
    "to": [ 7, 6, 8.5 ],
    "faces": {
        "down":  { "uv": [ 6.5, 10.5, 7, 10 ], "texture": "#texture" },
        "up":    { "uv": [ 6.5, 10, 7, 10.5 ], "texture": "#texture" },
        "north": { "uv": [ 7, 10, 6.5, 10.5 ], "texture": "#texture" },
        "south": { "uv": [ 6.5, 10, 7, 10.5 ], "texture": "#texture" },
        "west":  { "uv": [ 6.5, 10, 7, 10.5 ], "texture": "#texture" },
        "east":  { "uv": [ 7, 10, 6.5, 10.5 ], "texture": "#texture" }
    }
},
{
    "from": [ 7.5, 9, 7.125 ],
    "to": [ 8, 9.5, 8.875 ],
    "faces": {
        "down":  { "uv": [ 7.5, 7, 8, 6.5 ], "texture": "#texture" },
        "up":    { "uv": [ 7.5, 6.5, 8, 7 ], "texture": "#texture" },
        "north": { "uv": [ 8, 6.5, 7.5, 7 ], "texture": "#texture" },
        "south": { "uv": [ 7.5, 6.5, 8, 7 ], "texture": "#texture" },
        "west":  { "uv": [ 7.5, 6.5, 8, 7 ], "texture": "#texture" },
        "east":  { "uv": [ 8, 6.5, 7.5, 7 ], "texture": "#texture" }
    }
},
{
    "from": [ 14, 8.5, 7.125 ],
    "to": [ 14.5, 9, 8.875 ],
    "faces": {
        "down":  { "uv": [ 14, 7.5, 14.5, 7 ], "texture": "#texture" },
        "up":    { "uv": [ 14, 7, 14.5, 7.5 ], "texture": "#texture" },
        "north": { "uv": [ 14.5, 7, 14, 7.5 ], "texture": "#texture" },
        "south": { "uv": [ 14, 7, 14.5, 7.5 ], "texture": "#texture" },
        "west":  { "uv": [ 14, 7, 14.5, 7.5 ], "texture": "#texture" },
        "east":  { "uv": [ 14.5, 7, 14, 7.5 ], "texture": "#texture" }
    }
},
{
    "from": [ 14.5, 9, 7.125 ],
    "to": [ 15, 10, 8.875 ],
    "faces": {
        "down":  { "uv": [ 14.5, 7, 15, 6.5 ], "texture": "#texture" },
        "up":    { "uv": [ 14.5, 6, 15, 6.5 ], "texture": "#texture" },
        "north": { "uv": [ 15, 6, 14.5, 7 ], "texture": "#texture" },
        "south": { "uv": [ 14.5, 6, 15, 7 ], "texture": "#texture" },
        "west":  { "uv": [ 14.5, 6, 15, 7 ], "texture": "#texture" },
        "east":  { "uv": [ 15, 6, 14.5, 7 ], "texture": "#texture" }
    }
},
{
    "from": [ 14.5, 6.5, 7.125 ],
    "to": [ 15, 7, 8.875 ],
    "faces": {
        "down":  { "uv": [ 14.5, 9.5, 15, 9 ], "texture": "#texture" },
        "up":    { "uv": [ 14.5, 9, 15, 9.5 ], "texture": "#texture" },
        "north": { "uv": [ 15, 9, 14.5, 9.5 ], "texture": "#texture" },
        "south": { "uv": [ 14.5, 9, 15, 9.5 ], "texture": "#texture" },
        "west":  { "uv": [ 14.5, 9, 15, 9.5 ], "texture": "#texture" },
        "east":  { "uv": [ 15, 9, 14.5, 9.5 ], "texture": "#texture" }
    }
},
{
    "from": [ 15, 10, 7.125 ],
    "to": [ 15.5, 11, 8.875 ],
    "faces": {
        "down":  { "uv": [ 15, 6, 15.5, 5.5 ], "texture": "#texture" },
        "up":    { "uv": [ 15, 5, 15.5, 5.5 ], "texture": "#texture" },
        "north": { "uv": [ 15.5, 5, 15, 6 ], "texture": "#texture" },
        "south": { "uv": [ 15, 5, 15.5, 6 ], "texture": "#texture" },
        "west":  { "uv": [ 15, 5, 15.5, 6 ], "texture": "#texture" },
        "east":  { "uv": [ 15.5, 5, 15, 6 ], "texture": "#texture" }
    }
},
{
    "from": [ 15, 5.5, 7.125 ],
    "to": [ 15.5, 6.5, 8.875 ],
    "faces": {
        "down":  { "uv": [ 15, 10.5, 15.5, 10 ], "texture": "#texture" },
        "up":    { "uv": [ 15, 9.5, 15.5, 10 ], "texture": "#texture" },
        "north": { "uv": [ 15.5, 9.5, 15, 10.5 ], "texture": "#texture" },
        "south": { "uv": [ 15, 9.5, 15.5, 10.5 ], "texture": "#texture" },
        "west":  { "uv": [ 15, 9.5, 15.5, 10.5 ], "texture": "#texture" },
        "east":  { "uv": [ 15.5, 9.5, 15, 10.5 ], "texture": "#texture" }
    }
},
{
    "from": [ 0, 7.5, 7.75 ],
    "to": [ 3, 8, 8.25 ],
    "faces": {
        "down":  { "uv": [ 3, 8, 0, 8.5 ], "texture": "#texture" },
        "up":    { "uv": [ 0, 8, 3, 8.5 ], "texture": "#texture" },
        "north": { "uv": [ 3, 8, 0, 8.5 ], "texture": "#texture" },
        "south": { "uv": [ 0, 8, 3, 8.5 ], "texture": "#texture" },
        "west":  { "uv": [ 0, 8, 0.5, 8.5 ], "texture": "#texture" },
        "east":  { "uv": [ 3, 8, 2.5, 8.5 ], "texture": "#texture" }
    }
},
{
    "from": [ 3, 8, 7.5 ],
    "to": [ 14.5, 8.5, 8.5 ],
    "faces": {
        "down":  { "uv": [ 3, 8, 14.5, 7.5 ], "texture": "#texture" },
        "up":    { "uv": [ 3, 7.5, 14.5, 8 ], "texture": "#texture" },
        "north": { "uv": [ 14.5, 7.5, 3, 8 ], "texture": "#texture" },
        "south": { "uv": [ 3, 7.5, 14.5, 8 ], "texture": "#texture" },
        "west":  { "uv": [ 3, 7.5, 3.5, 8 ], "texture": "#texture" },
        "east":  { "uv": [ 14.5, 7.5, 14, 8 ], "texture": "#texture" }
    }
},
{
    "from": [ 3.5, 6.5, 7.5 ],
    "to": [ 13, 7, 8.5 ],
    "faces": {
        "down":  { "uv": [ 3.5, 9.5, 13, 9 ], "texture": "#texture" },
        "up":    { "uv": [ 3.5, 9, 13, 9.5 ], "texture": "#texture" },
        "north": { "uv": [ 13, 9, 3.5, 9.5 ], "texture": "#texture" },
        "south": { "uv": [ 3.5, 9, 13, 9.5 ], "texture": "#texture" },
        "west":  { "uv": [ 3.5, 9, 4, 9.5 ], "texture": "#texture" },
        "east":  { "uv": [ 13, 9, 12.5, 9.5 ], "texture": "#texture" }
    }
},
{
    "from": [ 4, 7, 7.5 ],
    "to": [ 15.5, 7.5, 8.5 ],
    "faces": {
        "down":  { "uv": [ 4, 9, 15.5, 8.5 ], "texture": "#texture" },
        "up":    { "uv": [ 4, 8.5, 15.5, 9 ], "texture": "#texture" },
        "north": { "uv": [ 15.5, 8.5, 4, 9 ], "texture": "#texture" },
        "south": { "uv": [ 4, 8.5, 15.5, 9 ], "texture": "#texture" },
        "west":  { "uv": [ 4, 8.5, 4.5, 9 ], "texture": "#texture" },
        "east":  { "uv": [ 15.5, 8.5, 15, 9 ], "texture": "#texture" }
    }
},
{
    "from": [ 4.5, 8.5, 7.5 ],
    "to": [ 15, 9, 8.5 ],
    "faces": {
        "down":  { "uv": [ 4.5, 7.5, 15, 7 ], "texture": "#texture" },
        "up":    { "uv": [ 4.5, 7, 15, 7.5 ], "texture": "#texture" },
        "north": { "uv": [ 15, 7, 4.5, 7.5 ], "texture": "#texture" },
        "south": { "uv": [ 4.5, 7, 15, 7.5 ], "texture": "#texture" },
        "west":  { "uv": [ 4.5, 7, 5, 7.5 ], "texture": "#texture" },
        "east":  { "uv": [ 15, 7, 14.5, 7.5 ], "texture": "#texture" }
    }
},
{
    "from": [ 5.5, 6, 7.5 ],
    "to": [ 10.5, 6.5, 8.5 ],
    "faces": {
        "down":  { "uv": [ 5.5, 10, 10.5, 9.5 ], "texture": "#texture" },
        "up":    { "uv": [ 5.5, 9.5, 10.5, 10 ], "texture": "#texture" },
        "north": { "uv": [ 10.5, 9.5, 5.5, 10 ], "texture": "#texture" },
        "south": { "uv": [ 5.5, 9.5, 10.5, 10 ], "texture": "#texture" },
        "west":  { "uv": [ 5.5, 9.5, 6, 10 ], "texture": "#texture" },
        "east":  { "uv": [ 10.5, 9.5, 10, 10 ], "texture": "#texture" }
    }
},
{
    "from": [ 6, 9, 7.5 ],
    "to": [ 8, 11, 8.5 ],
    "faces": {
        "down":  { "uv": [ 6, 7, 8, 6.5 ], "texture": "#texture" },
        "up":    { "uv": [ 6, 5, 8, 5.5 ], "texture": "#texture" },
        "north": { "uv": [ 8, 5, 6, 7 ], "texture": "#texture" },
        "south": { "uv": [ 6, 5, 8, 7 ], "texture": "#texture" },
        "west":  { "uv": [ 6, 5, 6.5, 7 ], "texture": "#texture" },
        "east":  { "uv": [ 8, 5, 7.5, 7 ], "texture": "#texture" }
    }
},
{
    "from": [ 6.5, 11, 7.5 ],
    "to": [ 7.5, 12, 8.5 ],
    "faces": {
        "down":  { "uv": [ 6.5, 5, 7.5, 4.5 ], "texture": "#texture" },
        "up":    { "uv": [ 6.5, 4, 7.5, 4.5 ], "texture": "#texture" },
        "north": { "uv": [ 7.5, 4, 6.5, 5 ], "texture": "#texture" },
        "south": { "uv": [ 6.5, 4, 7.5, 5 ], "texture": "#texture" },
        "west":  { "uv": [ 6.5, 4, 7, 5 ], "texture": "#texture" },
        "east":  { "uv": [ 7.5, 4, 7, 5 ], "texture": "#texture" }
    }
},
{
    "from": [ 6.5, 4.5, 7.75 ],
    "to": [ 7.5, 6, 8.25 ],
    "faces": {
        "down":  { "uv": [ 6.5, 11.5, 7.5, 11 ], "texture": "#texture" },
        "up":    { "uv": [ 6.5, 10, 7.5, 10.5 ], "texture": "#texture" },
        "north": { "uv": [ 7.5, 10, 6.5, 11.5 ], "texture": "#texture" },
        "south": { "uv": [ 6.5, 10, 7.5, 11.5 ], "texture": "#texture" },
        "west":  { "uv": [ 6.5, 10, 7, 11.5 ], "texture": "#texture" },
        "east":  { "uv": [ 7.5, 10, 7, 11.5 ], "texture": "#texture" }
    }
},
{
    "from": [ 7, 12, 7.5 ],
    "to": [ 7.5, 12.5, 8.5 ],
    "faces": {
        "down":  { "uv": [ 7, 4, 7.5, 3.5 ], "texture": "#texture" },
        "up":    { "uv": [ 7, 3.5, 7.5, 4 ], "texture": "#texture" },
        "north": { "uv": [ 7.5, 3.5, 7, 4 ], "texture": "#texture" },
        "south": { "uv": [ 7, 3.5, 7.5, 4 ], "texture": "#texture" },
        "west":  { "uv": [ 7, 3.5, 7.5, 4 ], "texture": "#texture" },
        "east":  { "uv": [ 7.5, 3.5, 7, 4 ], "texture": "#texture" }
    }
},
{
    "from": [ 7, 4, 7.75 ],
    "to": [ 8, 4.5, 8.25 ],
    "faces": {
        "down":  { "uv": [ 7, 12, 8, 11.5 ], "texture": "#texture" },
        "up":    { "uv": [ 7, 11.5, 8, 12 ], "texture": "#texture" },
        "north": { "uv": [ 8, 11.5, 7, 12 ], "texture": "#texture" },
        "south": { "uv": [ 7, 11.5, 8, 12 ], "texture": "#texture" },
        "west":  { "uv": [ 7, 11.5, 7.5, 12 ], "texture": "#texture" },
        "east":  { "uv": [ 8, 11.5, 7.5, 12 ], "texture": "#texture" }
    }
},
{
    "from": [ 8, 9, 7.5 ],
    "to": [ 11.5, 9.5, 8.5 ],
    "faces": {
        "down":  { "uv": [ 8, 7, 11.5, 6.5 ], "texture": "#texture" },
        "up":    { "uv": [ 8, 6.5, 11.5, 7 ], "texture": "#texture" },
        "north": { "uv": [ 11.5, 6.5, 8, 7 ], "texture": "#texture" },
        "south": { "uv": [ 8, 6.5, 11.5, 7 ], "texture": "#texture" },
        "west":  { "uv": [ 8, 6.5, 8.5, 7 ], "texture": "#texture" },
        "east":  { "uv": [ 11.5, 6.5, 11, 7 ], "texture": "#texture" }
    }
},
{
    "from": [ 11.5, 5.5, 7.75 ],
    "to": [ 12.5, 6.5, 8.25 ],
    "faces": {
        "down":  { "uv": [ 11.5, 10.5, 12.5, 10 ], "texture": "#texture" },
        "up":    { "uv": [ 11.5, 9.5, 12.5, 10 ], "texture": "#texture" },
        "north": { "uv": [ 12.5, 9.5, 11.5, 10.5 ], "texture": "#texture" },
        "south": { "uv": [ 11.5, 9.5, 12.5, 10.5 ], "texture": "#texture" },
        "west":  { "uv": [ 11.5, 9.5, 12, 10.5 ], "texture": "#texture" },
        "east":  { "uv": [ 12.5, 9.5, 12, 10.5 ], "texture": "#texture" }
    }
},
{
    "from": [ 12, 4.5, 7.75 ],
    "to": [ 12.5, 5.5, 8.25 ],
    "faces": {
        "down":  { "uv": [ 12, 11.5, 12.5, 11 ], "texture": "#texture" },
        "up":    { "uv": [ 12, 10.5, 12.5, 11 ], "texture": "#texture" },
        "north": { "uv": [ 12.5, 10.5, 12, 11.5 ], "texture": "#texture" },
        "south": { "uv": [ 12, 10.5, 12.5, 11.5 ], "texture": "#texture" },
        "west":  { "uv": [ 12, 10.5, 12.5, 11.5 ], "texture": "#texture" },
        "east":  { "uv": [ 12.5, 10.5, 12, 11.5 ], "texture": "#texture" }
    }
},
{
    "from": [ 14, 9, 7.5 ],
    "to": [ 15.5, 10, 8.5 ],
    "faces": {
        "down":  { "uv": [ 14, 7, 15.5, 6.5 ], "texture": "#texture" },
        "up":    { "uv": [ 14, 6, 15.5, 6.5 ], "texture": "#texture" },
        "north": { "uv": [ 15.5, 6, 14, 7 ], "texture": "#texture" },
        "south": { "uv": [ 14, 6, 15.5, 7 ], "texture": "#texture" },
        "west":  { "uv": [ 14, 6, 14.5, 7 ], "texture": "#texture" },
        "east":  { "uv": [ 15.5, 6, 15, 7 ], "texture": "#texture" }
    }
},
{
    "from": [ 14, 6.5, 7.5 ],
    "to": [ 15.5, 7, 8.5 ],
    "faces": {
        "down":  { "uv": [ 14, 9.5, 15.5, 9 ], "texture": "#texture" },
        "up":    { "uv": [ 14, 9, 15.5, 9.5 ], "texture": "#texture" },
        "north": { "uv": [ 15.5, 9, 14, 9.5 ], "texture": "#texture" },
        "south": { "uv": [ 14, 9, 15.5, 9.5 ], "texture": "#texture" },
        "west":  { "uv": [ 14, 9, 14.5, 9.5 ], "texture": "#texture" },
        "east":  { "uv": [ 15.5, 9, 15, 9.5 ], "texture": "#texture" }
    }
},
{
    "from": [ 14.5, 10, 7.5 ],
    "to": [ 16, 11, 8.5 ],
    "faces": {
        "down":  { "uv": [ 14.5, 6, 16, 5.5 ], "texture": "#texture" },
        "up":    { "uv": [ 14.5, 5, 16, 5.5 ], "texture": "#texture" },
        "north": { "uv": [ 16, 5, 14.5, 6 ], "texture": "#texture" },
        "south": { "uv": [ 14.5, 5, 16, 6 ], "texture": "#texture" },
        "west":  { "uv": [ 14.5, 5, 15, 6 ], "texture": "#texture" },
        "east":  { "uv": [ 16, 5, 15.5, 6 ], "texture": "#texture" }
    }
},
{
    "from": [ 14.5, 5.5, 7.5 ],
    "to": [ 15.5, 6.5, 8.5 ],
    "faces": {
        "down":  { "uv": [ 14.5, 10.5, 15.5, 10 ], "texture": "#texture" },
        "up":    { "uv": [ 14.5, 9.5, 15.5, 10 ], "texture": "#texture" },
        "north": { "uv": [ 15.5, 9.5, 14.5, 10.5 ], "texture": "#texture" },
        "south": { "uv": [ 14.5, 9.5, 15.5, 10.5 ], "texture": "#texture" },
        "west":  { "uv": [ 14.5, 9.5, 15, 10.5 ], "texture": "#texture" },
        "east":  { "uv": [ 15.5, 9.5, 15, 10.5 ], "texture": "#texture" }
    }
},
{
    "from": [ 15, 11, 7.5 ],
    "to": [ 16, 11.5, 8.5 ],
    "faces": {
        "down":  { "uv": [ 15, 5, 16, 4.5 ], "texture": "#texture" },
        "up":    { "uv": [ 15, 4.5, 16, 5 ], "texture": "#texture" },
        "north": { "uv": [ 16, 4.5, 15, 5 ], "texture": "#texture" },
        "south": { "uv": [ 15, 4.5, 16, 5 ], "texture": "#texture" },
        "west":  { "uv": [ 15, 4.5, 15.5, 5 ], "texture": "#texture" },
        "east":  { "uv": [ 16, 4.5, 15.5, 5 ], "texture": "#texture" }
    }
},
{
    "from": [ 15, 5, 7.5 ],
    "to": [ 16, 5.5, 8.5 ],
    "faces": {
        "down":  { "uv": [ 15, 11, 16, 10.5 ], "texture": "#texture" },
        "up":    { "uv": [ 15, 10.5, 16, 11 ], "texture": "#texture" },
        "north": { "uv": [ 16, 10.5, 15, 11 ], "texture": "#texture" },
        "south": { "uv": [ 15, 10.5, 16, 11 ], "texture": "#texture" },
        "west":  { "uv": [ 15, 10.5, 15.5, 11 ], "texture": "#texture" },
        "east":  { "uv": [ 16, 10.5, 15.5, 11 ], "texture": "#texture" }
    }
},
{
    "from": [ 15.5, 5.5, 7.5 ],
    "to": [ 16, 6, 8.5 ],
    "faces": {
        "down":  { "uv": [ 15.5, 10.5, 16, 10 ], "texture": "#texture" },
        "up":    { "uv": [ 15.5, 10, 16, 10.5 ], "texture": "#texture" },
        "north": { "uv": [ 16, 10, 15.5, 10.5 ], "texture": "#texture" },
        "south": { "uv": [ 15.5, 10, 16, 10.5 ], "texture": "#texture" },
        "west":  { "uv": [ 15.5, 10, 16, 10.5 ], "texture": "#texture" },
        "east":  { "uv": [ 16, 10, 15.5, 10.5 ], "texture": "#texture" }
    }
},
{
    "from": [ -3, 7.5, 7.75 ],
    "to": [ 0, 8, 8.25 ],
    "faces": {
        "down":  { "uv": [ 9, 7.5, 12, 8 ], "texture": "#texture" },
        "up":    { "uv": [ 9, 7.5, 12, 8 ], "texture": "#texture" },
        "north": { "uv": [ 12, 7.5, 9, 8 ], "texture": "#texture" },
        "south": { "uv": [ 9, 7.5, 12, 8 ], "texture": "#texture" },
        "west":  { "uv": [ 9, 7.5, 9.5, 8 ], "texture": "#texture" },
        "east":  { "uv": [ 11.5, 7.5, 12, 8 ], "texture": "#texture" }
    }
},
{
    "from": [ 3, 7.5, 7.5 ],
    "to": [ 15, 8, 8.5 ],
    "faces": {
        "down":  { "uv": [ 3, 8, 15, 8.5 ], "texture": "#texture" },
        "up":    { "uv": [ 3, 8, 15, 8.5 ], "texture": "#texture" },
        "north": { "uv": [ 15, 8, 3, 8.5 ], "texture": "#texture" },
        "south": { "uv": [ 3, 8, 15, 8.5 ], "texture": "#texture" },
        "west":  { "uv": [ 3, 8, 3.5, 8.5 ], "texture": "#texture" },
        "east":  { "uv": [ 14.5, 8, 15, 8.5 ], "texture": "#texture" }
    }
}
],
"display": {
    "thirdperson_righthand": {
        "rotation": [ 0, -90, -90 ],
        "translation": [ 0, 4.54, 1.7 ],
        "scale": [ 1.5, 1.5, 1.5 ]
    },
    "thirdperson_lefthand": {
        "rotation": [ 0, 90, 90 ],
        "translation": [ 0, 4.54, 1.7 ],
        "scale": [ 1.5, 1.5, 1.5 ]
    },
    "ground": {
        "rotation": [ 0, 0, -45 ],
        "translation": [ 0, 3.21, 0 ],
        "scale": [ 0.5, 0.5, 0.5 ]
    },
    "fixed": {
        "rotation": [ 0, 0, -45 ],
        "translation": [ 0, 0, 0 ],
        "scale": [ 1, 1, 1 ]
    },
    "firstperson_righthand": {
        "rotation": [ 0, -85, -54 ],
        "translation": [ 0, 3.97, 1.7 ],
        "scale": [ 1, 1, 1 ]
    },
    "firstperson_lefthand": {
        "rotation": [ 0, 85, 54 ],
        "translation": [ 0, 3.97, 1.32 ],
        "scale": [ 1, 1, 1 ]
    },
    "gui": {
        "rotation": [ 0, 180, -45 ],
        "translation": [ 0, 0, 0 ],
        "scale": [ 1, 1, 1 ]
    }
}
}