{
"__comment": "Designed by MasterianoX",
"textures": {
    "particle": "wynn/weapons/sets/holy_set/holy_wand",
    "texture": "wynn/weapons/sets/holy_set/holy_wand"
},
"elements": [ 
{
    "from": [ 7, 18, 6.75 ],
    "to": [ 8.5, 19.5, 9.25 ],
    "faces": {
        "down":  { "uv": [ 7, 2.5, 8.5, 2 ], "texture": "#texture" },
        "up":    { "uv": [ 7, 1, 8.5, 1.5 ], "texture": "#texture" },
        "north": { "uv": [ 8.5, 1, 7, 2.5 ], "texture": "#texture" },
        "south": { "uv": [ 7, 1, 8.5, 2.5 ], "texture": "#texture" },
        "west":  { "uv": [ 7, 1, 7.5, 2.5 ], "texture": "#texture" },
        "east":  { "uv": [ 8.5, 1, 8, 2.5 ], "texture": "#texture" }
    }
},
{
    "from": [ 7, 1, 6.75 ],
    "to": [ 8.5, 2, 9.25 ],
    "faces": {
        "down":  { "uv": [ 10.5, 15, 12, 14.5 ], "texture": "#texture" },
        "up":    { "uv": [ 10.5, 14, 12, 14.5 ], "texture": "#texture" },
        "north": { "uv": [ 12, 14, 10.5, 15 ], "texture": "#texture" },
        "south": { "uv": [ 10.5, 14, 12, 15 ], "texture": "#texture" },
        "west":  { "uv": [ 10.5, 14, 11, 15 ], "texture": "#texture" },
        "east":  { "uv": [ 12, 14, 11.5, 15 ], "texture": "#texture" }
    }
},
{
    "from": [ 7.5, 5, 6.75 ],
    "to": [ 8, 5.5, 9.25 ],
    "faces": {
        "down":  { "uv": [ 11, 11, 11.5, 10.5 ], "texture": "#texture" },
        "up":    { "uv": [ 11, 10.5, 11.5, 11 ], "texture": "#texture" },
        "north": { "uv": [ 11.5, 10.5, 11, 11 ], "texture": "#texture" },
        "south": { "uv": [ 11, 10.5, 11.5, 11 ], "texture": "#texture" },
        "west":  { "uv": [ 11, 10.5, 11.5, 11 ], "texture": "#texture" },
        "east":  { "uv": [ 11.5, 10.5, 11, 11 ], "texture": "#texture" }
    }
},
{
    "from": [ 7.5, 2, 6.75 ],
    "to": [ 8, 2.5, 9.25 ],
    "faces": {
        "down":  { "uv": [ 11, 14, 11.5, 13.5 ], "texture": "#texture" },
        "up":    { "uv": [ 11, 13.5, 11.5, 14 ], "texture": "#texture" },
        "north": { "uv": [ 11.5, 13.5, 11, 14 ], "texture": "#texture" },
        "south": { "uv": [ 11, 13.5, 11.5, 14 ], "texture": "#texture" },
        "west":  { "uv": [ 11, 13.5, 11.5, 14 ], "texture": "#texture" },
        "east":  { "uv": [ 11.5, 13.5, 11, 14 ], "texture": "#texture" }
    }
},
{
    "from": [ 4.5, 18, 7.25 ],
    "to": [ 5, 18.5, 8.75 ],
    "faces": {
        "down":  { "uv": [ 4.5, 2.5, 5, 2 ], "texture": "#texture" },
        "up":    { "uv": [ 4.5, 2, 5, 2.5 ], "texture": "#texture" },
        "north": { "uv": [ 5, 2, 4.5, 2.5 ], "texture": "#texture" },
        "south": { "uv": [ 4.5, 2, 5, 2.5 ], "texture": "#texture" },
        "west":  { "uv": [ 4.5, 2, 5, 2.5 ], "texture": "#texture" },
        "east":  { "uv": [ 5, 2, 4.5, 2.5 ], "texture": "#texture" }
    }
},
{
    "from": [ 5, 18.5, 7 ],
    "to": [ 5.5, 19, 9 ],
    "faces": {
        "down":  { "uv": [ 5, 2, 5.5, 1.5 ], "texture": "#texture" },
        "up":    { "uv": [ 5, 1.5, 5.5, 2 ], "texture": "#texture" },
        "north": { "uv": [ 5.5, 1.5, 5, 2 ], "texture": "#texture" },
        "south": { "uv": [ 5, 1.5, 5.5, 2 ], "texture": "#texture" },
        "west":  { "uv": [ 5, 1.5, 5.5, 2 ], "texture": "#texture" },
        "east":  { "uv": [ 5.5, 1.5, 5, 2 ], "texture": "#texture" }
    }
},
{
    "from": [ 5, 17, 7 ],
    "to": [ 5.5, 18, 9 ],
    "faces": {
        "down":  { "uv": [ 5, 3.5, 5.5, 3 ], "texture": "#texture" },
        "up":    { "uv": [ 5, 2.5, 5.5, 3 ], "texture": "#texture" },
        "north": { "uv": [ 5.5, 2.5, 5, 3.5 ], "texture": "#texture" },
        "south": { "uv": [ 5, 2.5, 5.5, 3.5 ], "texture": "#texture" },
        "west":  { "uv": [ 5, 2.5, 5.5, 3.5 ], "texture": "#texture" },
        "east":  { "uv": [ 5.5, 2.5, 5, 3.5 ], "texture": "#texture" }
    }
},
{
    "from": [ 5.5, 16.5, 7 ],
    "to": [ 6, 17, 9 ],
    "faces": {
        "down":  { "uv": [ 5.5, 4, 6, 3.5 ], "texture": "#texture" },
        "up":    { "uv": [ 5.5, 3.5, 6, 4 ], "texture": "#texture" },
        "north": { "uv": [ 6, 3.5, 5.5, 4 ], "texture": "#texture" },
        "south": { "uv": [ 5.5, 3.5, 6, 4 ], "texture": "#texture" },
        "west":  { "uv": [ 5.5, 3.5, 6, 4 ], "texture": "#texture" },
        "east":  { "uv": [ 6, 3.5, 5.5, 4 ], "texture": "#texture" }
    }
},
{
    "from": [ 6, 16, 7 ],
    "to": [ 6.5, 16.5, 9 ],
    "faces": {
        "down":  { "uv": [ 6, 4.5, 6.5, 4 ], "texture": "#texture" },
        "up":    { "uv": [ 6, 4, 6.5, 4.5 ], "texture": "#texture" },
        "north": { "uv": [ 6.5, 4, 6, 4.5 ], "texture": "#texture" },
        "south": { "uv": [ 6, 4, 6.5, 4.5 ], "texture": "#texture" },
        "west":  { "uv": [ 6, 4, 6.5, 4.5 ], "texture": "#texture" },
        "east":  { "uv": [ 6.5, 4, 6, 4.5 ], "texture": "#texture" }
    }
},
{
    "from": [ 6.5, 17.5, 7 ],
    "to": [ 9, 20, 9 ],
    "faces": {
        "down":  { "uv": [ 6.5, 3, 9, 2.5 ], "texture": "#texture" },
        "up":    { "uv": [ 6.5, 0.5, 9, 1 ], "texture": "#texture" },
        "north": { "uv": [ 9, 0.5, 6.5, 3 ], "texture": "#texture" },
        "south": { "uv": [ 6.5, 0.5, 9, 3 ], "texture": "#texture" },
        "west":  { "uv": [ 6.5, 0.5, 7, 3 ], "texture": "#texture" },
        "east":  { "uv": [ 9, 0.5, 8.5, 3 ], "texture": "#texture" }
    }
},
{
    "from": [ 6.5, 15.5, 7 ],
    "to": [ 9, 16, 9 ],
    "faces": {
        "down":  { "uv": [ 6.5, 5, 9, 4.5 ], "texture": "#texture" },
        "up":    { "uv": [ 6.5, 4.5, 9, 5 ], "texture": "#texture" },
        "north": { "uv": [ 9, 4.5, 6.5, 5 ], "texture": "#texture" },
        "south": { "uv": [ 6.5, 4.5, 9, 5 ], "texture": "#texture" },
        "west":  { "uv": [ 6.5, 4.5, 7, 5 ], "texture": "#texture" },
        "east":  { "uv": [ 9, 4.5, 8.5, 5 ], "texture": "#texture" }
    }
},
{
    "from": [ 7, 17, 7 ],
    "to": [ 8.5, 17.5, 9 ],
    "faces": {
        "down":  { "uv": [ 7, 3.5, 8.5, 3 ], "texture": "#texture" },
        "up":    { "uv": [ 7, 3, 8.5, 3.5 ], "texture": "#texture" },
        "north": { "uv": [ 8.5, 3, 7, 3.5 ], "texture": "#texture" },
        "south": { "uv": [ 7, 3, 8.5, 3.5 ], "texture": "#texture" },
        "west":  { "uv": [ 7, 3, 7.5, 3.5 ], "texture": "#texture" },
        "east":  { "uv": [ 8.5, 3, 8, 3.5 ], "texture": "#texture" }
    }
},
{
    "from": [ 7, 15, 7 ],
    "to": [ 8.5, 15.5, 9 ],
    "faces": {
        "down":  { "uv": [ 7, 5.5, 8.5, 5 ], "texture": "#texture" },
        "up":    { "uv": [ 7, 5, 8.5, 5.5 ], "texture": "#texture" },
        "north": { "uv": [ 8.5, 5, 7, 5.5 ], "texture": "#texture" },
        "south": { "uv": [ 7, 5, 8.5, 5.5 ], "texture": "#texture" },
        "west":  { "uv": [ 7, 5, 7.5, 5.5 ], "texture": "#texture" },
        "east":  { "uv": [ 8.5, 5, 8, 5.5 ], "texture": "#texture" }
    }
},
{
    "from": [ 7, 12, 7 ],
    "to": [ 8.5, 12.5, 9 ],
    "faces": {
        "down":  { "uv": [ 7, 8.5, 8.5, 8 ], "texture": "#texture" },
        "up":    { "uv": [ 7, 8, 8.5, 8.5 ], "texture": "#texture" },
        "north": { "uv": [ 8.5, 8, 7, 8.5 ], "texture": "#texture" },
        "south": { "uv": [ 7, 8, 8.5, 8.5 ], "texture": "#texture" },
        "west":  { "uv": [ 7, 8, 7.5, 8.5 ], "texture": "#texture" },
        "east":  { "uv": [ 8.5, 8, 8, 8.5 ], "texture": "#texture" }
    }
},
{
    "from": [ 7.5, 16.5, 7 ],
    "to": [ 8, 17, 9 ],
    "faces": {
        "down":  { "uv": [ 7.5, 4, 8, 3.5 ], "texture": "#texture" },
        "up":    { "uv": [ 7.5, 3.5, 8, 4 ], "texture": "#texture" },
        "north": { "uv": [ 8, 3.5, 7.5, 4 ], "texture": "#texture" },
        "south": { "uv": [ 7.5, 3.5, 8, 4 ], "texture": "#texture" },
        "west":  { "uv": [ 7.5, 3.5, 8, 4 ], "texture": "#texture" },
        "east":  { "uv": [ 8, 3.5, 7.5, 4 ], "texture": "#texture" }
    }
},
{
    "from": [ 7.5, 12.5, 7.25 ],
    "to": [ 8, 15, 8.75 ],
    "faces": {
        "down":  { "uv": [ 7.5, 8, 8, 7.5 ], "texture": "#texture" },
        "up":    { "uv": [ 7.5, 5.5, 8, 6 ], "texture": "#texture" },
        "north": { "uv": [ 8, 5.5, 7.5, 8 ], "texture": "#texture" },
        "south": { "uv": [ 7.5, 5.5, 8, 8 ], "texture": "#texture" },
        "west":  { "uv": [ 7.5, 5.5, 8, 8 ], "texture": "#texture" },
        "east":  { "uv": [ 8, 5.5, 7.5, 8 ], "texture": "#texture" }
    }
},
{
    "from": [ 7.5, 11.5, 7 ],
    "to": [ 8, 12, 9 ],
    "faces": {
        "down":  { "uv": [ 7.5, 9, 8, 8.5 ], "texture": "#texture" },
        "up":    { "uv": [ 7.5, 8.5, 8, 9 ], "texture": "#texture" },
        "north": { "uv": [ 8, 8.5, 7.5, 9 ], "texture": "#texture" },
        "south": { "uv": [ 7.5, 8.5, 8, 9 ], "texture": "#texture" },
        "west":  { "uv": [ 7.5, 8.5, 8, 9 ], "texture": "#texture" },
        "east":  { "uv": [ 8, 8.5, 7.5, 9 ], "texture": "#texture" }
    }
},
{
    "from": [ 9, 16, 7 ],
    "to": [ 9.5, 16.5, 9 ],
    "faces": {
        "down":  { "uv": [ 9, 4.5, 9.5, 4 ], "texture": "#texture" },
        "up":    { "uv": [ 9, 4, 9.5, 4.5 ], "texture": "#texture" },
        "north": { "uv": [ 9.5, 4, 9, 4.5 ], "texture": "#texture" },
        "south": { "uv": [ 9, 4, 9.5, 4.5 ], "texture": "#texture" },
        "west":  { "uv": [ 9, 4, 9.5, 4.5 ], "texture": "#texture" },
        "east":  { "uv": [ 9.5, 4, 9, 4.5 ], "texture": "#texture" }
    }
},
{
    "from": [ 9.5, 16.5, 7 ],
    "to": [ 10, 17, 9 ],
    "faces": {
        "down":  { "uv": [ 9.5, 4, 10, 3.5 ], "texture": "#texture" },
        "up":    { "uv": [ 9.5, 3.5, 10, 4 ], "texture": "#texture" },
        "north": { "uv": [ 10, 3.5, 9.5, 4 ], "texture": "#texture" },
        "south": { "uv": [ 9.5, 3.5, 10, 4 ], "texture": "#texture" },
        "west":  { "uv": [ 9.5, 3.5, 10, 4 ], "texture": "#texture" },
        "east":  { "uv": [ 10, 3.5, 9.5, 4 ], "texture": "#texture" }
    }
},
{
    "from": [ 10, 18.5, 7 ],
    "to": [ 10.5, 19, 9 ],
    "faces": {
        "down":  { "uv": [ 10, 2, 10.5, 1.5 ], "texture": "#texture" },
        "up":    { "uv": [ 10, 1.5, 10.5, 2 ], "texture": "#texture" },
        "north": { "uv": [ 10.5, 1.5, 10, 2 ], "texture": "#texture" },
        "south": { "uv": [ 10, 1.5, 10.5, 2 ], "texture": "#texture" },
        "west":  { "uv": [ 10, 1.5, 10.5, 2 ], "texture": "#texture" },
        "east":  { "uv": [ 10.5, 1.5, 10, 2 ], "texture": "#texture" }
    }
},
{
    "from": [ 10, 17, 7 ],
    "to": [ 10.5, 18, 9 ],
    "faces": {
        "down":  { "uv": [ 10, 3.5, 10.5, 3 ], "texture": "#texture" },
        "up":    { "uv": [ 10, 2.5, 10.5, 3 ], "texture": "#texture" },
        "north": { "uv": [ 10.5, 2.5, 10, 3.5 ], "texture": "#texture" },
        "south": { "uv": [ 10, 2.5, 10.5, 3.5 ], "texture": "#texture" },
        "west":  { "uv": [ 10, 2.5, 10.5, 3.5 ], "texture": "#texture" },
        "east":  { "uv": [ 10.5, 2.5, 10, 3.5 ], "texture": "#texture" }
    }
},
{
    "from": [ 6.5, 0.5, 7 ],
    "to": [ 9, 2.5, 9 ],
    "faces": {
        "down":  { "uv": [ 10, 15.5, 12.5, 15 ], "texture": "#texture" },
        "up":    { "uv": [ 10, 13.5, 12.5, 14 ], "texture": "#texture" },
        "north": { "uv": [ 12.5, 13.5, 10, 15.5 ], "texture": "#texture" },
        "south": { "uv": [ 10, 13.5, 12.5, 15.5 ], "texture": "#texture" },
        "west":  { "uv": [ 10, 13.5, 10.5, 15.5 ], "texture": "#texture" },
        "east":  { "uv": [ 12.5, 13.5, 12, 15.5 ], "texture": "#texture" }
    }
},
{
    "from": [ 10.5, 18, 7.25 ],
    "to": [ 11, 18.5, 8.75 ],
    "faces": {
        "down":  { "uv": [ 10.5, 2.5, 11, 2 ], "texture": "#texture" },
        "up":    { "uv": [ 10.5, 2, 11, 2.5 ], "texture": "#texture" },
        "north": { "uv": [ 11, 2, 10.5, 2.5 ], "texture": "#texture" },
        "south": { "uv": [ 10.5, 2, 11, 2.5 ], "texture": "#texture" },
        "west":  { "uv": [ 10.5, 2, 11, 2.5 ], "texture": "#texture" },
        "east":  { "uv": [ 11, 2, 10.5, 2.5 ], "texture": "#texture" }
    }
},
{
    "from": [ 7, 5, 7 ],
    "to": [ 8.5, 6.5, 9 ],
    "faces": {
        "down":  { "uv": [ 10.5, 11, 12, 10.5 ], "texture": "#texture" },
        "up":    { "uv": [ 10.5, 9.5, 12, 10 ], "texture": "#texture" },
        "north": { "uv": [ 12, 9.5, 10.5, 11 ], "texture": "#texture" },
        "south": { "uv": [ 10.5, 9.5, 12, 11 ], "texture": "#texture" },
        "west":  { "uv": [ 10.5, 9.5, 11, 11 ], "texture": "#texture" },
        "east":  { "uv": [ 12, 9.5, 11.5, 11 ], "texture": "#texture" }
    }
},
{
    "from": [ 7, 2.5, 7 ],
    "to": [ 8.5, 3.5, 9 ],
    "faces": {
        "down":  { "uv": [ 10.5, 13.5, 12, 13 ], "texture": "#texture" },
        "up":    { "uv": [ 10.5, 12.5, 12, 13 ], "texture": "#texture" },
        "north": { "uv": [ 12, 12.5, 10.5, 13.5 ], "texture": "#texture" },
        "south": { "uv": [ 10.5, 12.5, 12, 13.5 ], "texture": "#texture" },
        "west":  { "uv": [ 10.5, 12.5, 11, 13.5 ], "texture": "#texture" },
        "east":  { "uv": [ 12, 12.5, 11.5, 13.5 ], "texture": "#texture" }
    }
},
{
    "from": [ 7.5, 3.5, 7 ],
    "to": [ 8, 5, 9 ],
    "faces": {
        "down":  { "uv": [ 11, 12.5, 11.5, 12 ], "texture": "#texture" },
        "up":    { "uv": [ 11, 11, 11.5, 11.5 ], "texture": "#texture" },
        "north": { "uv": [ 11.5, 11, 11, 12.5 ], "texture": "#texture" },
        "south": { "uv": [ 11, 11, 11.5, 12.5 ], "texture": "#texture" },
        "west":  { "uv": [ 11, 11, 11.5, 12.5 ], "texture": "#texture" },
        "east":  { "uv": [ 11.5, 11, 11, 12.5 ], "texture": "#texture" }
    }
},
{
    "from": [ 4, 18, 7.5 ],
    "to": [ 4.5, 19.5, 8.5 ],
    "faces": {
        "down":  { "uv": [ 4, 2.5, 4.5, 2 ], "texture": "#texture" },
        "up":    { "uv": [ 4, 1, 4.5, 1.5 ], "texture": "#texture" },
        "north": { "uv": [ 4.5, 1, 4, 2.5 ], "texture": "#texture" },
        "south": { "uv": [ 4, 1, 4.5, 2.5 ], "texture": "#texture" },
        "west":  { "uv": [ 4, 1, 4.5, 2.5 ], "texture": "#texture" },
        "east":  { "uv": [ 4.5, 1, 4, 2.5 ], "texture": "#texture" }
    }
},
{
    "from": [ 4.5, 16.5, 7.5 ],
    "to": [ 5, 19, 8.5 ],
    "faces": {
        "down":  { "uv": [ 4.5, 4, 5, 3.5 ], "texture": "#texture" },
        "up":    { "uv": [ 4.5, 1.5, 5, 2 ], "texture": "#texture" },
        "north": { "uv": [ 5, 1.5, 4.5, 4 ], "texture": "#texture" },
        "south": { "uv": [ 4.5, 1.5, 5, 4 ], "texture": "#texture" },
        "west":  { "uv": [ 4.5, 1.5, 5, 4 ], "texture": "#texture" },
        "east":  { "uv": [ 5, 1.5, 4.5, 4 ], "texture": "#texture" }
    }
},
{
    "from": [ 5, 17, 7.5 ],
    "to": [ 5.5, 19.5, 8.5 ],
    "faces": {
        "down":  { "uv": [ 5, 3.5, 5.5, 3 ], "texture": "#texture" },
        "up":    { "uv": [ 5, 1, 5.5, 1.5 ], "texture": "#texture" },
        "north": { "uv": [ 5.5, 1, 5, 3.5 ], "texture": "#texture" },
        "south": { "uv": [ 5, 1, 5.5, 3.5 ], "texture": "#texture" },
        "west":  { "uv": [ 5, 1, 5.5, 3.5 ], "texture": "#texture" },
        "east":  { "uv": [ 5.5, 1, 5, 3.5 ], "texture": "#texture" }
    }
},
{
    "from": [ 5, 16, 7.5 ],
    "to": [ 5.5, 16.5, 8.5 ],
    "faces": {
        "down":  { "uv": [ 5, 4.5, 5.5, 4 ], "texture": "#texture" },
        "up":    { "uv": [ 5, 4, 5.5, 4.5 ], "texture": "#texture" },
        "north": { "uv": [ 5.5, 4, 5, 4.5 ], "texture": "#texture" },
        "south": { "uv": [ 5, 4, 5.5, 4.5 ], "texture": "#texture" },
        "west":  { "uv": [ 5, 4, 5.5, 4.5 ], "texture": "#texture" },
        "east":  { "uv": [ 5.5, 4, 5, 4.5 ], "texture": "#texture" }
    }
},
{
    "from": [ 5.5, 18.5, 7.5 ],
    "to": [ 11.5, 19, 8.5 ],
    "faces": {
        "down":  { "uv": [ 5.5, 2, 11.5, 1.5 ], "texture": "#texture" },
        "up":    { "uv": [ 5.5, 1.5, 11.5, 2 ], "texture": "#texture" },
        "north": { "uv": [ 11.5, 1.5, 5.5, 2 ], "texture": "#texture" },
        "south": { "uv": [ 5.5, 1.5, 11.5, 2 ], "texture": "#texture" },
        "west":  { "uv": [ 5.5, 1.5, 6, 2 ], "texture": "#texture" },
        "east":  { "uv": [ 11.5, 1.5, 11, 2 ], "texture": "#texture" }
    }
},
{
    "from": [ 5.5, 16.5, 7.5 ],
    "to": [ 9, 17.5, 8.5 ],
    "faces": {
        "down":  { "uv": [ 5.5, 4, 9, 3.5 ], "texture": "#texture" },
        "up":    { "uv": [ 5.5, 3, 9, 3.5 ], "texture": "#texture" },
        "north": { "uv": [ 9, 3, 5.5, 4 ], "texture": "#texture" },
        "south": { "uv": [ 5.5, 3, 9, 4 ], "texture": "#texture" },
        "west":  { "uv": [ 5.5, 3, 6, 4 ], "texture": "#texture" },
        "east":  { "uv": [ 9, 3, 8.5, 4 ], "texture": "#texture" }
    }
},
{
    "from": [ 5.5, 15.5, 7.5 ],
    "to": [ 10, 16, 8.5 ],
    "faces": {
        "down":  { "uv": [ 5.5, 5, 10, 4.5 ], "texture": "#texture" },
        "up":    { "uv": [ 5.5, 4.5, 10, 5 ], "texture": "#texture" },
        "north": { "uv": [ 10, 4.5, 5.5, 5 ], "texture": "#texture" },
        "south": { "uv": [ 5.5, 4.5, 10, 5 ], "texture": "#texture" },
        "west":  { "uv": [ 5.5, 4.5, 6, 5 ], "texture": "#texture" },
        "east":  { "uv": [ 10, 4.5, 9.5, 5 ], "texture": "#texture" }
    }
},
{
    "from": [ 6, 19, 7.5 ],
    "to": [ 9.5, 20, 8.5 ],
    "faces": {
        "down":  { "uv": [ 6, 1.5, 9.5, 1 ], "texture": "#texture" },
        "up":    { "uv": [ 6, 0.5, 9.5, 1 ], "texture": "#texture" },
        "north": { "uv": [ 9.5, 0.5, 6, 1.5 ], "texture": "#texture" },
        "south": { "uv": [ 6, 0.5, 9.5, 1.5 ], "texture": "#texture" },
        "west":  { "uv": [ 6, 0.5, 6.5, 1.5 ], "texture": "#texture" },
        "east":  { "uv": [ 9.5, 0.5, 9, 1.5 ], "texture": "#texture" }
    }
},
{
    "from": [ 6, 18, 7.5 ],
    "to": [ 9.5, 18.5, 8.5 ],
    "faces": {
        "down":  { "uv": [ 6, 2.5, 9.5, 2 ], "texture": "#texture" },
        "up":    { "uv": [ 6, 2, 9.5, 2.5 ], "texture": "#texture" },
        "north": { "uv": [ 9.5, 2, 6, 2.5 ], "texture": "#texture" },
        "south": { "uv": [ 6, 2, 9.5, 2.5 ], "texture": "#texture" },
        "west":  { "uv": [ 6, 2, 6.5, 2.5 ], "texture": "#texture" },
        "east":  { "uv": [ 9.5, 2, 9, 2.5 ], "texture": "#texture" }
    }
},
{
    "from": [ 6, 16, 7.5 ],
    "to": [ 6.5, 16.5, 8.5 ],
    "faces": {
        "down":  { "uv": [ 6, 4.5, 6.5, 4 ], "texture": "#texture" },
        "up":    { "uv": [ 6, 4, 6.5, 4.5 ], "texture": "#texture" },
        "north": { "uv": [ 6.5, 4, 6, 4.5 ], "texture": "#texture" },
        "south": { "uv": [ 6, 4, 6.5, 4.5 ], "texture": "#texture" },
        "west":  { "uv": [ 6, 4, 6.5, 4.5 ], "texture": "#texture" },
        "east":  { "uv": [ 6.5, 4, 6, 4.5 ], "texture": "#texture" }
    }
},
{
    "from": [ 6.5, 20, 7.5 ],
    "to": [ 9, 20.5, 8.5 ],
    "faces": {
        "down":  { "uv": [ 6.5, 0.5, 9, 0 ], "texture": "#texture" },
        "up":    { "uv": [ 6.5, 0, 9, 0.5 ], "texture": "#texture" },
        "north": { "uv": [ 9, 0, 6.5, 0.5 ], "texture": "#texture" },
        "south": { "uv": [ 6.5, 0, 9, 0.5 ], "texture": "#texture" },
        "west":  { "uv": [ 6.5, 0, 7, 0.5 ], "texture": "#texture" },
        "east":  { "uv": [ 9, 0, 8.5, 0.5 ], "texture": "#texture" }
    }
},
{
    "from": [ 6.5, 17.5, 7.5 ],
    "to": [ 9.5, 18, 8.5 ],
    "faces": {
        "down":  { "uv": [ 6.5, 3, 9.5, 2.5 ], "texture": "#texture" },
        "up":    { "uv": [ 6.5, 2.5, 9.5, 3 ], "texture": "#texture" },
        "north": { "uv": [ 9.5, 2.5, 6.5, 3 ], "texture": "#texture" },
        "south": { "uv": [ 6.5, 2.5, 9.5, 3 ], "texture": "#texture" },
        "west":  { "uv": [ 6.5, 2.5, 7, 3 ], "texture": "#texture" },
        "east":  { "uv": [ 9.5, 2.5, 9, 3 ], "texture": "#texture" }
    }
},
{
    "from": [ 6.5, 15, 7.5 ],
    "to": [ 9, 15.5, 8.5 ],
    "faces": {
        "down":  { "uv": [ 6.5, 5.5, 9, 5 ], "texture": "#texture" },
        "up":    { "uv": [ 6.5, 5, 9, 5.5 ], "texture": "#texture" },
        "north": { "uv": [ 9, 5, 6.5, 5.5 ], "texture": "#texture" },
        "south": { "uv": [ 6.5, 5, 9, 5.5 ], "texture": "#texture" },
        "west":  { "uv": [ 6.5, 5, 7, 5.5 ], "texture": "#texture" },
        "east":  { "uv": [ 9, 5, 8.5, 5.5 ], "texture": "#texture" }
    }
},
{
    "from": [ 6.5, 12, 7.5 ],
    "to": [ 9, 12.5, 8.5 ],
    "faces": {
        "down":  { "uv": [ 6.5, 8.5, 9, 8 ], "texture": "#texture" },
        "up":    { "uv": [ 6.5, 8, 9, 8.5 ], "texture": "#texture" },
        "north": { "uv": [ 9, 8, 6.5, 8.5 ], "texture": "#texture" },
        "south": { "uv": [ 6.5, 8, 9, 8.5 ], "texture": "#texture" },
        "west":  { "uv": [ 6.5, 8, 7, 8.5 ], "texture": "#texture" },
        "east":  { "uv": [ 9, 8, 8.5, 8.5 ], "texture": "#texture" }
    }
},
{
    "from": [ 7, 16, 7.5 ],
    "to": [ 8.5, 16.5, 8.5 ],
    "faces": {
        "down":  { "uv": [ 7, 4.5, 8.5, 4 ], "texture": "#texture" },
        "up":    { "uv": [ 7, 4, 8.5, 4.5 ], "texture": "#texture" },
        "north": { "uv": [ 8.5, 4, 7, 4.5 ], "texture": "#texture" },
        "south": { "uv": [ 7, 4, 8.5, 4.5 ], "texture": "#texture" },
        "west":  { "uv": [ 7, 4, 7.5, 4.5 ], "texture": "#texture" },
        "east":  { "uv": [ 8.5, 4, 8, 4.5 ], "texture": "#texture" }
    }
},
{
    "from": [ 7, 12.5, 7.5 ],
    "to": [ 8.5, 15, 8.5 ],
    "faces": {
        "down":  { "uv": [ 7, 8, 8.5, 7.5 ], "texture": "#texture" },
        "up":    { "uv": [ 7, 5.5, 8.5, 6 ], "texture": "#texture" },
        "north": { "uv": [ 8.5, 5.5, 7, 8 ], "texture": "#texture" },
        "south": { "uv": [ 7, 5.5, 8.5, 8 ], "texture": "#texture" },
        "west":  { "uv": [ 7, 5.5, 7.5, 8 ], "texture": "#texture" },
        "east":  { "uv": [ 8.5, 5.5, 8, 8 ], "texture": "#texture" }
    }
},
{
    "from": [ 7, 11.5, 7.5 ],
    "to": [ 8.5, 12, 8.5 ],
    "faces": {
        "down":  { "uv": [ 7, 9, 8.5, 8.5 ], "texture": "#texture" },
        "up":    { "uv": [ 7, 8.5, 8.5, 9 ], "texture": "#texture" },
        "north": { "uv": [ 8.5, 8.5, 7, 9 ], "texture": "#texture" },
        "south": { "uv": [ 7, 8.5, 8.5, 9 ], "texture": "#texture" },
        "west":  { "uv": [ 7, 8.5, 7.5, 9 ], "texture": "#texture" },
        "east":  { "uv": [ 8.5, 8.5, 8, 9 ], "texture": "#texture" }
    }
},
{
    "from": [ 9, 16, 7.5 ],
    "to": [ 9.5, 17, 8.5 ],
    "faces": {
        "down":  { "uv": [ 9, 4.5, 9.5, 4 ], "texture": "#texture" },
        "up":    { "uv": [ 9, 3.5, 9.5, 4 ], "texture": "#texture" },
        "north": { "uv": [ 9.5, 3.5, 9, 4.5 ], "texture": "#texture" },
        "south": { "uv": [ 9, 3.5, 9.5, 4.5 ], "texture": "#texture" },
        "west":  { "uv": [ 9, 3.5, 9.5, 4.5 ], "texture": "#texture" },
        "east":  { "uv": [ 9.5, 3.5, 9, 4.5 ], "texture": "#texture" }
    }
},
{
    "from": [ 9.5, 16.5, 7.5 ],
    "to": [ 10, 17.5, 8.5 ],
    "faces": {
        "down":  { "uv": [ 9.5, 4, 10, 3.5 ], "texture": "#texture" },
        "up":    { "uv": [ 9.5, 3, 10, 3.5 ], "texture": "#texture" },
        "north": { "uv": [ 10, 3, 9.5, 4 ], "texture": "#texture" },
        "south": { "uv": [ 9.5, 3, 10, 4 ], "texture": "#texture" },
        "west":  { "uv": [ 9.5, 3, 10, 4 ], "texture": "#texture" },
        "east":  { "uv": [ 10, 3, 9.5, 4 ], "texture": "#texture" }
    }
},
{
    "from": [ 6, 0.5, 7.5 ],
    "to": [ 9.5, 2.5, 8.5 ],
    "faces": {
        "down":  { "uv": [ 9.5, 15.5, 13, 15 ], "texture": "#texture" },
        "up":    { "uv": [ 9.5, 13.5, 13, 14 ], "texture": "#texture" },
        "north": { "uv": [ 13, 13.5, 9.5, 15.5 ], "texture": "#texture" },
        "south": { "uv": [ 9.5, 13.5, 13, 15.5 ], "texture": "#texture" },
        "west":  { "uv": [ 9.5, 13.5, 10, 15.5 ], "texture": "#texture" },
        "east":  { "uv": [ 13, 13.5, 12.5, 15.5 ], "texture": "#texture" }
    }
},
{
    "from": [ 10, 19, 7.5 ],
    "to": [ 10.5, 19.5, 8.5 ],
    "faces": {
        "down":  { "uv": [ 10, 1.5, 10.5, 1 ], "texture": "#texture" },
        "up":    { "uv": [ 10, 1, 10.5, 1.5 ], "texture": "#texture" },
        "north": { "uv": [ 10.5, 1, 10, 1.5 ], "texture": "#texture" },
        "south": { "uv": [ 10, 1, 10.5, 1.5 ], "texture": "#texture" },
        "west":  { "uv": [ 10, 1, 10.5, 1.5 ], "texture": "#texture" },
        "east":  { "uv": [ 10.5, 1, 10, 1.5 ], "texture": "#texture" }
    }
},
{
    "from": [ 10, 17, 7.5 ],
    "to": [ 11, 18.5, 8.5 ],
    "faces": {
        "down":  { "uv": [ 10, 3.5, 11, 3 ], "texture": "#texture" },
        "up":    { "uv": [ 10, 2, 11, 2.5 ], "texture": "#texture" },
        "north": { "uv": [ 11, 2, 10, 3.5 ], "texture": "#texture" },
        "south": { "uv": [ 10, 2, 11, 3.5 ], "texture": "#texture" },
        "west":  { "uv": [ 10, 2, 10.5, 3.5 ], "texture": "#texture" },
        "east":  { "uv": [ 11, 2, 10.5, 3.5 ], "texture": "#texture" }
    }
},
{
    "from": [ 10, 16, 7.5 ],
    "to": [ 10.5, 16.5, 8.5 ],
    "faces": {
        "down":  { "uv": [ 10, 4.5, 10.5, 4 ], "texture": "#texture" },
        "up":    { "uv": [ 10, 4, 10.5, 4.5 ], "texture": "#texture" },
        "north": { "uv": [ 10.5, 4, 10, 4.5 ], "texture": "#texture" },
        "south": { "uv": [ 10, 4, 10.5, 4.5 ], "texture": "#texture" },
        "west":  { "uv": [ 10, 4, 10.5, 4.5 ], "texture": "#texture" },
        "east":  { "uv": [ 10.5, 4, 10, 4.5 ], "texture": "#texture" }
    }
},
{
    "from": [ 6.5, 5, 7.5 ],
    "to": [ 9, 6.5, 8.5 ],
    "faces": {
        "down":  { "uv": [ 10, 11, 12.5, 10.5 ], "texture": "#texture" },
        "up":    { "uv": [ 10, 9.5, 12.5, 10 ], "texture": "#texture" },
        "north": { "uv": [ 12.5, 9.5, 10, 11 ], "texture": "#texture" },
        "south": { "uv": [ 10, 9.5, 12.5, 11 ], "texture": "#texture" },
        "west":  { "uv": [ 10, 9.5, 10.5, 11 ], "texture": "#texture" },
        "east":  { "uv": [ 12.5, 9.5, 12, 11 ], "texture": "#texture" }
    }
},
{
    "from": [ 6.5, 2.5, 7.5 ],
    "to": [ 9, 3.5, 8.5 ],
    "faces": {
        "down":  { "uv": [ 10, 13.5, 12.5, 13 ], "texture": "#texture" },
        "up":    { "uv": [ 10, 12.5, 12.5, 13 ], "texture": "#texture" },
        "north": { "uv": [ 12.5, 12.5, 10, 13.5 ], "texture": "#texture" },
        "south": { "uv": [ 10, 12.5, 12.5, 13.5 ], "texture": "#texture" },
        "west":  { "uv": [ 10, 12.5, 10.5, 13.5 ], "texture": "#texture" },
        "east":  { "uv": [ 12.5, 12.5, 12, 13.5 ], "texture": "#texture" }
    }
},
{
    "from": [ 6.5, 0, 7.5 ],
    "to": [ 9, 0.5, 8.5 ],
    "faces": {
        "down":  { "uv": [ 10, 16, 12.5, 15.5 ], "texture": "#texture" },
        "up":    { "uv": [ 10, 15.5, 12.5, 16 ], "texture": "#texture" },
        "north": { "uv": [ 12.5, 15.5, 10, 16 ], "texture": "#texture" },
        "south": { "uv": [ 10, 15.5, 12.5, 16 ], "texture": "#texture" },
        "west":  { "uv": [ 10, 15.5, 10.5, 16 ], "texture": "#texture" },
        "east":  { "uv": [ 12.5, 15.5, 12, 16 ], "texture": "#texture" }
    }
},
{
    "from": [ 10.5, 16.5, 7.5 ],
    "to": [ 11, 17, 8.5 ],
    "faces": {
        "down":  { "uv": [ 10.5, 4, 11, 3.5 ], "texture": "#texture" },
        "up":    { "uv": [ 10.5, 3.5, 11, 4 ], "texture": "#texture" },
        "north": { "uv": [ 11, 3.5, 10.5, 4 ], "texture": "#texture" },
        "south": { "uv": [ 10.5, 3.5, 11, 4 ], "texture": "#texture" },
        "west":  { "uv": [ 10.5, 3.5, 11, 4 ], "texture": "#texture" },
        "east":  { "uv": [ 11, 3.5, 10.5, 4 ], "texture": "#texture" }
    }
},
{
    "from": [ 7, 6.5, 7.25 ],
    "to": [ 8.5, 11.5, 8.75 ],
    "faces": {
        "down":  { "uv": [ 10.5, 9.5, 12, 9 ], "texture": "#texture" },
        "up":    { "uv": [ 10.5, 4.5, 12, 5 ], "texture": "#texture" },
        "north": { "uv": [ 10.5, 4.5, 12, 9.5 ], "texture": "#texture" },
        "south": { "uv": [ 10.5, 4.5, 12, 9.5 ], "texture": "#texture" },
        "west":  { "uv": [ 12, 4.5, 10.5, 9.5 ], "texture": "#texture" },
        "east":  { "uv": [ 12, 4.5, 10.5, 9.5 ], "texture": "#texture" }
    }
},
{
    "from": [ 7, 3.5, 7.5 ],
    "to": [ 8.5, 5, 8.5 ],
    "faces": {
        "down":  { "uv": [ 10.5, 12.5, 12, 12 ], "texture": "#texture" },
        "up":    { "uv": [ 10.5, 11, 12, 11.5 ], "texture": "#texture" },
        "north": { "uv": [ 12, 11, 10.5, 12.5 ], "texture": "#texture" },
        "south": { "uv": [ 10.5, 11, 12, 12.5 ], "texture": "#texture" },
        "west":  { "uv": [ 10.5, 11, 11, 12.5 ], "texture": "#texture" },
        "east":  { "uv": [ 12, 11, 11.5, 12.5 ], "texture": "#texture" }
    }
},
{
    "from": [ 11, 19, 7.5 ],
    "to": [ 11.5, 19.5, 8.5 ],
    "faces": {
        "down":  { "uv": [ 11, 1.5, 11.5, 1 ], "texture": "#texture" },
        "up":    { "uv": [ 11, 1, 11.5, 1.5 ], "texture": "#texture" },
        "north": { "uv": [ 11.5, 1, 11, 1.5 ], "texture": "#texture" },
        "south": { "uv": [ 11, 1, 11.5, 1.5 ], "texture": "#texture" },
        "west":  { "uv": [ 11, 1, 11.5, 1.5 ], "texture": "#texture" },
        "east":  { "uv": [ 11.5, 1, 11, 1.5 ], "texture": "#texture" }
    }
},
{
    "from": [ 11, 18, 7.5 ],
    "to": [ 11.5, 18.5, 8.5 ],
    "faces": {
        "down":  { "uv": [ 11, 2.5, 11.5, 2 ], "texture": "#texture" },
        "up":    { "uv": [ 11, 2, 11.5, 2.5 ], "texture": "#texture" },
        "north": { "uv": [ 11.5, 2, 11, 2.5 ], "texture": "#texture" },
        "south": { "uv": [ 11, 2, 11.5, 2.5 ], "texture": "#texture" },
        "west":  { "uv": [ 11, 2, 11.5, 2.5 ], "texture": "#texture" },
        "east":  { "uv": [ 11.5, 2, 11, 2.5 ], "texture": "#texture" }
    }
}
],
"display": {
    "thirdperson_righthand": {
        "rotation": [ 0, 90, 0 ],
        "translation": [ 0, -3.02, 1.51 ],
        "scale": [ 1.5, 1.5, 1.5 ]
    },
    "thirdperson_lefthand": {
        "rotation": [ 0, -90, 0 ],
        "translation": [ 0, -3.02, 1.51 ],
        "scale": [ 1.5, 1.5, 1.5 ]
    },
    "ground": {
        "rotation": [ 0, 0, 45 ],
        "translation": [ 0, 0, 0 ],
        "scale": [ 1, 1, 1 ]
    },
    "fixed": {
        "rotation": [ 0, 0, 45 ],
        "translation": [ 2.08, -1.51, -0.76 ],
        "scale": [ 1, 1, 1 ]
    },
    "firstperson_righthand": {
        "rotation": [ 0, -64, 0 ],
        "translation": [ 0, 0, 0.94 ],
        "scale": [ 1, 1, 1 ]
    },
    "firstperson_lefthand": {
        "rotation": [ 0, -64, 0 ],
        "translation": [ 0, 0, 0 ],
        "scale": [ 1, 1, 1 ]
    },
    "gui": {
        "rotation": [ 0, 0, -45 ],
        "translation": [ -1.51, -1.7, 0 ],
        "scale": [ 0.75, 0.75, 0.75 ]
    }
}
}