{
    "__comment": "Model generated using MrCrayfish's Model Creator (http://mrcrayfish.com/modelcreator/)",
    "textures": {
        "0": "blocks/obsidian",
        "1": "blocks/nether_brick",
        "2": "blocks/bone_block_side",
        "3": "blocks/coal_block"
    },
    "elements": [
        {
            "name": "Cube",
            "from": [ 7.300000004470348, -1.0, 7.300000004470348 ], 
            "to": [ 8.700000010430813, 0.0, 8.700000010430813 ], 
            "faces": {
                "north": { "texture": "#0", "uv": [ 0.0, 0.0, 1.4000000059604645, 1.0 ] },
                "east": { "texture": "#0", "uv": [ 0.0, 0.0, 1.4000000059604645, 1.0 ] },
                "south": { "texture": "#0", "uv": [ 0.0, 0.0, 1.4000000059604645, 1.0 ] },
                "west": { "texture": "#0", "uv": [ 0.0, 0.0, 1.4000000059604645, 1.0 ] },
                "up": { "texture": "#0", "uv": [ 0.0, 0.0, 1.4000000059604645, 1.4000000059604645 ] },
                "down": { "texture": "#0", "uv": [ 0.0, 0.0, 1.4000000059604645, 1.4000000059604645 ] }
            }
        },
        {
            "name": "Cube",
            "from": [ 7.4000000059604645, -2.0, 7.4000000059604645 ], 
            "to": [ 8.600000008940697, 11.0, 8.600000008940697 ], 
            "faces": {
                "north": { "texture": "#1", "uv": [ 0.0, 0.0, 1.2000000029802322, 13.0 ] },
                "east": { "texture": "#1", "uv": [ 0.0, 0.0, 1.2000000029802322, 13.0 ] },
                "south": { "texture": "#1", "uv": [ 0.0, 0.0, 1.2000000029802322, 13.0 ] },
                "west": { "texture": "#1", "uv": [ 0.0, 0.0, 1.2000000029802322, 13.0 ] },
                "up": { "texture": "#1", "uv": [ 0.0, 0.0, 1.2000000029802322, 1.2000000029802322 ] },
                "down": { "texture": "#1", "uv": [ 0.0, 0.0, 1.2000000029802322, 1.2000000029802322 ] }
            }
        },
        {
            "name": "Cube",
            "from": [ 5.399999991059303, 11.899999998509884, 6.499999992549419 ], 
            "to": [ 10.599999994039536, 18.100000001490116, 9.49999999254942 ], 
            "faces": {
                "north": { "texture": "#2", "uv": [ 0.0, 0.0, 5.200000002980232, 6.200000002980232 ] },
                "east": { "texture": "#2", "uv": [ 0.0, 0.0, 3.0, 6.200000002980232 ] },
                "south": { "texture": "#2", "uv": [ 0.0, 0.0, 5.200000002980232, 6.200000002980232 ] },
                "west": { "texture": "#2", "uv": [ 0.0, 0.0, 3.0, 6.200000002980232 ] },
                "up": { "texture": "#2", "uv": [ 0.0, 0.0, 5.200000002980232, 3.0 ] },
                "down": { "texture": "#2", "uv": [ 0.0, 0.0, 5.200000002980232, 3.0 ] }
            }
        },
        {
            "name": "Cube",
            "from": [ 6.499999992549419, 18.0, 6.499999992549419 ], 
            "to": [ 9.49999999254942, 19.0, 9.49999999254942 ], 
            "faces": {
                "north": { "texture": "#2", "uv": [ 0.0, 0.0, 3.0, 1.0 ] },
                "east": { "texture": "#2", "uv": [ 0.0, 0.0, 3.0, 1.0 ] },
                "south": { "texture": "#2", "uv": [ 0.0, 0.0, 3.0, 1.0 ] },
                "west": { "texture": "#2", "uv": [ 0.0, 0.0, 3.0, 1.0 ] },
                "up": { "texture": "#2", "uv": [ 0.0, 0.0, 3.0, 3.0 ] },
                "down": { "texture": "#2", "uv": [ 0.0, 0.0, 3.0, 3.0 ] }
            }
        },
        {
            "name": "Cube",
            "from": [ 5.499999992549419, 17.0, 5.499999992549419 ], 
            "to": [ 10.49999999254942, 18.0, 10.49999999254942 ], 
            "faces": {
                "north": { "texture": "#2", "uv": [ 0.0, 0.0, 5.0, 1.0 ] },
                "east": { "texture": "#2", "uv": [ 0.0, 0.0, 5.0, 1.0 ] },
                "south": { "texture": "#2", "uv": [ 0.0, 0.0, 5.0, 1.0 ] },
                "west": { "texture": "#2", "uv": [ 0.0, 0.0, 5.0, 1.0 ] },
                "up": { "texture": "#2", "uv": [ 0.0, 0.0, 5.0, 5.0 ] },
                "down": { "texture": "#2", "uv": [ 0.0, 0.0, 5.0, 5.0 ] }
            }
        },
        {
            "name": "Cube",
            "from": [ 5.499999992549419, 16.0, 5.499999992549419 ], 
            "to": [ 6.499999992549419, 17.0, 10.49999999254942 ], 
            "faces": {
                "north": { "texture": "#2", "uv": [ 0.0, 0.0, 1.0, 1.0 ] },
                "east": { "texture": "#2", "uv": [ 0.0, 0.0, 5.0, 1.0 ] },
                "south": { "texture": "#2", "uv": [ 0.0, 0.0, 1.0, 1.0 ] },
                "west": { "texture": "#2", "uv": [ 0.0, 0.0, 5.0, 1.0 ] },
                "up": { "texture": "#2", "uv": [ 0.0, 0.0, 1.0, 5.0 ] },
                "down": { "texture": "#2", "uv": [ 0.0, 0.0, 1.0, 5.0 ] }
            }
        },
        {
            "name": "Cube",
            "from": [ 9.49999999254942, 16.0, 5.499999992549419 ], 
            "to": [ 10.49999999254942, 17.0, 10.49999999254942 ], 
            "faces": {
                "north": { "texture": "#2", "uv": [ 0.0, 0.0, 1.0, 1.0 ] },
                "east": { "texture": "#2", "uv": [ 0.0, 0.0, 5.0, 1.0 ] },
                "south": { "texture": "#2", "uv": [ 0.0, 0.0, 1.0, 1.0 ] },
                "west": { "texture": "#2", "uv": [ 0.0, 0.0, 5.0, 1.0 ] },
                "up": { "texture": "#2", "uv": [ 0.0, 0.0, 1.0, 5.0 ] },
                "down": { "texture": "#2", "uv": [ 0.0, 0.0, 1.0, 5.0 ] }
            }
        },
        {
            "name": "Cube",
            "from": [ 7.499999992549419, 14.0, 5.499999992549419 ], 
            "to": [ 8.49999999254942, 17.0, 10.49999999254942 ], 
            "faces": {
                "north": { "texture": "#2", "uv": [ 0.0, 0.0, 1.0, 3.0 ] },
                "east": { "texture": "#2", "uv": [ 0.0, 0.0, 5.0, 3.0 ] },
                "south": { "texture": "#2", "uv": [ 0.0, 0.0, 1.0, 3.0 ] },
                "west": { "texture": "#2", "uv": [ 0.0, 0.0, 5.0, 3.0 ] },
                "up": { "texture": "#2", "uv": [ 0.0, 0.0, 1.0, 5.0 ] },
                "down": { "texture": "#2", "uv": [ 0.0, 0.0, 1.0, 5.0 ] }
            }
        },
        {
            "name": "Cube",
            "from": [ 8.49999999254942, 12.0, 5.499999992549419 ], 
            "to": [ 9.49999999254942, 15.0, 10.49999999254942 ], 
            "faces": {
                "north": { "texture": "#2", "uv": [ 0.0, 0.0, 1.0, 3.0 ] },
                "east": { "texture": "#2", "uv": [ 0.0, 0.0, 5.0, 3.0 ] },
                "south": { "texture": "#2", "uv": [ 0.0, 0.0, 1.0, 3.0 ] },
                "west": { "texture": "#2", "uv": [ 0.0, 0.0, 5.0, 3.0 ] },
                "up": { "texture": "#2", "uv": [ 0.0, 0.0, 1.0, 5.0 ] },
                "down": { "texture": "#2", "uv": [ 0.0, 0.0, 1.0, 5.0 ] }
            }
        },
        {
            "name": "Cube",
            "from": [ 6.499999992549419, 12.0, 5.499999992549419 ], 
            "to": [ 7.499999992549419, 15.0, 10.49999999254942 ], 
            "faces": {
                "north": { "texture": "#2", "uv": [ 0.0, 0.0, 1.0, 3.0 ] },
                "east": { "texture": "#2", "uv": [ 0.0, 0.0, 5.0, 3.0 ] },
                "south": { "texture": "#2", "uv": [ 0.0, 0.0, 1.0, 3.0 ] },
                "west": { "texture": "#2", "uv": [ 0.0, 0.0, 5.0, 3.0 ] },
                "up": { "texture": "#2", "uv": [ 0.0, 0.0, 1.0, 5.0 ] },
                "down": { "texture": "#2", "uv": [ 0.0, 0.0, 1.0, 5.0 ] }
            }
        },
        {
            "name": "Cube",
            "from": [ 8.399999991059303, 15.0, 6.399999991059303 ], 
            "to": [ 9.599999994039536, 17.0, 9.599999994039536 ], 
            "faces": {
                "north": { "texture": "#3", "uv": [ 0.0, 0.0, 1.2000000029802322, 2.0 ] },
                "east": { "texture": "#3", "uv": [ 0.0, 0.0, 3.2000000029802322, 2.0 ] },
                "south": { "texture": "#3", "uv": [ 0.0, 0.0, 1.2000000029802322, 2.0 ] },
                "west": { "texture": "#3", "uv": [ 0.0, 0.0, 3.2000000029802322, 2.0 ] },
                "up": { "texture": "#3", "uv": [ 0.0, 0.0, 1.2000000029802322, 3.2000000029802322 ] },
                "down": { "texture": "#3", "uv": [ 0.0, 0.0, 1.2000000029802322, 3.2000000029802322 ] }
            }
        },
        {
            "name": "Cube",
            "from": [ 6.399999991059303, 15.0, 6.399999991059303 ], 
            "to": [ 7.5999999940395355, 17.0, 9.599999994039536 ], 
            "faces": {
                "north": { "texture": "#3", "uv": [ 0.0, 0.0, 1.2000000029802322, 2.0 ] },
                "east": { "texture": "#3", "uv": [ 0.0, 0.0, 3.2000000029802322, 2.0 ] },
                "south": { "texture": "#3", "uv": [ 0.0, 0.0, 1.2000000029802322, 2.0 ] },
                "west": { "texture": "#3", "uv": [ 0.0, 0.0, 3.2000000029802322, 2.0 ] },
                "up": { "texture": "#3", "uv": [ 0.0, 0.0, 1.2000000029802322, 3.2000000029802322 ] },
                "down": { "texture": "#3", "uv": [ 0.0, 0.0, 1.2000000029802322, 3.2000000029802322 ] }
            }
        },
        {
            "name": "Cube",
            "from": [ 7.399999991059303, 12.100000001490116, 6.399999991059303 ], 
            "to": [ 8.599999994039536, 13.899999998509884, 9.599999994039536 ], 
            "faces": {
                "north": { "texture": "#3", "uv": [ 0.0, 0.0, 1.2000000029802322, 1.7999999970197678 ] },
                "east": { "texture": "#3", "uv": [ 0.0, 0.0, 3.2000000029802322, 1.7999999970197678 ] },
                "south": { "texture": "#3", "uv": [ 0.0, 0.0, 1.2000000029802322, 1.7999999970197678 ] },
                "west": { "texture": "#3", "uv": [ 0.0, 0.0, 3.2000000029802322, 1.7999999970197678 ] },
                "up": { "texture": "#3", "uv": [ 0.0, 0.0, 1.2000000029802322, 3.2000000029802322 ] },
                "down": { "texture": "#3", "uv": [ 0.0, 0.0, 1.2000000029802322, 3.2000000029802322 ] }
            }
        },
        {
            "name": "Cube",
            "from": [ 6.499999992549419, 11.0, 6.5999999940395355 ], 
            "to": [ 9.499999977648258, 12.0, 9.399999991059303 ], 
            "faces": {
                "north": { "texture": "#2", "uv": [ 0.0, 0.0, 2.999999985098839, 1.0 ] },
                "east": { "texture": "#2", "uv": [ 0.0, 0.0, 2.7999999970197678, 1.0 ] },
                "south": { "texture": "#2", "uv": [ 0.0, 0.0, 2.999999985098839, 1.0 ] },
                "west": { "texture": "#2", "uv": [ 0.0, 0.0, 2.7999999970197678, 1.0 ] },
                "up": { "texture": "#2", "uv": [ 0.0, 0.0, 2.999999985098839, 2.7999999970197678 ] },
                "down": { "texture": "#2", "uv": [ 0.0, 0.0, 2.999999985098839, 2.7999999970197678 ] }
            }
        },
        {
            "name": "Cube",
            "from": [ 7.300000004470348, 1.0, 7.300000004470348 ], 
            "to": [ 8.700000010430813, 2.0, 8.700000010430813 ], 
            "faces": {
                "north": { "texture": "#0", "uv": [ 0.0, 0.0, 1.4000000059604645, 1.0 ] },
                "east": { "texture": "#0", "uv": [ 0.0, 0.0, 1.4000000059604645, 1.0 ] },
                "south": { "texture": "#0", "uv": [ 0.0, 0.0, 1.4000000059604645, 1.0 ] },
                "west": { "texture": "#0", "uv": [ 0.0, 0.0, 1.4000000059604645, 1.0 ] },
                "up": { "texture": "#0", "uv": [ 0.0, 0.0, 1.4000000059604645, 1.4000000059604645 ] },
                "down": { "texture": "#0", "uv": [ 0.0, 0.0, 1.4000000059604645, 1.4000000059604645 ] }
            }
        }
    ],
	"display": {
		"thirdperson_righthand": {
			"rotation":  [ 0, -45, 0 ],
			"translation":  [ 0, 5, 0 ],
			"scale":  [ 1.3, 1.3, 1.3 ]
		},
		"firstperson_righthand": {
			"rotation":  [ -30, -45, 0 ],
			"translation":  [ 0, 0, 0 ],
			"scale":  [ 1.3, 1.3, 1.3 ]
		},
		"gui": {
			"rotation":  [ 0, 0, -45 ],
			"translation":  [ 0, 0, 0 ],
			"scale":  [ 1.0, 1.0, 1.0 ]
		},
		"ground": {
			"translation":  [ 0, 0, 0 ],
			"scale":  [ 1.0, 1.0, 1.0 ]
		}
	}
}