{
    "__comment": "Model generated using MrCrayfish's Model Creator (http://mrcrayfish.com/modelcreator/)",
    "textures": {
        "0": "blocks/log_spruce",
        "1": "blocks/glass_silver",
        "2": "blocks/sea_lantern"
    },
    "elements": [
        {
            "name": "Cube",
            "from": [ 7.500000007450581, 0.0, 7.500000007450581 ], 
            "to": [ 8.50000000745058, 14.0, 8.50000000745058 ], 
            "faces": {
                "north": { "texture": "#0", "uv": [ 0.0, 0.0, 1.0, 14.0 ] },
                "east": { "texture": "#0", "uv": [ 0.0, 0.0, 1.0, 14.0 ] },
                "south": { "texture": "#0", "uv": [ 0.0, 0.0, 1.0, 14.0 ] },
                "west": { "texture": "#0", "uv": [ 0.0, 0.0, 1.0, 14.0 ] },
                "up": { "texture": "#0", "uv": [ 0.0, 0.0, 1.0, 1.0 ] },
                "down": { "texture": "#0", "uv": [ 0.0, 0.0, 1.0, 1.0 ] }
            }
        },
        {
            "name": "Cube",
            "from": [ 7.4000000059604645, 14.0, 6.500000007450581 ], 
            "to": [ 8.600000008940697, 16.0, 7.500000007450581 ], 
            "rotation": { "origin": [ 8.0, 8.0, 2.0 ], "axis": "x", "angle": -22.5 },
            "faces": {
                "north": { "texture": "#1", "uv": [ 0.0, 0.0, 1.2000000029802322, 2.0 ] },
                "east": { "texture": "#1", "uv": [ 0.0, 0.0, 1.0, 2.0 ] },
                "south": { "texture": "#1", "uv": [ 0.0, 0.0, 1.2000000029802322, 2.0 ] },
                "west": { "texture": "#1", "uv": [ 0.0, 0.0, 1.0, 2.0 ] },
                "up": { "texture": "#1", "uv": [ 0.0, 0.0, 1.2000000029802322, 1.0 ] },
                "down": { "texture": "#1", "uv": [ 0.0, 0.0, 1.2000000029802322, 1.0 ] }
            }
        },
        {
            "name": "Cube",
            "from": [ 7.300000004470348, 14.0, 8.50000000745058 ], 
            "to": [ 8.700000010430813, 16.0, 9.50000000745058 ], 
            "rotation": { "origin": [ 8.0, 8.0, 14.0 ], "axis": "x", "angle": 22.5 },
            "faces": {
                "north": { "texture": "#1", "uv": [ 0.0, 0.0, 1.4000000059604645, 2.0 ] },
                "east": { "texture": "#1", "uv": [ 0.0, 0.0, 1.0, 2.0 ] },
                "south": { "texture": "#1", "uv": [ 0.0, 0.0, 1.4000000059604645, 2.0 ] },
                "west": { "texture": "#1", "uv": [ 0.0, 0.0, 1.0, 2.0 ] },
                "up": { "texture": "#1", "uv": [ 0.0, 0.0, 1.4000000059604645, 1.0 ] },
                "down": { "texture": "#1", "uv": [ 0.0, 0.0, 1.4000000059604645, 1.0 ] }
            }
        },
        {
            "name": "Cube",
            "from": [ 7.000000014901161, 14.0, 7.000000014901161 ], 
            "to": [ 9.000000014901161, 20.0, 9.000000014901161 ], 
            "faces": {
                "north": { "texture": "#2", "uv": [ 0.0, 0.0, 2.0, 6.0 ] },
                "east": { "texture": "#2", "uv": [ 0.0, 0.0, 2.0, 6.0 ] },
                "south": { "texture": "#2", "uv": [ 0.0, 0.0, 2.0, 6.0 ] },
                "west": { "texture": "#2", "uv": [ 0.0, 0.0, 2.0, 6.0 ] },
                "up": { "texture": "#2", "uv": [ 0.0, 0.0, 2.0, 2.0 ] },
                "down": { "texture": "#2", "uv": [ 0.0, 0.0, 2.0, 2.0 ] }
            }
        },
        {
            "name": "Cube",
            "from": [ 9.000000014901161, 15.0, 7.000000014901161 ], 
            "to": [ 9.50000000745058, 19.0, 9.000000014901161 ], 
            "faces": {
                "north": { "texture": "#2", "uv": [ 0.0, 0.0, 0.4999999925494194, 4.0 ] },
                "east": { "texture": "#2", "uv": [ 0.0, 0.0, 2.0, 4.0 ] },
                "south": { "texture": "#2", "uv": [ 0.0, 0.0, 0.4999999925494194, 4.0 ] },
                "west": { "texture": "#2", "uv": [ 0.0, 0.0, 2.0, 4.0 ] },
                "up": { "texture": "#2", "uv": [ 0.0, 0.0, 0.4999999925494194, 2.0 ] },
                "down": { "texture": "#2", "uv": [ 0.0, 0.0, 0.4999999925494194, 2.0 ] }
            }
        },
        {
            "name": "Cube",
            "from": [ 6.500000022351742, 15.0, 7.000000014901161 ], 
            "to": [ 7.000000014901161, 19.0, 9.000000014901161 ], 
            "faces": {
                "north": { "texture": "#2", "uv": [ 0.0, 0.0, 0.4999999925494194, 4.0 ] },
                "east": { "texture": "#2", "uv": [ 0.0, 0.0, 2.0, 4.0 ] },
                "south": { "texture": "#2", "uv": [ 0.0, 0.0, 0.4999999925494194, 4.0 ] },
                "west": { "texture": "#2", "uv": [ 0.0, 0.0, 2.0, 4.0 ] },
                "up": { "texture": "#2", "uv": [ 0.0, 0.0, 0.4999999925494194, 2.0 ] },
                "down": { "texture": "#2", "uv": [ 0.0, 0.0, 0.4999999925494194, 2.0 ] }
            }
        },
        {
            "name": "Cube",
            "from": [ 7.000000014901161, 15.0, 9.000000014901161 ], 
            "to": [ 9.000000014901161, 19.0, 9.50000000745058 ], 
            "faces": {
                "north": { "texture": "#2", "uv": [ 0.0, 0.0, 2.0, 4.0 ] },
                "east": { "texture": "#2", "uv": [ 0.0, 0.0, 0.4999999925494194, 4.0 ] },
                "south": { "texture": "#2", "uv": [ 0.0, 0.0, 2.0, 4.0 ] },
                "west": { "texture": "#2", "uv": [ 0.0, 0.0, 0.4999999925494194, 4.0 ] },
                "up": { "texture": "#2", "uv": [ 0.0, 0.0, 2.0, 0.4999999925494194 ] },
                "down": { "texture": "#2", "uv": [ 0.0, 0.0, 2.0, 0.4999999925494194 ] }
            }
        },
        {
            "name": "Cube",
            "from": [ 7.0, 15.0, 6.500000022351742 ], 
            "to": [ 9.0, 19.0, 7.000000014901161 ], 
            "faces": {
                "north": { "texture": "#2", "uv": [ 0.0, 0.0, 2.0, 4.0 ] },
                "east": { "texture": "#2", "uv": [ 0.0, 0.0, 0.4999999925494194, 4.0 ] },
                "south": { "texture": "#2", "uv": [ 0.0, 0.0, 2.0, 4.0 ] },
                "west": { "texture": "#2", "uv": [ 0.0, 0.0, 0.4999999925494194, 4.0 ] },
                "up": { "texture": "#2", "uv": [ 0.0, 0.0, 2.0, 0.4999999925494194 ] },
                "down": { "texture": "#2", "uv": [ 0.0, 0.0, 2.0, 0.4999999925494194 ] }
            }
        },
        {
            "name": "Cube",
            "from": [ 7.200000002980232, 16.0, 6.000000029802322 ], 
            "to": [ 8.799999997019768, 18.0, 6.500000022351742 ], 
            "faces": {
                "north": { "texture": "#2", "uv": [ 0.0, 0.0, 1.5999999940395355, 2.0 ] },
                "east": { "texture": "#2", "uv": [ 0.0, 0.0, 0.4999999925494194, 2.0 ] },
                "south": { "texture": "#2", "uv": [ 0.0, 0.0, 1.5999999940395355, 2.0 ] },
                "west": { "texture": "#2", "uv": [ 0.0, 0.0, 0.4999999925494194, 2.0 ] },
                "up": { "texture": "#2", "uv": [ 0.0, 0.0, 1.5999999940395355, 0.4999999925494194 ] },
                "down": { "texture": "#2", "uv": [ 0.0, 0.0, 1.5999999940395355, 0.4999999925494194 ] }
            }
        },
        {
            "name": "Cube",
            "from": [ 7.200000002980232, 16.0, 9.500000022351742 ], 
            "to": [ 8.799999997019768, 18.0, 10.000000014901161 ], 
            "faces": {
                "north": { "texture": "#2", "uv": [ 0.0, 0.0, 1.5999999940395355, 2.0 ] },
                "east": { "texture": "#2", "uv": [ 0.0, 0.0, 0.4999999925494194, 2.0 ] },
                "south": { "texture": "#2", "uv": [ 0.0, 0.0, 1.5999999940395355, 2.0 ] },
                "west": { "texture": "#2", "uv": [ 0.0, 0.0, 0.4999999925494194, 2.0 ] },
                "up": { "texture": "#2", "uv": [ 0.0, 0.0, 1.5999999940395355, 0.4999999925494194 ] },
                "down": { "texture": "#2", "uv": [ 0.0, 0.0, 1.5999999940395355, 0.4999999925494194 ] }
            }
        },
        {
            "name": "Cube",
            "from": [ 9.50000000745058, 16.0, 7.200000017881393 ], 
            "to": [ 10.0, 18.0, 8.800000011920929 ], 
            "faces": {
                "north": { "texture": "#2", "uv": [ 0.0, 0.0, 0.4999999925494194, 2.0 ] },
                "east": { "texture": "#2", "uv": [ 0.0, 0.0, 1.5999999940395355, 2.0 ] },
                "south": { "texture": "#2", "uv": [ 0.0, 0.0, 0.4999999925494194, 2.0 ] },
                "west": { "texture": "#2", "uv": [ 0.0, 0.0, 1.5999999940395355, 2.0 ] },
                "up": { "texture": "#2", "uv": [ 0.0, 0.0, 0.4999999925494194, 1.5999999940395355 ] },
                "down": { "texture": "#2", "uv": [ 0.0, 0.0, 0.4999999925494194, 1.5999999940395355 ] }
            }
        },
        {
            "name": "Cube",
            "from": [ 6.000000014901161, 16.0, 7.200000017881393 ], 
            "to": [ 6.500000007450581, 18.0, 8.800000011920929 ], 
            "faces": {
                "north": { "texture": "#2", "uv": [ 0.0, 0.0, 0.4999999925494194, 2.0 ] },
                "east": { "texture": "#2", "uv": [ 0.0, 0.0, 1.5999999940395355, 2.0 ] },
                "south": { "texture": "#2", "uv": [ 0.0, 0.0, 0.4999999925494194, 2.0 ] },
                "west": { "texture": "#2", "uv": [ 0.0, 0.0, 1.5999999940395355, 2.0 ] },
                "up": { "texture": "#2", "uv": [ 0.0, 0.0, 0.4999999925494194, 1.5999999940395355 ] },
                "down": { "texture": "#2", "uv": [ 0.0, 0.0, 0.4999999925494194, 1.5999999940395355 ] }
            }
        },
        {
            "name": "Cube",
            "from": [ 7.0, -0.10000000149011612, 7.0 ], 
            "to": [ 9.0, 2.0, 9.0 ], 
            "faces": {
                "north": { "texture": "#0", "uv": [ 0.0, 0.0, 2.0, 2.100000001490116 ] },
                "east": { "texture": "#0", "uv": [ 0.0, 0.0, 2.0, 2.100000001490116 ] },
                "south": { "texture": "#0", "uv": [ 0.0, 0.0, 2.0, 2.100000001490116 ] },
                "west": { "texture": "#0", "uv": [ 0.0, 0.0, 2.0, 2.100000001490116 ] },
                "up": { "texture": "#0", "uv": [ 0.0, 0.0, 2.0, 2.0 ] },
                "down": { "texture": "#0", "uv": [ 0.0, 0.0, 2.0, 2.0 ] }
            }
        },
        {
            "name": "Cube",
            "from": [ 7.300000004470348, 8.0, 7.500000007450581 ], 
            "to": [ 8.700000010430813, 10.0, 8.50000000745058 ], 
            "rotation": { "origin": [ 8.0, 8.0, 14.0 ], "axis": "x", "angle": 45.0 },
            "faces": {
                "north": { "texture": "#1", "uv": [ 0.0, 0.0, 1.4000000059604645, 2.0 ] },
                "east": { "texture": "#1", "uv": [ 0.0, 0.0, 1.0, 2.0 ] },
                "south": { "texture": "#1", "uv": [ 0.0, 0.0, 1.4000000059604645, 2.0 ] },
                "west": { "texture": "#1", "uv": [ 0.0, 0.0, 1.0, 2.0 ] },
                "up": { "texture": "#1", "uv": [ 0.0, 0.0, 1.4000000059604645, 1.0 ] },
                "down": { "texture": "#1", "uv": [ 0.0, 0.0, 1.4000000059604645, 1.0 ] }
            }
        },
        {
            "name": "Cube",
            "from": [ 7.300000004470348, 17.0, 9.50000000745058 ], 
            "to": [ 8.700000010430813, 19.0, 10.50000000745058 ], 
            "rotation": { "origin": [ 8.0, 10.0, 14.0 ], "axis": "x", "angle": -45.0 },
            "faces": {
                "north": { "texture": "#1", "uv": [ 0.0, 0.0, 1.4000000059604645, 2.0 ] },
                "east": { "texture": "#1", "uv": [ 0.0, 0.0, 1.0, 2.0 ] },
                "south": { "texture": "#1", "uv": [ 0.0, 0.0, 1.4000000059604645, 2.0 ] },
                "west": { "texture": "#1", "uv": [ 0.0, 0.0, 1.0, 2.0 ] },
                "up": { "texture": "#1", "uv": [ 0.0, 0.0, 1.4000000059604645, 1.0 ] },
                "down": { "texture": "#1", "uv": [ 0.0, 0.0, 1.4000000059604645, 1.0 ] }
            }
        },
        {
            "name": "Cube",
            "from": [ 7.300000004470348, 12.0, 7.500000007450581 ], 
            "to": [ 8.700000010430813, 14.0, 8.50000000745058 ], 
            "rotation": { "origin": [ 8.0, 10.0, 14.0 ], "axis": "z", "angle": -45.0 },
            "faces": {
                "north": { "texture": "#1", "uv": [ 0.0, 0.0, 1.4000000059604645, 2.0 ] },
                "east": { "texture": "#1", "uv": [ 0.0, 0.0, 1.0, 2.0 ] },
                "south": { "texture": "#1", "uv": [ 0.0, 0.0, 1.4000000059604645, 2.0 ] },
                "west": { "texture": "#1", "uv": [ 0.0, 0.0, 1.0, 2.0 ] },
                "up": { "texture": "#1", "uv": [ 0.0, 0.0, 1.4000000059604645, 1.0 ] },
                "down": { "texture": "#1", "uv": [ 0.0, 0.0, 1.4000000059604645, 1.0 ] }
            }
        },
        {
            "name": "Cube",
            "from": [ 7.300000004470348, 12.0, 7.500000007450581 ], 
            "to": [ 8.700000010430813, 14.0, 8.50000000745058 ], 
            "rotation": { "origin": [ 14.0, 5.0, 14.0 ], "axis": "z", "angle": -22.5 },
            "faces": {
                "north": { "texture": "#1", "uv": [ 0.0, 0.0, 1.4000000059604645, 2.0 ] },
                "east": { "texture": "#1", "uv": [ 0.0, 0.0, 1.0, 2.0 ] },
                "south": { "texture": "#1", "uv": [ 0.0, 0.0, 1.4000000059604645, 2.0 ] },
                "west": { "texture": "#1", "uv": [ 0.0, 0.0, 1.0, 2.0 ] },
                "up": { "texture": "#1", "uv": [ 0.0, 0.0, 1.4000000059604645, 1.0 ] },
                "down": { "texture": "#1", "uv": [ 0.0, 0.0, 1.4000000059604645, 1.0 ] }
            }
        },
        {
            "name": "Cube",
            "from": [ 7.300000004470348, 10.0, 7.4000000059604645 ], 
            "to": [ 8.700000010430813, 11.0, 8.600000008940697 ], 
            "rotation": { "origin": [ 8.0, 10.0, 14.0 ], "axis": "z", "angle": 45.0 },
            "faces": {
                "north": { "texture": "#1", "uv": [ 0.0, 0.0, 1.4000000059604645, 1.0 ] },
                "east": { "texture": "#1", "uv": [ 0.0, 0.0, 1.2000000029802322, 1.0 ] },
                "south": { "texture": "#1", "uv": [ 0.0, 0.0, 1.4000000059604645, 1.0 ] },
                "west": { "texture": "#1", "uv": [ 0.0, 0.0, 1.2000000029802322, 1.0 ] },
                "up": { "texture": "#1", "uv": [ 0.0, 0.0, 1.4000000059604645, 1.2000000029802322 ] },
                "down": { "texture": "#1", "uv": [ 0.0, 0.0, 1.4000000059604645, 1.2000000029802322 ] }
            }
        }
    ],
	"display": {
		"thirdperson_righthand": {
			"rotation":  [ 0, -90, 0 ],
			"translation":  [ 0, 5, 0 ],
			"scale":  [ 1.3, 1.3, 1.3 ]
		},
		"firstperson_righthand": {
			"rotation":  [ -30, -90, 0 ],
			"translation":  [ 0, 0, 0 ],
			"scale":  [ 1.3, 1.3, 1.3 ]
		},
		"gui": {
			"rotation":  [ 0, 0, -45 ],
			"translation":  [ 0, 0, 0 ],
			"scale":  [ 1.0, 1.0, 1.0 ]
		},
		"ground": {
			"translation":  [ 0, 0, 0 ],
			"scale":  [ 1.0, 1.0, 1.0 ]
		}
	}
}