{
    "parent": "item/handheld",
    "textures": {
        "layer0": "items/gold_hoe"
    },
        "overrides": [
                { "predicate": {"damaged": 0, "damage": 0}, "model": "item/golden_hoe"},
                { "predicate": { "damaged": 0, "damage": 0.03125}, "model": "item/attribute/basic_health"},
                { "predicate": { "damaged": 0, "damage": 0.06250}, "model": "item/attribute/basic_strength"},
                { "predicate": { "damaged": 0, "damage": 0.09375}, "model": "item/attribute/basic_speed"},
                { "predicate": { "damaged": 0, "damage": 0.125}, "model": "item/attribute/ability_fire"},
                { "predicate": { "damaged": 0, "damage": 0.15625}, "model": "item/attribute/ability_deforest"},
                { "predicate": { "damaged": 0, "damage": 0.1875}, "model": "item/attribute/ability_dig"},
                { "predicate": { "damaged": 0, "damage": 0.21875}, "model": "item/attribute/ability_loot"},
                { "predicate": { "damaged": 0, "damage": 0.25}, "model": "item/attribute/ability_levitate"},
                { "predicate": { "damaged": 0, "damage": 0.28125}, "model": "item/attribute/ability_glow"},
                { "predicate": { "damaged": 0, "damage": 0.3125}, "model": "item/attribute/ability_minexp"},
                { "predicate": { "damaged": 0, "damage": 0.34375}, "model": "item/attribute/ability_midas"},
                { "predicate": { "damaged": 0, "damage": 0.375}, "model": "item/attribute/ability_passage"},
                { "predicate": { "damaged": 0, "damage": 0.40625}, "model": "item/attribute/ability_flora"},
                { "predicate": { "damaged": 0, "damage": 0.4375}, "model": "item/attribute/bluegembig"},
                { "predicate": { "damaged": 0, "damage": 0.46875}, "model": "item/attribute/blackgembig"},
                { "predicate": { "damaged": 0, "damage": 0.5}, "model": "item/attribute/whitegembig"},
                { "predicate": { "damaged": 0, "damage": 0.53125}, "model": "item/attribute/redgemhuge"},
                { "predicate": { "damaged": 0, "damage": 0.5625}, "model": "item/attribute/darkgreengemhuge"},
                { "predicate": { "damaged": 0, "damage": 0.59375}, "model": "item/attribute/limegemhuge"},
                { "predicate": { "damaged": 0, "damage": 0.625}, "model": "item/attribute/nogemhuge"},
                { "predicate": { "damaged": 0, "damage": 0.65625}, "model": "item/attribute/yellowgemhuge"},
                { "predicate": { "damaged": 0, "damage": 0.6875}, "model": "item/attribute/bluegemhuge"},
                { "predicate": { "damaged": 0, "damage": 0.71875}, "model": "item/attribute/blackgemhuge"},
                { "predicate": { "damaged": 0, "damage": 0.75}, "model": "item/attribute/whitegemhuge"},
                { "predicate": { "damaged": 0, "damage": 0.93750}, "model": "item/attribute/spirit"},
                { "predicate": { "damaged": 0, "damage": 0.96875}, "model": "item/empty"},
                { "predicate": { "damaged": 0, "damage": 1.00}, "model": "item/attribute/mysterious_dust"},
                { "predicate": {"damaged": 1, "damage": 0}, "model": "item/golden_hoe"}
        ]
}