{
"__comment": "Designed by Itszender with BDcraft Cubik PRO 0.96 Beta - http://bdcraft.net",
"textures": {
    "texture": "lightgreenskin",
    "bone": "bone",
    "red": "red",
    "white": "white",
    "black": "black",
    "brown": "brown",
    "anvil_base": "blocks/anvil_base",
    "hardened_clay_stained_red": "blocks/hardened_clay_stained_red",
    "iron_block": "blocks/anvil_base",
    "log_spruce": "blocks/log_spruce"
},
"elements": [ 
{
    "from": [ 1, -16, 4 ],
    "to": [ 6, -12.5, 11 ],
    "faces": {
        "down":  { "uv": [ 0, 4, 5, 11 ], "texture": "#texture" },
        "up":    { "uv": [ 0, 4, 5, 11 ], "texture": "#texture" },
        "north": { "uv": [ 0, 12.5, 5, 16 ], "texture": "#texture" },
        "south": { "uv": [ 0, 12.5, 5, 16 ], "texture": "#texture" },
        "west":  { "uv": [ 4, 12.5, 11, 16 ], "texture": "#texture" },
        "east":  { "uv": [ 4, 12.5, 11, 16 ], "texture": "#texture" }
    }
},
{
    "from": [ 10, -16, 4 ],
    "to": [ 15, -12.5, 11 ],
    "faces": {
        "down":  { "uv": [ 0, 4, 5, 11 ], "texture": "#texture" },
        "up":    { "uv": [ 0, 4, 5, 11 ], "texture": "#texture" },
        "north": { "uv": [ 0, 12.5, 5, 16 ], "texture": "#texture" },
        "south": { "uv": [ 0, 12.5, 5, 16 ], "texture": "#texture" },
        "west":  { "uv": [ 4, 12.5, 11, 16 ], "texture": "#texture" },
        "east":  { "uv": [ 4, 12.5, 11, 16 ], "texture": "#texture" }
    }
},
{
    "from": [ 10.25, -13.3125, 8.1875 ],
    "to": [ 14.75, -2.3125, 12.1875 ],
    "rotation": { "origin": [ 10.25, -2.3125, 8.1875 ], "axis": "x", "angle": 22.5 },
    "faces": {
        "down":  { "uv": [ 0.25, 7.625, 4.75, 11.625 ], "texture": "#texture" },
        "up":    { "uv": [ 0.25, 7.625, 4.75, 11.625 ], "texture": "#texture" },
        "north": { "uv": [ 0, 6.5, 4.5, 16 ], "texture": "#texture" },
        "south": { "uv": [ 0, 6.5, 4.5, 16 ], "texture": "#texture" },
        "west":  { "uv": [ 7.5, 6.5, 11.5, 16 ], "texture": "#texture" },
        "east":  { "uv": [ 7.5, 6.5, 11.5, 16 ], "texture": "#texture" }
    }
},
{
    "from": [ 1.25, -13.3125, 8.1875 ],
    "to": [ 5.75, -2.3125, 12.1875 ],
    "rotation": { "origin": [ 1.25, -2.3125, 8.1875 ], "axis": "x", "angle": 22.5 },
    "faces": {
        "down":  { "uv": [ 0.25, 7.625, 4.75, 11.625 ], "texture": "#texture" },
        "up":    { "uv": [ 0.25, 7.625, 4.75, 11.625 ], "texture": "#texture" },
        "north": { "uv": [ 0, 6.5, 4.5, 16 ], "texture": "#texture" },
        "south": { "uv": [ 0, 6.5, 4.5, 16 ], "texture": "#texture" },
        "west":  { "uv": [ 7.5, 6.5, 11.5, 16 ], "texture": "#texture" },
        "east":  { "uv": [ 7.5, 6.5, 11.5, 16 ], "texture": "#texture" }
    }
},
{
    "from": [ 0.75, -6.47208, 4.5 ],
    "to": [ 6.25, 3.02793, 9 ],
    "rotation": { "origin": [ 0.75, 3.02793, 4.5 ], "axis": "x", "angle": -22.5 },
    "faces": {
        "down":  { "uv": [ 10.5, 5, 16, 9.5 ], "texture": "#texture" },
        "up":    { "uv": [ 10.5, 5, 16, 9.5 ], "texture": "#texture" },
        "north": { "uv": [ 10.5, 6.5, 16, 16 ], "texture": "#texture" },
        "south": { "uv": [ 10.5, 6.5, 16, 16 ], "texture": "#texture" },
        "west":  { "uv": [ 5, 6.5, 9.5, 16 ], "texture": "#texture" },
        "east":  { "uv": [ 5, 6.5, 9.5, 16 ], "texture": "#texture" }
    }
},
{
    "from": [ 9.75, -6.47208, 4.5 ],
    "to": [ 15.25, 3.02793, 9 ],
    "rotation": { "origin": [ 9.75, 3.02793, 4.5 ], "axis": "x", "angle": -22.5 },
    "faces": {
        "down":  { "uv": [ 10.5, 5, 16, 9.5 ], "texture": "#texture" },
        "up":    { "uv": [ 10.5, 5, 16, 9.5 ], "texture": "#texture" },
        "north": { "uv": [ 10.5, 6.5, 16, 16 ], "texture": "#texture" },
        "south": { "uv": [ 10.5, 6.5, 16, 16 ], "texture": "#texture" },
        "west":  { "uv": [ 5, 6.5, 9.5, 16 ], "texture": "#texture" },
        "east":  { "uv": [ 5, 6.5, 9.5, 16 ], "texture": "#texture" }
    }
},
{
    "from": [ 2.25, 0, 4.4375 ],
    "to": [ 13.75, 5, 9.4375 ],
    "faces": {
        "down":  { "uv": [ 11, 9.5, 5, 4.5 ], "texture": "#texture" },
        "up":    { "uv": [ 5, 4.5, 11, 9.5 ], "texture": "#texture" },
        "north": { "uv": [ 5, 11, 11, 16 ], "texture": "#texture" },
        "south": { "uv": [ 5, 11, 11, 16 ], "texture": "#texture" },
        "west":  { "uv": [ 4.5, 11, 9.5, 16 ], "texture": "#texture" },
        "east":  { "uv": [ 6.5, 11, 11.5, 16 ], "texture": "#texture" }
    }
},
{
    "from": [ 2, 5, 4 ],
    "to": [ 14, 10, 10 ],
    "faces": {
        "down":  { "uv": [ 2, 4, 14, 10 ], "texture": "#texture" },
        "up":    { "uv": [ 2, 4, 14, 10 ], "texture": "#texture" },
        "north": { "uv": [ 2, 6, 14, 11 ], "texture": "#texture" },
        "south": { "uv": [ 2, 6, 14, 11 ], "texture": "#texture" },
        "west":  { "uv": [ 4, 6, 10, 11 ], "texture": "#texture" },
        "east":  { "uv": [ 4, 6, 10, 11 ], "texture": "#texture" }
    }
},
{
    "from": [ 0.5, 10, 3.5 ],
    "to": [ 15.5, 16, 10.5 ],
    "faces": {
        "down":  { "uv": [ 15.5, 10.5, 0.5, 3.5 ], "texture": "#texture" },
        "up":    { "uv": [ 0.5, 3.5, 15.5, 10.5 ], "texture": "#texture" },
        "north": { "uv": [ 0.5, 0, 15.5, 6 ], "texture": "#texture" },
        "south": { "uv": [ 0.5, 0, 15.5, 6 ], "texture": "#texture" },
        "west":  { "uv": [ 3.5, 0, 10.5, 6 ], "texture": "#texture" },
        "east":  { "uv": [ 5.5, 0, 12.5, 6 ], "texture": "#texture" }
    }
},
{
    "from": [ 5, 15, 5.5 ],
    "to": [ 11, 22, 11 ],
    "faces": {
        "down":  { "uv": [ 5, 5, 11, 11 ], "texture": "#texture" },
        "up":    { "uv": [ 5, 5, 11, 11 ], "texture": "#texture" },
        "north": { "uv": [ 5, 0, 11, 7 ], "texture": "#texture" },
        "south": { "uv": [ 5, 0, 11, 7 ], "texture": "#texture" },
        "west":  { "uv": [ 5, 0, 11, 7 ], "texture": "#texture" },
        "east":  { "uv": [ 5, 0, 11, 7 ], "texture": "#texture" }
    }
},
{
    "from": [ 5, 19, 11 ],
    "to": [ 11, 22, 11.5 ],
    "faces": {
        "down":  { "uv": [ 5, 11, 11, 11.5 ], "texture": "#texture" },
        "up":    { "uv": [ 5, 11, 11, 11.5 ], "texture": "#texture" },
        "north": { "uv": [ 5, 0, 11, 3 ], "texture": "#texture" },
        "south": { "uv": [ 5, 0, 11, 3 ], "texture": "#texture" },
        "west":  { "uv": [ 11, 0, 11.5, 3 ], "texture": "#texture" },
        "east":  { "uv": [ 11, 0, 11.5, 3 ], "texture": "#texture" }
    }
},
{
    "from": [ 5, 18, 11 ],
    "to": [ 5.5, 19, 11.5 ],
    "faces": {
        "down":  { "uv": [ 5, 11, 5.5, 11.5 ], "texture": "#texture" },
        "up":    { "uv": [ 5, 11, 5.5, 11.5 ], "texture": "#texture" },
        "north": { "uv": [ 5, 0, 5.5, 1 ], "texture": "#texture" },
        "south": { "uv": [ 5, 0, 5.5, 1 ], "texture": "#texture" },
        "west":  { "uv": [ 11, 0, 11.5, 1 ], "texture": "#texture" },
        "east":  { "uv": [ 11, 0, 11.5, 1 ], "texture": "#texture" }
    }
},
{
    "from": [ 7.5, 18, 11 ],
    "to": [ 8.5, 19, 11.5 ],
    "faces": {
        "down":  { "uv": [ 7.5, 11, 8.5, 11.5 ], "texture": "#texture" },
        "up":    { "uv": [ 7.5, 11, 8.5, 11.5 ], "texture": "#texture" },
        "north": { "uv": [ 7.5, 0, 8.5, 1 ], "texture": "#texture" },
        "south": { "uv": [ 7.5, 0, 8.5, 1 ], "texture": "#texture" },
        "west":  { "uv": [ 11, 0, 11.5, 1 ], "texture": "#texture" },
        "east":  { "uv": [ 11, 0, 11.5, 1 ], "texture": "#texture" }
    }
},
{
    "from": [ 10.5, 18, 11 ],
    "to": [ 11, 19, 11.5 ],
    "faces": {
        "down":  { "uv": [ 10.5, 11, 11, 11.5 ], "texture": "#texture" },
        "up":    { "uv": [ 10.5, 11, 11, 11.5 ], "texture": "#texture" },
        "north": { "uv": [ 10.5, 0, 11, 1 ], "texture": "#texture" },
        "south": { "uv": [ 10.5, 0, 11, 1 ], "texture": "#texture" },
        "west":  { "uv": [ 11, 0, 11.5, 1 ], "texture": "#texture" },
        "east":  { "uv": [ 11, 0, 11.5, 1 ], "texture": "#texture" }
    }
},
{
    "from": [ 5, 16.5, 11 ],
    "to": [ 11, 18, 11.5 ],
    "faces": {
        "down":  { "uv": [ 5, 11, 11, 11.5 ], "texture": "#texture" },
        "up":    { "uv": [ 5, 11, 11, 11.5 ], "texture": "#texture" },
        "north": { "uv": [ 5, 0, 11, 1 ], "texture": "#texture" },
        "south": { "uv": [ 5, 0, 11, 1 ], "texture": "#texture" },
        "west":  { "uv": [ 11, 0, 11.5, 1 ], "texture": "#texture" },
        "east":  { "uv": [ 11, 0, 11.5, 1 ], "texture": "#texture" }
    }
},
{
    "from": [ 5, 16, 11 ],
    "to": [ 6, 17, 12 ],
    "faces": {
        "down":  { "uv": [ 5, 11, 6, 12 ], "texture": "#texture" },
        "up":    { "uv": [ 5, 11, 6, 12 ], "texture": "#texture" },
        "north": { "uv": [ 5, 0, 6, 2 ], "texture": "#texture" },
        "south": { "uv": [ 5, 0, 6, 2 ], "texture": "#texture" },
        "west":  { "uv": [ 11, 0, 12, 2 ], "texture": "#texture" },
        "east":  { "uv": [ 11, 0, 12, 2 ], "texture": "#texture" }
    }
},
{
    "from": [ 10, 16, 11 ],
    "to": [ 11, 17, 12 ],
    "faces": {
        "down":  { "uv": [ 10, 11, 11, 12 ], "texture": "#texture" },
        "up":    { "uv": [ 10, 11, 11, 12 ], "texture": "#texture" },
        "north": { "uv": [ 10, 0, 11, 2 ], "texture": "#texture" },
        "south": { "uv": [ 10, 0, 11, 2 ], "texture": "#texture" },
        "west":  { "uv": [ 11, 0, 12, 2 ], "texture": "#texture" },
        "east":  { "uv": [ 11, 0, 12, 2 ], "texture": "#texture" }
    }
},
{
    "from": [ 5, 15, 11 ],
    "to": [ 11, 16, 12 ],
    "faces": {
        "down":  { "uv": [ 6, 11, 10, 12 ], "texture": "#texture" },
        "up":    { "uv": [ 6, 11, 10, 12 ], "texture": "#texture" },
        "north": { "uv": [ 6, 0, 10, 1 ], "texture": "#texture" },
        "south": { "uv": [ 6, 0, 10, 1 ], "texture": "#texture" },
        "west":  { "uv": [ 11, 0, 12, 1 ], "texture": "#texture" },
        "east":  { "uv": [ 11, 0, 12, 1 ], "texture": "#texture" }
    }
},
{
    "from": [ 6, 16, 11.5 ],
    "to": [ 7, 17.5, 12.5 ],
    "faces": {
        "down":  { "uv": [ 6, 11.5, 7, 12.5 ], "texture": "#bone" },
        "up":    { "uv": [ 6, 11.5, 7, 12.5 ], "texture": "#bone" },
        "north": { "uv": [ 6, 0, 7, 1.5 ], "texture": "#bone" },
        "south": { "uv": [ 6, 0, 7, 1.5 ], "texture": "#bone" },
        "west":  { "uv": [ 11.5, 0, 12.5, 1.5 ], "texture": "#bone" },
        "east":  { "uv": [ 11.5, 0, 12.5, 1.5 ], "texture": "#bone" }
    }
},
{
    "from": [ 9, 16, 11.5 ],
    "to": [ 10, 17.5, 12.5 ],
    "faces": {
        "down":  { "uv": [ 9, 11.5, 10, 12.5 ], "texture": "#bone" },
        "up":    { "uv": [ 9, 11.5, 10, 12.5 ], "texture": "#bone" },
        "north": { "uv": [ 9, 0, 10, 1.5 ], "texture": "#bone" },
        "south": { "uv": [ 9, 0, 10, 1.5 ], "texture": "#bone" },
        "west":  { "uv": [ 11.5, 0, 12.5, 1.5 ], "texture": "#bone" },
        "east":  { "uv": [ 11.5, 0, 12.5, 1.5 ], "texture": "#bone" }
    }
},
{
    "from": [ 7.5, 16.9375, 10.5625 ],
    "to": [ 8.5, 17.9375, 11.5625 ],
    "rotation": { "origin": [ 7.5, 17.9375, 10.5625 ], "axis": "x", "angle": -22.5 },
    "faces": {
        "down":  { "uv": [ 7.5, 10.5625, 8.5, 11.5625 ], "texture": "#texture" },
        "up":    { "uv": [ 7.5, 10.5625, 8.5, 11.5625 ], "texture": "#texture" },
        "north": { "uv": [ 7.5, 0, 8.5, 1 ], "texture": "#texture" },
        "south": { "uv": [ 7.5, 0, 8.5, 1 ], "texture": "#texture" },
        "west":  { "uv": [ 10.5625, 0, 11.5625, 1 ], "texture": "#texture" },
        "east":  { "uv": [ 10.5625, 0, 11.5625, 1 ], "texture": "#texture" }
    }
},
{
    "from": [ -3.5, 9.5, 4.5 ],
    "to": [ 0.5, 15.5, 9.5 ],
    "faces": {
        "down":  { "uv": [ 0, 4.5, 4, 9.5 ], "texture": "#texture" },
        "up":    { "uv": [ 0, 4.5, 4, 9.5 ], "texture": "#texture" },
        "north": { "uv": [ 0, 0.5, 4, 6.5 ], "texture": "#texture" },
        "south": { "uv": [ 0, 0.5, 4, 6.5 ], "texture": "#texture" },
        "west":  { "uv": [ 4.5, 0.5, 9.5, 6.5 ], "texture": "#texture" },
        "east":  { "uv": [ 4.5, 0.5, 9.5, 6.5 ], "texture": "#texture" }
    }
},
{
    "from": [ -3.25, 0.5, 4.5625 ],
    "to": [ 0.25, 9.5, 9.0625 ],
    "rotation": { "origin": [ -3.25, 9.5, 4.5625 ], "axis": "x", "angle": -22.5 },
    "faces": {
        "down":  { "uv": [ 0, 4.5, 3.5, 9 ], "texture": "#texture" },
        "up":    { "uv": [ 0, 4.5625, 3.5, 9.0625 ], "texture": "#texture" },
        "north": { "uv": [ 0, 6.5, 3.5, 13.5 ], "texture": "#texture" },
        "south": { "uv": [ 0, 6.5, 3.5, 13.5 ], "texture": "#texture" },
        "west":  { "uv": [ 4.5625, 6.5, 9.0625, 13.5 ], "texture": "#texture" },
        "east":  { "uv": [ 4.5625, 6.5, 9.0625, 13.5 ], "texture": "#texture" }
    }
},
{
    "from": [ -3, -1, 8.4375 ],
    "to": [ 0, 1.5, 11.9375 ],
    "rotation": { "origin": [ -3, 1.5, 8.4375 ], "axis": "x", "angle": -22.5 },
    "faces": {
        "down":  { "uv": [ 0, 8, 3, 11.5 ], "texture": "#texture" },
        "up":    { "uv": [ 0, 8.4375, 3, 11.9375 ], "texture": "#texture" },
        "north": { "uv": [ 0, 13.5, 3, 16 ], "texture": "#texture" },
        "south": { "uv": [ 0, 13.5, 3, 16 ], "texture": "#texture" },
        "west":  { "uv": [ 8, 13.5, 11.5, 16 ], "texture": "#texture" },
        "east":  { "uv": [ 8, 13.5, 11.5, 16 ], "texture": "#texture" }
    }
},
{
    "from": [ 15.75, 0.527938, 4.5625 ],
    "to": [ 19.25, 9.52794, 9.0625 ],
    "rotation": { "origin": [ 15.75, 9.52794, 4.5625 ], "axis": "x", "angle": -22.5 },
    "faces": {
        "down":  { "uv": [ 0, 4.5, 3.5, 9 ], "texture": "#texture" },
        "up":    { "uv": [ 0, 4.5625, 3.5, 9.0625 ], "texture": "#texture" },
        "north": { "uv": [ 0, 6.5, 3.5, 13.5 ], "texture": "#texture" },
        "south": { "uv": [ 0, 6.5, 3.5, 13.5 ], "texture": "#texture" },
        "west":  { "uv": [ 4.5625, 6.5, 9.0625, 13.5 ], "texture": "#texture" },
        "east":  { "uv": [ 4.5625, 6.5, 9.0625, 13.5 ], "texture": "#texture" }
    }
},
{
    "from": [ 16, -0.964394, 8.4375 ],
    "to": [ 19, 1.53561, 11.9375 ],
    "rotation": { "origin": [ 16, 1.53561, 8.4375 ], "axis": "x", "angle": -22.5 },
    "faces": {
        "down":  { "uv": [ 0, 8, 3, 11.5 ], "texture": "#texture" },
        "up":    { "uv": [ 0, 8.4375, 3, 11.9375 ], "texture": "#texture" },
        "north": { "uv": [ 0, 13.5, 3, 16 ], "texture": "#texture" },
        "south": { "uv": [ 0, 13.5, 3, 16 ], "texture": "#texture" },
        "west":  { "uv": [ 8, 13.5, 11.5, 16 ], "texture": "#texture" },
        "east":  { "uv": [ 8, 13.5, 11.5, 16 ], "texture": "#texture" }
    }
},
{
    "from": [ 15.5, 9.53562, 4.5 ],
    "to": [ 19.5, 15.5356, 9.5 ],
    "faces": {
        "down":  { "uv": [ 0, 4.5, 4, 9.5 ], "texture": "#texture" },
        "up":    { "uv": [ 0, 4.5, 4, 9.5 ], "texture": "#texture" },
        "north": { "uv": [ 0, 0.5, 4, 6.5 ], "texture": "#texture" },
        "south": { "uv": [ 0, 0.5, 4, 6.5 ], "texture": "#texture" },
        "west":  { "uv": [ 4.5, 0.5, 9.5, 6.5 ], "texture": "#texture" },
        "east":  { "uv": [ 4.5, 0.5, 9.5, 6.5 ], "texture": "#texture" }
    }
},
{
    "from": [ 5.5, 18, 10.5625 ],
    "to": [ 10.5, 19, 11.0625 ],
    "faces": {
        "down":  { "uv": [ 5.5, 10.5625, 10.5, 11.0625 ], "texture": "#white" },
        "up":    { "uv": [ 5.5, 10.5625, 10.5, 11.0625 ], "texture": "#white" },
        "north": { "uv": [ 5.5, 0, 10.5, 1 ], "texture": "#white" },
        "south": { "uv": [ 5.5, 0, 10.5, 1 ], "texture": "#white" },
        "west":  { "uv": [ 10.5625, 0, 11.0625, 1 ], "texture": "#white" },
        "east":  { "uv": [ 10.5625, 0, 11.0625, 1 ], "texture": "#white" }
    }
},
{
    "from": [ 6, 16, 10.5625 ],
    "to": [ 10, 17, 11.0625 ],
    "faces": {
        "down":  { "uv": [ 6, 10.5625, 10, 11.0625 ], "texture": "#red" },
        "up":    { "uv": [ 6, 10.5625, 10, 11.0625 ], "texture": "#red" },
        "north": { "uv": [ 6, 0, 10, 1 ], "texture": "#red" },
        "south": { "uv": [ 6, 0, 10, 1 ], "texture": "#red" },
        "west":  { "uv": [ 10.5625, 0, 11.0625, 1 ], "texture": "#red" },
        "east":  { "uv": [ 10.5625, 0, 11.0625, 1 ], "texture": "#red" }
    }
},
{
    "from": [ 9.0625, 18.0625, 10.875 ],
    "to": [ 9.875, 18.9375, 11.375 ],
    "faces": {
        "down":  { "uv": [ 9.0625, 10.875, 9.875, 11.375 ], "texture": "#black" },
        "up":    { "uv": [ 9.0625, 10.875, 9.875, 11.375 ], "texture": "#black" },
        "north": { "uv": [ 9.0625, 0, 9.875, 0.875 ], "texture": "#black" },
        "south": { "uv": [ 9.0625, 0, 9.875, 0.875 ], "texture": "#black" },
        "west":  { "uv": [ 10.875, 0, 11.375, 0.875 ], "texture": "#black" },
        "east":  { "uv": [ 10.875, 0, 11.375, 0.875 ], "texture": "#black" }
    }
},
{
    "from": [ 6.125, 18.0625, 10.875 ],
    "to": [ 6.9375, 18.9375, 11.375 ],
    "faces": {
        "down":  { "uv": [ 6.125, 10.875, 6.9375, 11.375 ], "texture": "#black" },
        "up":    { "uv": [ 6.125, 10.875, 6.9375, 11.375 ], "texture": "#black" },
        "north": { "uv": [ 6.125, 0, 6.9375, 0.875 ], "texture": "#black" },
        "south": { "uv": [ 6.125, 0, 6.9375, 0.875 ], "texture": "#black" },
        "west":  { "uv": [ 10.875, 0, 11.375, 0.875 ], "texture": "#black" },
        "east":  { "uv": [ 10.875, 0, 11.375, 0.875 ], "texture": "#black" }
    }
},
{
    "from": [ 8.375, 19.25, 11.25 ],
    "to": [ 10.375, 19.75, 11.75 ],
    "rotation": { "origin": [ 8.375, 19.75, 11.25 ], "axis": "z", "angle": 22.5 },
    "faces": {
        "down":  { "uv": [ 8.375, 11.25, 10.375, 11.75 ], "texture": "#brown" },
        "up":    { "uv": [ 8.375, 11.25, 10.375, 11.75 ], "texture": "#brown" },
        "north": { "uv": [ 8.375, 0, 10.375, 0.5 ], "texture": "#brown" },
        "south": { "uv": [ 8.375, 0, 10.375, 0.5 ], "texture": "#brown" },
        "west":  { "uv": [ 11.25, 0, 11.75, 0.5 ], "texture": "#brown" },
        "east":  { "uv": [ 11.25, 0, 11.75, 0.5 ], "texture": "#brown" }
    }
},
{
    "from": [ 5.75, 20, 11.25 ],
    "to": [ 7.75, 20.5, 11.75 ],
    "rotation": { "origin": [ 5.75, 20.5, 11.25 ], "axis": "z", "angle": -22.5 },
    "faces": {
        "down":  { "uv": [ 5.75, 11.25, 7.75, 11.75 ], "texture": "#brown" },
        "up":    { "uv": [ 5.75, 11.25, 7.75, 11.75 ], "texture": "#brown" },
        "north": { "uv": [ 5.75, 0, 7.75, 0.5 ], "texture": "#brown" },
        "south": { "uv": [ 5.75, 0, 7.75, 0.5 ], "texture": "#brown" },
        "west":  { "uv": [ 11.25, 0, 11.75, 0.5 ], "texture": "#brown" },
        "east":  { "uv": [ 11.25, 0, 11.75, 0.5 ], "texture": "#brown" }
    }
},
{
    "from": [ 0, 12, 3 ],
    "to": [ 5, 16.5, 11 ],
    "faces": {
        "down":  { "uv": [ 16, 11, 11, 3 ], "texture": "#hardened_clay_stained_red" },
        "up":    { "uv": [ 0, 3, 5, 11 ], "texture": "#hardened_clay_stained_red" },
        "north": { "uv": [ 11, 0, 16, 4 ], "texture": "#hardened_clay_stained_red" },
        "south": { "uv": [ 0, 0, 5, 4 ], "texture": "#hardened_clay_stained_red" },
        "west":  { "uv": [ 3, 0, 11, 4 ], "texture": "#hardened_clay_stained_red" },
        "east":  { "uv": [ 5, 0, 13, 4 ], "texture": "#hardened_clay_stained_red" }
    }
},
{
    "from": [ 11, 12, 3 ],
    "to": [ 16, 16.5, 11 ],
    "faces": {
        "down":  { "uv": [ 5, 11, 0, 3 ], "texture": "#hardened_clay_stained_red" },
        "up":    { "uv": [ 11, 3, 16, 11 ], "texture": "#hardened_clay_stained_red" },
        "north": { "uv": [ 0, 0, 5, 4 ], "texture": "#hardened_clay_stained_red" },
        "south": { "uv": [ 11, 0, 16, 4 ], "texture": "#hardened_clay_stained_red" },
        "west":  { "uv": [ 3, 0, 11, 4 ], "texture": "#hardened_clay_stained_red" },
        "east":  { "uv": [ 5, 0, 13, 4 ], "texture": "#hardened_clay_stained_red" }
    }
},
{
    "from": [ -4, 12.5, 4 ],
    "to": [ 0, 16, 10 ],
    "faces": {
        "down":  { "uv": [ 0, 4, 4, 10 ], "texture": "#hardened_clay_stained_red" },
        "up":    { "uv": [ 0, 4, 4, 10 ], "texture": "#hardened_clay_stained_red" },
        "north": { "uv": [ 0, 0, 4, 3.5 ], "texture": "#hardened_clay_stained_red" },
        "south": { "uv": [ 0, 0, 4, 3.5 ], "texture": "#hardened_clay_stained_red" },
        "west":  { "uv": [ 4, 0, 10, 3.5 ], "texture": "#hardened_clay_stained_red" },
        "east":  { "uv": [ 4, 0, 10, 3.5 ], "texture": "#hardened_clay_stained_red" }
    }
},
{
    "from": [ 16, 12.5, 4 ],
    "to": [ 20, 16, 10 ],
    "faces": {
        "down":  { "uv": [ 0, 4, 4, 10 ], "texture": "#hardened_clay_stained_red" },
        "up":    { "uv": [ 0, 4, 4, 10 ], "texture": "#hardened_clay_stained_red" },
        "north": { "uv": [ 0, 0, 4, 3.5 ], "texture": "#hardened_clay_stained_red" },
        "south": { "uv": [ 0, 0, 4, 3.5 ], "texture": "#hardened_clay_stained_red" },
        "west":  { "uv": [ 4, 0, 10, 3.5 ], "texture": "#hardened_clay_stained_red" },
        "east":  { "uv": [ 4, 0, 10, 3.5 ], "texture": "#hardened_clay_stained_red" }
    }
},
{
    "from": [ 1.75, 4, 3.75 ],
    "to": [ 14.25, 6.5, 10.25 ],
    "faces": {
        "down":  { "uv": [ 1.75, 3.75, 14.25, 10.25 ], "texture": "#brown" },
        "up":    { "uv": [ 1.75, 3.75, 14.25, 10.25 ], "texture": "#brown" },
        "north": { "uv": [ 1.75, 8.5, 14.25, 11.5 ], "texture": "#brown" },
        "south": { "uv": [ 1.75, 8.5, 14.25, 11.5 ], "texture": "#brown" },
        "west":  { "uv": [ 3.75, 8.5, 10.25, 11.5 ], "texture": "#brown" },
        "east":  { "uv": [ 3.75, 8.5, 10.25, 11.5 ], "texture": "#brown" }
    }
},
{
    "from": [ 6.25, -0.5, 4 ],
    "to": [ 9.75, 4, 4.5 ],
    "faces": {
        "down":  { "uv": [ 9.75, 4.5, 6.25, 4 ], "texture": "#brown" },
        "up":    { "uv": [ 6.25, 4, 9.75, 4.5 ], "texture": "#brown" },
        "north": { "uv": [ 6.25, 12, 9.75, 16 ], "texture": "#brown" },
        "south": { "uv": [ 6.25, 12, 9.75, 16 ], "texture": "#brown" },
        "west":  { "uv": [ 4, 12, 4.5, 16 ], "texture": "#brown" },
        "east":  { "uv": [ 11.5, 12, 12, 16 ], "texture": "#brown" }
    }
},
{
    "from": [ 4.5, 3, 4.1875 ],
    "to": [ 11.5, 4, 9.6875 ],
    "faces": {
        "down":  { "uv": [ 11.5, 9.6875, 4.5, 4.1875 ], "texture": "#brown" },
        "up":    { "uv": [ 4.5, 4.1875, 11.5, 9.6875 ], "texture": "#brown" },
        "north": { "uv": [ 4.5, 12, 11.5, 13 ], "texture": "#brown" },
        "south": { "uv": [ 4.5, 12, 11.5, 13 ], "texture": "#brown" },
        "west":  { "uv": [ 4.1875, 12, 9.6875, 13 ], "texture": "#brown" },
        "east":  { "uv": [ 6.3125, 12, 11.8125, 13 ], "texture": "#brown" }
    }
},
{
    "from": [ 6.5, -1.5, 9.5 ],
    "to": [ 9.5, -0.5, 10 ],
    "faces": {
        "down":  { "uv": [ 6.5, 9.5, 9.5, 10 ], "texture": "#brown" },
        "up":    { "uv": [ 6.5, 9.5, 9.5, 10 ], "texture": "#brown" },
        "north": { "uv": [ 6.5, 15, 9.5, 16 ], "texture": "#brown" },
        "south": { "uv": [ 6.5, 15, 9.5, 16 ], "texture": "#brown" },
        "west":  { "uv": [ 9.5, 15, 10, 16 ], "texture": "#brown" },
        "east":  { "uv": [ 9.5, 15, 10, 16 ], "texture": "#brown" }
    }
},
{
    "from": [ 8, -3, 9.5 ],
    "to": [ 9, -1.5, 10 ],
    "faces": {
        "down":  { "uv": [ 8, 9.5, 9, 10 ], "texture": "#brown" },
        "up":    { "uv": [ 8, 9.5, 9, 10 ], "texture": "#brown" },
        "north": { "uv": [ 8, 14.5, 9, 16 ], "texture": "#brown" },
        "south": { "uv": [ 8, 14.5, 9, 16 ], "texture": "#brown" },
        "west":  { "uv": [ 9.5, 14.5, 10, 16 ], "texture": "#brown" },
        "east":  { "uv": [ 9.5, 14.5, 10, 16 ], "texture": "#brown" }
    }
},
{
    "from": [ 7, -2, 9.5 ],
    "to": [ 8, -1.5, 10 ],
    "faces": {
        "down":  { "uv": [ 7, 9.5, 8, 10 ], "texture": "#brown" },
        "up":    { "uv": [ 7, 9.5, 8, 10 ], "texture": "#brown" },
        "north": { "uv": [ 7, 15.5, 8, 16 ], "texture": "#brown" },
        "south": { "uv": [ 7, 15.5, 8, 16 ], "texture": "#brown" },
        "west":  { "uv": [ 9.5, 15.5, 10, 16 ], "texture": "#brown" },
        "east":  { "uv": [ 9.5, 15.5, 10, 16 ], "texture": "#brown" }
    }
},
{
    "from": [ 6.25, -0.5, 9.5 ],
    "to": [ 9.75, 4, 10 ],
    "faces": {
        "down":  { "uv": [ 9.75, 10, 6.25, 9.5 ], "texture": "#brown" },
        "up":    { "uv": [ 6.25, 9.5, 9.75, 10 ], "texture": "#brown" },
        "north": { "uv": [ 6.25, 12, 9.75, 16 ], "texture": "#brown" },
        "south": { "uv": [ 6.25, 12, 9.75, 16 ], "texture": "#brown" },
        "west":  { "uv": [ 9.5, 12, 10, 16 ], "texture": "#brown" },
        "east":  { "uv": [ 6, 12, 6.5, 16 ], "texture": "#brown" }
    }
},
{
    "from": [ 6.5, -2, 4 ],
    "to": [ 8.5, -0.5, 4.5 ],
    "faces": {
        "down":  { "uv": [ 6.5, 4, 8.5, 4.5 ], "texture": "#brown" },
        "up":    { "uv": [ 6.5, 4, 8.5, 4.5 ], "texture": "#brown" },
        "north": { "uv": [ 6.5, 14.5, 8.5, 16 ], "texture": "#brown" },
        "south": { "uv": [ 6.5, 14.5, 8.5, 16 ], "texture": "#brown" },
        "west":  { "uv": [ 4, 14.5, 4.5, 16 ], "texture": "#brown" },
        "east":  { "uv": [ 4, 14.5, 4.5, 16 ], "texture": "#brown" }
    }
},
{
    "from": [ 8.5, -1.5, 4 ],
    "to": [ 9.5, -0.5, 4.5 ],
    "faces": {
        "down":  { "uv": [ 8.5, 4, 9.5, 4.5 ], "texture": "#brown" },
        "up":    { "uv": [ 8.5, 4, 9.5, 4.5 ], "texture": "#brown" },
        "north": { "uv": [ 8.5, 15, 9.5, 16 ], "texture": "#brown" },
        "south": { "uv": [ 8.5, 15, 9.5, 16 ], "texture": "#brown" },
        "west":  { "uv": [ 4, 15, 4.5, 16 ], "texture": "#brown" },
        "east":  { "uv": [ 4, 15, 4.5, 16 ], "texture": "#brown" }
    }
},
{
    "from": [ 7, -3, 4 ],
    "to": [ 8, -2, 4.5 ],
    "faces": {
        "down":  { "uv": [ 7, 4, 8, 4.5 ], "texture": "#brown" },
        "up":    { "uv": [ 7, 4, 8, 4.5 ], "texture": "#brown" },
        "north": { "uv": [ 7, 15, 8, 16 ], "texture": "#brown" },
        "south": { "uv": [ 7, 15, 8, 16 ], "texture": "#brown" },
        "west":  { "uv": [ 4, 15, 4.5, 16 ], "texture": "#brown" },
        "east":  { "uv": [ 4, 15, 4.5, 16 ], "texture": "#brown" }
    }
},
{
    "from": [ 15.5, 1.1875, 5.8125 ],
    "to": [ 19.5, 5.6875, 10.8125 ],
    "rotation": { "origin": [ 15.5, 5.6875, 5.8125 ], "axis": "x", "angle": -22.5 },
    "faces": {
        "down":  { "uv": [ 0, 5.5, 4, 10.5 ], "texture": "#brown" },
        "up":    { "uv": [ 0, 5.8125, 4, 10.8125 ], "texture": "#brown" },
        "north": { "uv": [ 0, 10.3125, 4, 14.8125 ], "texture": "#brown" },
        "south": { "uv": [ 0, 10.3125, 4, 14.8125 ], "texture": "#brown" },
        "west":  { "uv": [ 5.8125, 10.3125, 10.8125, 14.8125 ], "texture": "#brown" },
        "east":  { "uv": [ 5.8125, 10.3125, 10.8125, 14.8125 ], "texture": "#brown" }
    }
},
{
    "from": [ -3.5, 1.1875, 5.8125 ],
    "to": [ 0.5, 5.6875, 10.8125 ],
    "rotation": { "origin": [ -3.5, 5.6875, 5.8125 ], "axis": "x", "angle": -22.5 },
    "faces": {
        "down":  { "uv": [ 0, 5.5, 4, 10.5 ], "texture": "#brown" },
        "up":    { "uv": [ 0, 5.8125, 4, 10.8125 ], "texture": "#brown" },
        "north": { "uv": [ 0, 10.3125, 4, 14.8125 ], "texture": "#brown" },
        "south": { "uv": [ 0, 10.3125, 4, 14.8125 ], "texture": "#brown" },
        "west":  { "uv": [ 5.8125, 10.3125, 10.8125, 14.8125 ], "texture": "#brown" },
        "east":  { "uv": [ 5.8125, 10.3125, 10.8125, 14.8125 ], "texture": "#brown" }
    }
},
{
    "from": [ 7, 20, 5.6875 ],
    "to": [ 9, 22, 7.6875 ],
    "rotation": { "origin": [ 7, 22, 5.6875 ], "axis": "x", "angle": -45 },
    "faces": {
        "down":  { "uv": [ 7, 5.1875, 9, 7.1875 ], "texture": "#anvil_base" },
        "up":    { "uv": [ 7, 5.1875, 9, 7.1875 ], "texture": "#anvil_base" },
        "north": { "uv": [ 7, 0, 9, 2 ], "texture": "#anvil_base" },
        "south": { "uv": [ 7, 0, 9, 2 ], "texture": "#anvil_base" },
        "west":  { "uv": [ 5.1875, 0, 7.1875, 2 ], "texture": "#anvil_base" },
        "east":  { "uv": [ 5.1875, 0, 7.1875, 2 ], "texture": "#anvil_base" }
    }
},
{
    "from": [ 7.25, 22.25, 5.625 ],
    "to": [ 8.75, 23.75, 7.125 ],
    "rotation": { "origin": [ 7.25, 23.75, 5.625 ], "axis": "x", "angle": 22.5 },
    "faces": {
        "down":  { "uv": [ 7.25, 5.625, 8.75, 7.125 ], "texture": "#brown" },
        "up":    { "uv": [ 7.25, 5.625, 8.75, 7.125 ], "texture": "#brown" },
        "north": { "uv": [ 7.25, 0, 8.75, 1.5 ], "texture": "#brown" },
        "south": { "uv": [ 7.25, 0, 8.75, 1.5 ], "texture": "#brown" },
        "west":  { "uv": [ 5.625, 0, 7.125, 1.5 ], "texture": "#brown" },
        "east":  { "uv": [ 5.625, 0, 7.125, 1.5 ], "texture": "#brown" }
    }
},
{
    "from": [ 7, 21, 4 ],
    "to": [ 9, 23, 5.5 ],
    "faces": {
        "down":  { "uv": [ 7, 4.5, 9, 6 ], "texture": "#brown" },
        "up":    { "uv": [ 7, 4.5, 9, 6 ], "texture": "#brown" },
        "north": { "uv": [ 7, 0, 9, 4 ], "texture": "#brown" },
        "south": { "uv": [ 7, 0, 9, 4 ], "texture": "#brown" },
        "west":  { "uv": [ 4.5, 0, 6, 4 ], "texture": "#brown" },
        "east":  { "uv": [ 4.5, 0, 6, 4 ], "texture": "#brown" }
    }
},
{
    "from": [ 6.75, 17, 3.75 ],
    "to": [ 9.25, 21, 5.75 ],
    "faces": {
        "down":  { "uv": [ 6.75, 3.75, 9.25, 5.75 ], "texture": "#brown" },
        "up":    { "uv": [ 6.75, 3.75, 9.25, 5.75 ], "texture": "#brown" },
        "north": { "uv": [ 6.75, 0, 9.25, 4 ], "texture": "#brown" },
        "south": { "uv": [ 6.75, 0, 9.25, 4 ], "texture": "#brown" },
        "west":  { "uv": [ 3.75, 0, 5.75, 4 ], "texture": "#brown" },
        "east":  { "uv": [ 3.75, 0, 5.75, 4 ], "texture": "#brown" }
    }
},
{
    "from": [ 7.5, 23, 4.5 ],
    "to": [ 8.5, 23.5, 5.5 ],
    "faces": {
        "down":  { "uv": [ 7.5, 4.5, 8.5, 5.5 ], "texture": "#brown" },
        "up":    { "uv": [ 7.5, 4.5, 8.5, 5.5 ], "texture": "#brown" },
        "north": { "uv": [ 7.5, 0, 8.5, 0.5 ], "texture": "#brown" },
        "south": { "uv": [ 7.5, 0, 8.5, 0.5 ], "texture": "#brown" },
        "west":  { "uv": [ 4.5, 0, 5.5, 0.5 ], "texture": "#brown" },
        "east":  { "uv": [ 4.5, 0, 5.5, 0.5 ], "texture": "#brown" }
    }
},
{
    "from": [ 6.5, 16, 4 ],
    "to": [ 9.5, 18, 5.5 ],
    "rotation": { "origin": [ 6.5, 18, 4 ], "axis": "x", "angle": 45 },
    "faces": {
        "down":  { "uv": [ 6.5, 4, 9.5, 5.5 ], "texture": "#brown" },
        "up":    { "uv": [ 6.5, 4, 9.5, 5.5 ], "texture": "#brown" },
        "north": { "uv": [ 6.5, 0, 9.5, 2 ], "texture": "#brown" },
        "south": { "uv": [ 6.5, 0, 9.5, 2 ], "texture": "#brown" },
        "west":  { "uv": [ 4, 0, 5.5, 2 ], "texture": "#brown" },
        "east":  { "uv": [ 4, 0, 5.5, 2 ], "texture": "#brown" }
    }
},
{
    "from": [ 1.5, 15.6875, 3.75 ],
    "to": [ 3.5, 16.6875, 5.75 ],
    "rotation": { "origin": [ 1.5, 16.6875, 3.75 ], "axis": "x", "angle": -22.5 },
    "faces": {
        "down":  { "uv": [ 1.5, 3.75, 3.5, 5.75 ], "texture": "#anvil_base" },
        "up":    { "uv": [ 1.5, 3.75, 3.5, 5.75 ], "texture": "#anvil_base" },
        "north": { "uv": [ 1.5, 0, 3.5, 1 ], "texture": "#anvil_base" },
        "south": { "uv": [ 1.5, 0, 3.5, 1 ], "texture": "#anvil_base" },
        "west":  { "uv": [ 3.75, 0, 5.75, 1 ], "texture": "#anvil_base" },
        "east":  { "uv": [ 3.75, 0, 5.75, 1 ], "texture": "#anvil_base" }
    }
},
{
    "from": [ 1.5, 16.4375, 8.375 ],
    "to": [ 3.5, 17.4375, 10.375 ],
    "rotation": { "origin": [ 1.5, 17.4375, 8.375 ], "axis": "x", "angle": 22.5 },
    "faces": {
        "down":  { "uv": [ 1.5, 8.375, 3.5, 10.375 ], "texture": "#anvil_base" },
        "up":    { "uv": [ 1.5, 8.375, 3.5, 10.375 ], "texture": "#anvil_base" },
        "north": { "uv": [ 1.5, 0, 3.5, 1 ], "texture": "#anvil_base" },
        "south": { "uv": [ 1.5, 0, 3.5, 1 ], "texture": "#anvil_base" },
        "west":  { "uv": [ 8.375, 0, 10.375, 1 ], "texture": "#anvil_base" },
        "east":  { "uv": [ 8.375, 0, 10.375, 1 ], "texture": "#anvil_base" }
    }
},
{
    "from": [ 12.5, 15.6875, 3.75 ],
    "to": [ 14.5, 16.6875, 5.75 ],
    "rotation": { "origin": [ 12.5, 16.6875, 3.75 ], "axis": "x", "angle": -22.5 },
    "faces": {
        "down":  { "uv": [ 12.5, 3.75, 14.5, 5.75 ], "texture": "#anvil_base" },
        "up":    { "uv": [ 12.5, 3.75, 14.5, 5.75 ], "texture": "#anvil_base" },
        "north": { "uv": [ 12.5, 0, 14.5, 1 ], "texture": "#anvil_base" },
        "south": { "uv": [ 12.5, 0, 14.5, 1 ], "texture": "#anvil_base" },
        "west":  { "uv": [ 3.75, 0, 5.75, 1 ], "texture": "#anvil_base" },
        "east":  { "uv": [ 3.75, 0, 5.75, 1 ], "texture": "#anvil_base" }
    }
},
{
    "from": [ 12.5, 16.4375, 8.375 ],
    "to": [ 14.5, 17.4375, 10.375 ],
    "rotation": { "origin": [ 12.5, 17.4375, 8.375 ], "axis": "x", "angle": 22.5 },
    "faces": {
        "down":  { "uv": [ 12.5, 8.375, 14.5, 10.375 ], "texture": "#anvil_base" },
        "up":    { "uv": [ 12.5, 8.375, 14.5, 10.375 ], "texture": "#anvil_base" },
        "north": { "uv": [ 12.5, 0, 14.5, 1 ], "texture": "#anvil_base" },
        "south": { "uv": [ 12.5, 0, 14.5, 1 ], "texture": "#anvil_base" },
        "west":  { "uv": [ 8.375, 0, 10.375, 1 ], "texture": "#anvil_base" },
        "east":  { "uv": [ 8.375, 0, 10.375, 1 ], "texture": "#anvil_base" }
    }
},
{
    "from": [ 17.125, 15.25, 6 ],
    "to": [ 19.125, 16.25, 8 ],
    "faces": {
        "down":  { "uv": [ 13.875, 6, 15.875, 8 ], "texture": "#anvil_base" },
        "up":    { "uv": [ 13.875, 6, 15.875, 8 ], "texture": "#anvil_base" },
        "north": { "uv": [ 13.875, 0, 15.875, 1 ], "texture": "#anvil_base" },
        "south": { "uv": [ 13.875, 0, 15.875, 1 ], "texture": "#anvil_base" },
        "west":  { "uv": [ 6, 0, 8, 1 ], "texture": "#anvil_base" },
        "east":  { "uv": [ 6, 0, 8, 1 ], "texture": "#anvil_base" }
    }
},
{
    "from": [ -3, 15.1875, 6 ],
    "to": [ -1, 16.1875, 8 ],
    "faces": {
        "down":  { "uv": [ 0.25, 6, 2.25, 8 ], "texture": "#anvil_base" },
        "up":    { "uv": [ 0, 6, 2, 8 ], "texture": "#anvil_base" },
        "north": { "uv": [ 0, 0, 2, 1 ], "texture": "#anvil_base" },
        "south": { "uv": [ 0, 0, 2, 1 ], "texture": "#anvil_base" },
        "west":  { "uv": [ 6, 0, 8, 1 ], "texture": "#anvil_base" },
        "east":  { "uv": [ 6, 0, 8, 1 ], "texture": "#anvil_base" }
    }
},
{
    "from": [ 5, 13, 10.25 ],
    "to": [ 11, 14, 10.75 ],
    "faces": {
        "down":  { "uv": [ 11, 10.75, 5, 10.25 ], "texture": "#anvil_base" },
        "up":    { "uv": [ 5, 10.25, 11, 10.75 ], "texture": "#anvil_base" },
        "north": { "uv": [ 5, 2, 11, 3 ], "texture": "#anvil_base" },
        "south": { "uv": [ 5, 2, 11, 3 ], "texture": "#anvil_base" },
        "west":  { "uv": [ 10.25, 2, 10.75, 3 ], "texture": "#anvil_base" },
        "east":  { "uv": [ 5.25, 2, 5.75, 3 ], "texture": "#anvil_base" }
    }
},
{
    "from": [ 3.5, 8, 9.9375 ],
    "to": [ 5, 12.5, 10.9375 ],
    "rotation": { "origin": [ 3.5, 12.5, 9.9375 ], "axis": "z", "angle": 45 },
    "faces": {
        "down":  { "uv": [ 12.5, 12, 11.5, 11 ], "texture": "#anvil_base" },
        "up":    { "uv": [ 3.5, 11, 4.5, 12 ], "texture": "#anvil_base" },
        "north": { "uv": [ 11.5, 4.5, 12.5, 9 ], "texture": "#anvil_base" },
        "south": { "uv": [ 3.5, 4.5, 4.5, 9 ], "texture": "#anvil_base" },
        "west":  { "uv": [ 11, 4.5, 12, 9 ], "texture": "#anvil_base" },
        "east":  { "uv": [ 4, 4.5, 5, 9 ], "texture": "#anvil_base" }
    }
},
{
    "from": [ 6.4375, 3.5625, 9.625 ],
    "to": [ 7.9375, 9.5625, 10.125 ],
    "rotation": { "origin": [ 6.4375, 9.5625, 9.625 ], "axis": "z", "angle": 45 },
    "faces": {
        "down":  { "uv": [ 12.5, 12, 11.5, 11 ], "texture": "#anvil_base" },
        "up":    { "uv": [ 3.5, 11, 4.5, 12 ], "texture": "#anvil_base" },
        "north": { "uv": [ 11.5, 4.5, 12.5, 9 ], "texture": "#anvil_base" },
        "south": { "uv": [ 3.5, 4.5, 4.5, 9 ], "texture": "#anvil_base" },
        "west":  { "uv": [ 11, 4.5, 12, 9 ], "texture": "#anvil_base" },
        "east":  { "uv": [ 4, 4.5, 5, 9 ], "texture": "#anvil_base" }
    }
},
{
    "from": [ 6.5, 6, 9.5625 ],
    "to": [ 8, 9.5, 10.5625 ],
    "rotation": { "origin": [ 6.5, 9.5, 9.5625 ], "axis": "z", "angle": 45 },
    "faces": {
        "down":  { "uv": [ 9, 12, 8, 11.5 ], "texture": "#anvil_base" },
        "up":    { "uv": [ 7, 11.5, 8, 12 ], "texture": "#anvil_base" },
        "north": { "uv": [ 8, 7, 9, 9.5 ], "texture": "#anvil_base" },
        "south": { "uv": [ 7, 7, 8, 9.5 ], "texture": "#anvil_base" },
        "west":  { "uv": [ 11.5, 7, 12, 9.5 ], "texture": "#anvil_base" },
        "east":  { "uv": [ 4, 7, 4.5, 9.5 ], "texture": "#anvil_base" }
    }
},
{
    "from": [ 4.375, 17.9375, 9.5 ],
    "to": [ 5.375, 19.4375, 10 ],
    "rotation": { "origin": [ 4.375, 19.4375, 9.5 ], "axis": "z", "angle": 22.5 },
    "faces": {
        "down":  { "uv": [ 4.375, 9.5, 5.375, 10 ], "texture": "#texture" },
        "up":    { "uv": [ 4.375, 9.5, 5.375, 10 ], "texture": "#texture" },
        "north": { "uv": [ 4.375, 0, 5.375, 1.5 ], "texture": "#texture" },
        "south": { "uv": [ 4.375, 0, 5.375, 1.5 ], "texture": "#texture" },
        "west":  { "uv": [ 9.5, 0, 10, 1.5 ], "texture": "#texture" },
        "east":  { "uv": [ 9.5, 0, 10, 1.5 ], "texture": "#texture" }
    }
},
{
    "from": [ 10.6875, 18.3125, 9.5 ],
    "to": [ 11.6875, 19.8125, 10 ],
    "rotation": { "origin": [ 10.6875, 19.8125, 9.5 ], "axis": "z", "angle": -22.5 },
    "faces": {
        "down":  { "uv": [ 10.6875, 9.5, 11.6875, 10 ], "texture": "#texture" },
        "up":    { "uv": [ 10.6875, 9.5, 11.6875, 10 ], "texture": "#texture" },
        "north": { "uv": [ 10.6875, 0, 11.6875, 1.5 ], "texture": "#texture" },
        "south": { "uv": [ 10.6875, 0, 11.6875, 1.5 ], "texture": "#texture" },
        "west":  { "uv": [ 9.5, 0, 10, 1.5 ], "texture": "#texture" },
        "east":  { "uv": [ 9.5, 0, 10, 1.5 ], "texture": "#texture" }
    }
},
{
    "from": [ -2.25, -1, 8 ],
    "to": [ -0.75, 0.5, 19.5 ],
    "rotation": { "origin": [ -2.25, 0.5, 8 ], "axis": "x", "angle": -22.5 },
    "faces": {
        "down":  { "uv": [ 0, 4.5, 1.5, 16 ], "texture": "#log_spruce" },
        "up":    { "uv": [ 0, 4.5, 1.5, 16 ], "texture": "#log_spruce" },
        "north": { "uv": [ 0, 14.5, 1.5, 16 ], "texture": "#log_spruce" },
        "south": { "uv": [ 0, 14.5, 1.5, 16 ], "texture": "#log_spruce" },
        "west":  { "uv": [ 4.5, 14.5, 16, 16 ], "texture": "#log_spruce" },
        "east":  { "uv": [ 4.5, 14.5, 16, 16 ], "texture": "#log_spruce" }
    }
},
{
    "from": [ -2, 1.4375, 15.375 ],
    "to": [ -1, 4.4375, 17.375 ],
    "rotation": { "origin": [ -2, 4.4375, 15.375 ], "axis": "x", "angle": -22.5 },
    "faces": {
        "down":  { "uv": [ 1, 13, 2, 15 ], "texture": "#iron_block" },
        "up":    { "uv": [ 1, 13, 2, 15 ], "texture": "#iron_block" },
        "north": { "uv": [ 6, 12.0625, 7, 15.0625 ], "texture": "#iron_block" },
        "south": { "uv": [ 6.5, 12.0625, 7.5, 15.0625 ], "texture": "#iron_block" },
        "west":  { "uv": [ 8, 12, 10, 15 ], "texture": "#iron_block" },
        "east":  { "uv": [ 7.5, 12, 9.5, 15 ], "texture": "#iron_block" }
    }
},
{
    "from": [ -2, -0.5, 16.125 ],
    "to": [ -1, 1.5, 19.125 ],
    "rotation": { "origin": [ -2, 1.5, 16.125 ], "axis": "x", "angle": -22.5 },
    "faces": {
        "down":  { "uv": [ 1, 11.625, 2, 14.625 ], "texture": "#iron_block" },
        "up":    { "uv": [ 1, 11.625, 2, 14.625 ], "texture": "#iron_block" },
        "north": { "uv": [ 1, 10, 2, 12 ], "texture": "#iron_block" },
        "south": { "uv": [ 1, 10, 2, 12 ], "texture": "#iron_block" },
        "west":  { "uv": [ 11.5, 10, 14.5, 12 ], "texture": "#iron_block" },
        "east":  { "uv": [ 11.625, 10, 14.625, 12 ], "texture": "#iron_block" }
    }
},
{
    "from": [ -1.75, -1.125, 16.75 ],
    "to": [ -1.25, -0.125, 19.75 ],
    "rotation": { "origin": [ -1.75, -0.125, 16.75 ], "axis": "x", "angle": -22.5 },
    "faces": {
        "down":  { "uv": [ 1.75, 11.75, 2.25, 14.75 ], "texture": "#iron_block" },
        "up":    { "uv": [ 2, 11.75, 2.5, 14.75 ], "texture": "#iron_block" },
        "north": { "uv": [ 1.5, 13.625, 2, 14.625 ], "texture": "#iron_block" },
        "south": { "uv": [ 2, 13.125, 2.5, 14.125 ], "texture": "#iron_block" },
        "west":  { "uv": [ 11.75, 13.125, 14.75, 14.125 ], "texture": "#iron_block" },
        "east":  { "uv": [ 11.75, 14.125, 14.75, 15.125 ], "texture": "#iron_block" }
    }
},
{
    "from": [ -1.75, -0.8125, 15.4375 ],
    "to": [ -1.25, 1.1875, 19.9375 ],
    "rotation": { "origin": [ -1.75, 1.1875, 15.4375 ], "axis": "x", "angle": -22.5 },
    "faces": {
        "down":  { "uv": [ 1.75, 9.4375, 2.25, 13.9375 ], "texture": "#iron_block" },
        "up":    { "uv": [ 2, 9.9375, 2.5, 14.4375 ], "texture": "#iron_block" },
        "north": { "uv": [ 1.5, 10.3125, 2, 12.3125 ], "texture": "#iron_block" },
        "south": { "uv": [ 1.5, 10.3125, 2, 12.3125 ], "texture": "#iron_block" },
        "west":  { "uv": [ 10.5, 10, 15, 12 ], "texture": "#iron_block" },
        "east":  { "uv": [ 10.5, 10, 15, 12 ], "texture": "#iron_block" }
    }
},
{
    "from": [ -1.75, -0.1875, 14.5625 ],
    "to": [ -1.25, 0.8125, 15.5625 ],
    "rotation": { "origin": [ -1.75, 0.8125, 14.5625 ], "axis": "x", "angle": -22.5 },
    "faces": {
        "down":  { "uv": [ 1.25, 13.0625, 1.75, 14.0625 ], "texture": "#iron_block" },
        "up":    { "uv": [ 1, 13.0625, 1.5, 14.0625 ], "texture": "#iron_block" },
        "north": { "uv": [ 1.5, 13.1875, 2, 14.1875 ], "texture": "#iron_block" },
        "south": { "uv": [ 1.5, 13.6875, 2, 14.6875 ], "texture": "#iron_block" },
        "west":  { "uv": [ 13.0625, 13.6875, 14.0625, 14.6875 ], "texture": "#iron_block" },
        "east":  { "uv": [ 13.5625, 13.6875, 14.5625, 14.6875 ], "texture": "#iron_block" }
    }
},
{
    "from": [ -2, 3.9375, 14.125 ],
    "to": [ -1, 5.9375, 17.125 ],
    "rotation": { "origin": [ -2, 5.9375, 14.125 ], "axis": "x", "angle": -22.5 },
    "faces": {
        "down":  { "uv": [ 1, 12.125, 2, 15.125 ], "texture": "#iron_block" },
        "up":    { "uv": [ 1, 12.125, 2, 15.125 ], "texture": "#iron_block" },
        "north": { "uv": [ 1.5, 10, 2.5, 12 ], "texture": "#iron_block" },
        "south": { "uv": [ 1.5, 10, 2.5, 12 ], "texture": "#iron_block" },
        "west":  { "uv": [ 11.625, 10, 14.625, 12 ], "texture": "#iron_block" },
        "east":  { "uv": [ 11.625, 10, 14.625, 12 ], "texture": "#iron_block" }
    }
},
{
    "from": [ -1.75, 5.875, 13.75 ],
    "to": [ -1.25, 6.875, 16.75 ],
    "rotation": { "origin": [ -1.75, 6.875, 13.75 ], "axis": "x", "angle": -22.5 },
    "faces": {
        "down":  { "uv": [ 1.75, 11.75, 2.25, 14.75 ], "texture": "#iron_block" },
        "up":    { "uv": [ 2, 11.75, 2.5, 14.75 ], "texture": "#iron_block" },
        "north": { "uv": [ 2.5, 7.125, 3, 8.125 ], "texture": "#iron_block" },
        "south": { "uv": [ 2, 10.125, 2.5, 11.125 ], "texture": "#iron_block" },
        "west":  { "uv": [ 11.75, 7.625, 14.75, 8.625 ], "texture": "#iron_block" },
        "east":  { "uv": [ 11.75, 7.625, 14.75, 8.625 ], "texture": "#iron_block" }
    }
},
{
    "from": [ -1.75, 3.6875, 13.4375 ],
    "to": [ -1.25, 5.6875, 17.9375 ],
    "rotation": { "origin": [ -1.75, 5.6875, 13.4375 ], "axis": "x", "angle": -22.5 },
    "faces": {
        "down":  { "uv": [ 1.75, 9.4375, 2.25, 13.9375 ], "texture": "#iron_block" },
        "up":    { "uv": [ 2, 9.9375, 2.5, 14.4375 ], "texture": "#iron_block" },
        "north": { "uv": [ 1.5, 10.3125, 2, 12.3125 ], "texture": "#iron_block" },
        "south": { "uv": [ 1.5, 10.3125, 2, 12.3125 ], "texture": "#iron_block" },
        "west":  { "uv": [ 10.5, 10, 15, 12 ], "texture": "#iron_block" },
        "east":  { "uv": [ 10.5, 10, 15, 12 ], "texture": "#iron_block" }
    }
},
{
    "from": [ -1.75, 3.4375, 13 ],
    "to": [ -1.25, 4.4375, 14 ],
    "rotation": { "origin": [ -1.75, 4.4375, 13 ], "axis": "x", "angle": -22.5 },
    "faces": {
        "down":  { "uv": [ 1.25, 10, 1.75, 11 ], "texture": "#iron_block" },
        "up":    { "uv": [ 1, 10, 1.5, 11 ], "texture": "#iron_block" },
        "north": { "uv": [ 1.5, 10.0625, 2, 11.0625 ], "texture": "#iron_block" },
        "south": { "uv": [ 1, 10.0625, 1.5, 11.0625 ], "texture": "#iron_block" },
        "west":  { "uv": [ 13, 10.0625, 14, 11.0625 ], "texture": "#iron_block" },
        "east":  { "uv": [ 13, 10.0625, 14, 11.0625 ], "texture": "#iron_block" }
    }
}
],
"display": {
    "head": {
        "rotation": [ 0, -180, 0 ],
        "translation": [ 0, 4.72, 0 ],
        "scale": [ 2, 2, 2 ]
    }
}
}