{
    "__comment": "Model generated using MrCrayfish's Model Creator (http://mrcrayfish.com/modelcreator/)",
    "textures": {
        "0": "blocks/anvil_base",
        "1": "blocks/log_spruce",
        "2": "blocks/door_spruce_upper",
        "3": "blocks/frosted_ice_3",
        "4": "blocks/wool_colored_red",
        "5": "blocks/gold_block"
    },
    "elements": [
        {
            "name": "Cube",
            "from": [ 1.0, 0.0, 1.0 ], 
            "to": [ 15.0, 1.0, 15.0 ], 
            "faces": {
                "north": { "texture": "#0", "uv": [ 0.0, 0.0, 14.0, 1.0 ] },
                "east": { "texture": "#0", "uv": [ 0.0, 0.0, 14.0, 1.0 ] },
                "south": { "texture": "#0", "uv": [ 0.0, 0.0, 14.0, 1.0 ] },
                "west": { "texture": "#0", "uv": [ 0.0, 0.0, 14.0, 1.0 ] },
                "up": { "texture": "#0", "uv": [ 0.0, 0.0, 14.0, 14.0 ] },
                "down": { "texture": "#0", "uv": [ 0.0, 0.0, 14.0, 14.0 ] }
            }
        },
        {
            "name": "Cube",
            "from": [ 1.0, 0.0, 1.0 ], 
            "to": [ 15.0, 1.2000000029802322, 15.0 ], 
            "rotation": { "origin": [ 8.0, 8.0, 8.0 ], "axis": "y", "angle": -22.5 },
            "faces": {
                "north": { "texture": "#0", "uv": [ 0.0, 0.0, 14.0, 1.2000000029802322 ] },
                "east": { "texture": "#0", "uv": [ 0.0, 0.0, 14.0, 1.2000000029802322 ] },
                "south": { "texture": "#0", "uv": [ 0.0, 0.0, 14.0, 1.2000000029802322 ] },
                "west": { "texture": "#0", "uv": [ 0.0, 0.0, 14.0, 1.2000000029802322 ] },
                "up": { "texture": "#0", "uv": [ 0.0, 0.0, 14.0, 14.0 ] },
                "down": { "texture": "#0", "uv": [ 0.0, 0.0, 14.0, 14.0 ] }
            }
        },
        {
            "name": "Cube",
            "from": [ 1.0, 0.0, 1.0 ], 
            "to": [ 15.0, 1.4000000059604645, 15.0 ], 
            "rotation": { "origin": [ 8.0, 8.0, 8.0 ], "axis": "y", "angle": -45.0 },
            "faces": {
                "north": { "texture": "#0", "uv": [ 0.0, 0.0, 14.0, 1.4000000059604645 ] },
                "east": { "texture": "#0", "uv": [ 0.0, 0.0, 14.0, 1.4000000059604645 ] },
                "south": { "texture": "#0", "uv": [ 0.0, 0.0, 14.0, 1.4000000059604645 ] },
                "west": { "texture": "#0", "uv": [ 0.0, 0.0, 14.0, 1.4000000059604645 ] },
                "up": { "texture": "#0", "uv": [ 0.0, 0.0, 14.0, 14.0 ] },
                "down": { "texture": "#0", "uv": [ 0.0, 0.0, 14.0, 14.0 ] }
            }
        },
        {
            "name": "Cube",
            "from": [ 1.0, 0.0, 1.0 ], 
            "to": [ 15.0, 1.6000000089406967, 15.0 ], 
            "rotation": { "origin": [ 8.0, 8.0, 8.0 ], "axis": "y", "angle": 22.5 },
            "faces": {
                "north": { "texture": "#0", "uv": [ 0.0, 0.0, 14.0, 1.6000000089406967 ] },
                "east": { "texture": "#0", "uv": [ 0.0, 0.0, 14.0, 1.6000000089406967 ] },
                "south": { "texture": "#0", "uv": [ 0.0, 0.0, 14.0, 1.6000000089406967 ] },
                "west": { "texture": "#0", "uv": [ 0.0, 0.0, 14.0, 1.6000000089406967 ] },
                "up": { "texture": "#0", "uv": [ 0.0, 0.0, 14.0, 14.0 ] },
                "down": { "texture": "#0", "uv": [ 0.0, 0.0, 14.0, 14.0 ] }
            }
        },
        {
            "name": "Cube",
            "from": [ 7.0, -6.0, 7.0 ], 
            "to": [ 9.0, 0.0, 9.0 ], 
            "faces": {
                "north": { "texture": "#1", "uv": [ 0.0, 0.0, 2.0, 6.0 ] },
                "east": { "texture": "#1", "uv": [ 0.0, 0.0, 2.0, 6.0 ] },
                "south": { "texture": "#1", "uv": [ 0.0, 0.0, 2.0, 6.0 ] },
                "west": { "texture": "#1", "uv": [ 0.0, 0.0, 2.0, 6.0 ] },
                "up": { "texture": "#1", "uv": [ 0.0, 0.0, 2.0, 2.0 ] },
                "down": { "texture": "#1", "uv": [ 0.0, 0.0, 2.0, 2.0 ] }
            }
        },
        {
            "name": "Cube",
            "from": [ 8.0, -12.0, 7.0 ], 
            "to": [ 10.0, -6.0, 9.0 ], 
            "rotation": { "origin": [ 8.0, 8.0, 8.0 ], "axis": "y", "angle": -22.5 },
            "faces": {
                "north": { "texture": "#1", "uv": [ 0.0, 0.0, 2.0, 6.0 ] },
                "east": { "texture": "#1", "uv": [ 0.0, 0.0, 2.0, 6.0 ] },
                "south": { "texture": "#1", "uv": [ 0.0, 0.0, 2.0, 6.0 ] },
                "west": { "texture": "#1", "uv": [ 0.0, 0.0, 2.0, 6.0 ] },
                "up": { "texture": "#1", "uv": [ 0.0, 0.0, 2.0, 2.0 ] },
                "down": { "texture": "#1", "uv": [ 0.0, 0.0, 2.0, 2.0 ] }
            }
        },
        {
            "name": "Cube",
            "from": [ 8.0, -16.0, 7.0 ], 
            "to": [ 10.0, -12.0, 9.0 ], 
            "rotation": { "origin": [ 8.0, 8.0, 8.0 ], "axis": "y", "angle": -45.0 },
            "faces": {
                "north": { "texture": "#1", "uv": [ 0.0, 0.0, 2.0, 4.0 ] },
                "east": { "texture": "#1", "uv": [ 0.0, 0.0, 2.0, 4.0 ] },
                "south": { "texture": "#1", "uv": [ 0.0, 0.0, 2.0, 4.0 ] },
                "west": { "texture": "#1", "uv": [ 0.0, 0.0, 2.0, 4.0 ] },
                "up": { "texture": "#1", "uv": [ 0.0, 0.0, 2.0, 2.0 ] },
                "down": { "texture": "#1", "uv": [ 0.0, 0.0, 2.0, 2.0 ] }
            }
        },
        {
            "name": "Cube",
            "from": [ 5.0, -0.3999999910593033, 5.0 ], 
            "to": [ 11.0, 0.0, 11.0 ], 
            "rotation": { "origin": [ 8.0, 8.0, 8.0 ], "axis": "y", "angle": -22.5 },
            "faces": {
                "north": { "texture": "#1", "uv": [ 0.0, 0.0, 6.0, 0.3999999910593033 ] },
                "east": { "texture": "#1", "uv": [ 0.0, 0.0, 6.0, 0.3999999910593033 ] },
                "south": { "texture": "#1", "uv": [ 0.0, 0.0, 6.0, 0.3999999910593033 ] },
                "west": { "texture": "#1", "uv": [ 0.0, 0.0, 6.0, 0.3999999910593033 ] },
                "up": { "texture": "#1", "uv": [ 0.0, 0.0, 6.0, 6.0 ] },
                "down": { "texture": "#1", "uv": [ 0.0, 0.0, 6.0, 6.0 ] }
            }
        },
        {
            "name": "Cube",
            "from": [ 7.0, 3.0, 4.799999997019768 ], 
            "to": [ 9.0, 4.0, 11.200000002980232 ], 
            "faces": {
                "north": { "texture": "#2", "uv": [ 0.0, 0.0, 2.0, 1.0 ] },
                "east": { "texture": "#2", "uv": [ 0.0, 0.0, 6.4000000059604645, 1.0 ] },
                "south": { "texture": "#2", "uv": [ 0.0, 0.0, 2.0, 1.0 ] },
                "west": { "texture": "#2", "uv": [ 0.0, 0.0, 6.4000000059604645, 1.0 ] },
                "up": { "texture": "#2", "uv": [ 0.0, 0.0, 2.0, 6.4000000059604645 ] },
                "down": { "texture": "#2", "uv": [ 0.0, 0.0, 2.0, 6.4000000059604645 ] }
            }
        },
        {
            "name": "Cube",
            "from": [ 7.399999991059303, 3.0, 4.799999997019768 ], 
            "to": [ 12.399999991059303, 4.0, 11.200000002980232 ], 
            "rotation": { "origin": [ 8.0, 8.0, 8.0 ], "axis": "z", "angle": 22.5 },
            "faces": {
                "north": { "texture": "#2", "uv": [ 0.0, 0.0, 5.0, 1.0 ] },
                "east": { "texture": "#2", "uv": [ 0.0, 0.0, 6.4000000059604645, 1.0 ] },
                "south": { "texture": "#2", "uv": [ 0.0, 0.0, 5.0, 1.0 ] },
                "west": { "texture": "#2", "uv": [ 0.0, 0.0, 6.4000000059604645, 1.0 ] },
                "up": { "texture": "#2", "uv": [ 0.0, 0.0, 5.0, 6.4000000059604645 ] },
                "down": { "texture": "#2", "uv": [ 0.0, 0.0, 5.0, 6.4000000059604645 ] }
            }
        },
        {
            "name": "Cube",
            "from": [ 3.5999999791383743, 3.0, 4.799999991059304 ], 
            "to": [ 8.599999979138374, 4.0, 11.199999997019768 ], 
            "rotation": { "origin": [ 8.0, 8.0, 8.0 ], "axis": "z", "angle": -22.5 },
            "faces": {
                "north": { "texture": "#2", "uv": [ 0.0, 0.0, 5.0, 1.0 ] },
                "east": { "texture": "#2", "uv": [ 0.0, 0.0, 6.4000000059604645, 1.0 ] },
                "south": { "texture": "#2", "uv": [ 0.0, 0.0, 5.0, 1.0 ] },
                "west": { "texture": "#2", "uv": [ 0.0, 0.0, 6.4000000059604645, 1.0 ] },
                "up": { "texture": "#2", "uv": [ 0.0, 0.0, 5.0, 6.4000000059604645 ] },
                "down": { "texture": "#2", "uv": [ 0.0, 0.0, 5.0, 6.4000000059604645 ] }
            }
        },
        {
            "name": "Cube",
            "from": [ 7.399999991059303, 4.0, 5.100000001490116 ], 
            "to": [ 12.399999991059303, 5.0, 10.899999998509884 ], 
            "rotation": { "origin": [ 8.0, 8.0, 8.0 ], "axis": "z", "angle": 22.5 },
            "faces": {
                "north": { "texture": "#3", "uv": [ 0.0, 0.0, 5.0, 1.0 ] },
                "east": { "texture": "#3", "uv": [ 0.0, 0.0, 5.799999997019768, 1.0 ] },
                "south": { "texture": "#3", "uv": [ 0.0, 0.0, 5.0, 1.0 ] },
                "west": { "texture": "#3", "uv": [ 0.0, 0.0, 5.799999997019768, 1.0 ] },
                "up": { "texture": "#3", "uv": [ 0.0, 0.0, 5.0, 5.799999997019768 ] },
                "down": { "texture": "#3", "uv": [ 0.0, 0.0, 5.0, 5.799999997019768 ] }
            }
        },
        {
            "name": "Cube",
            "from": [ 3.5999999791383743, 4.0, 5.099999995529652 ], 
            "to": [ 8.599999964237213, 5.0, 10.89999999254942 ], 
            "rotation": { "origin": [ 8.0, 8.0, 8.0 ], "axis": "z", "angle": -22.5 },
            "faces": {
                "north": { "texture": "#3", "uv": [ 0.0, 0.0, 4.999999985098839, 1.0 ] },
                "east": { "texture": "#3", "uv": [ 0.0, 0.0, 5.799999997019768, 1.0 ] },
                "south": { "texture": "#3", "uv": [ 0.0, 0.0, 4.999999985098839, 1.0 ] },
                "west": { "texture": "#3", "uv": [ 0.0, 0.0, 5.799999997019768, 1.0 ] },
                "up": { "texture": "#3", "uv": [ 0.0, 0.0, 4.999999985098839, 5.799999997019768 ] },
                "down": { "texture": "#3", "uv": [ 0.0, 0.0, 4.999999985098839, 5.799999997019768 ] }
            }
        },
        {
            "name": "Cube",
            "from": [ 7.0, 4.0, 5.0 ], 
            "to": [ 9.0, 4.899999998509884, 11.0 ], 
            "faces": {
                "north": { "texture": "#3", "uv": [ 0.0, 0.0, 2.0, 0.8999999985098839 ] },
                "east": { "texture": "#3", "uv": [ 0.0, 0.0, 6.0, 0.8999999985098839 ] },
                "south": { "texture": "#3", "uv": [ 0.0, 0.0, 2.0, 0.8999999985098839 ] },
                "west": { "texture": "#3", "uv": [ 0.0, 0.0, 6.0, 0.8999999985098839 ] },
                "up": { "texture": "#3", "uv": [ 0.0, 0.0, 2.0, 6.0 ] },
                "down": { "texture": "#3", "uv": [ 0.0, 0.0, 2.0, 6.0 ] }
            }
        },
        {
            "name": "Cube",
            "from": [ 2.5999999940395355, 3.0, 4.799999991059304 ], 
            "to": [ 3.5999999940395355, 6.500000022351742, 11.199999997019768 ], 
            "rotation": { "origin": [ 8.0, 8.0, 8.0 ], "axis": "z", "angle": -22.5 },
            "faces": {
                "north": { "texture": "#2", "uv": [ 0.0, 0.0, 1.0, 3.500000022351742 ] },
                "east": { "texture": "#4", "uv": [ 0.0, 0.0, 6.4000000059604645, 3.500000022351742 ] },
                "south": { "texture": "#2", "uv": [ 0.0, 0.0, 1.0, 3.500000022351742 ] },
                "west": { "texture": "#2", "uv": [ 0.0, 0.0, 6.4000000059604645, 3.500000022351742 ] },
                "up": { "texture": "#2", "uv": [ 0.0, 0.0, 1.0, 6.4000000059604645 ] },
                "down": { "texture": "#2", "uv": [ 0.0, 0.0, 1.0, 6.4000000059604645 ] }
            }
        },
        {
            "name": "Cube",
            "from": [ 2.5000000074505806, 5.8999999687075615, 8.0 ], 
            "to": [ 3.700000010430813, 6.599999964237213, 9.0 ], 
            "rotation": { "origin": [ 8.0, 8.0, 8.0 ], "axis": "z", "angle": -22.5 },
            "faces": {
                "north": { "texture": "#5", "uv": [ 0.0, 0.0, 1.2000000029802322, 0.6999999955296516 ] },
                "east": { "texture": "#5", "uv": [ 0.0, 0.0, 1.0, 0.6999999955296516 ] },
                "south": { "texture": "#5", "uv": [ 0.0, 0.0, 1.2000000029802322, 0.6999999955296516 ] },
                "west": { "texture": "#5", "uv": [ 0.0, 0.0, 1.0, 0.6999999955296516 ] },
                "up": { "texture": "#5", "uv": [ 0.0, 0.0, 1.2000000029802322, 1.0 ] },
                "down": { "texture": "#5", "uv": [ 0.0, 0.0, 1.2000000029802322, 1.0 ] }
            }
        }
    ],"display": {
    "thirdperson_lefthand": {"rotation": [ 0, 0, 0], "translation": [ 0, 0, 0 ], "scale": [ 0.5, 0.5, 0.5 ]},
    "thirdperson_righthand": {"rotation": [ 0, 0, 0], "translation": [ 0, 0, 0 ], "scale": [ 0.5, 0.5, 0.5 ]},
    "firstperson_lefthand": {"rotation": [ 0, 45, 0 ], "translation": [ 0, 0, 0 ], "scale": [ 0.5, 0.5, 0.5 ]},
    "firstperson_righthand": {"rotation": [ 0, 45, 0 ], "translation": [ 0, 0, 0 ], "scale": [ 0.5, 0.5, 0.5 ]},
    "gui": {"rotation": [ 30, 45, 0 ], "translation": [ 0, 0, 0 ], "scale": [ 0.65, 0.65, 0.65 ]},
    "ground": {"rotation": [ 0, 0, 180], "translation": [ 0, 0, 0 ], "scale":[1,1,1]},
    "head": { "translation": [ 0, 0, 0 ], "scale": [ 4, 4, 4 ]},
    "fixed": {"rotation": [ 0, 0, 0], "translation": [ 0, 0, 0 ], "scale":[1,1,1]}
}
}