{
    "__comment": "Model generated using MrCrayfish's Model Creator (http://mrcrayfish.com/modelcreator/)",
    "textures": {
        "0": "blocks/obsidian",
        "1": "blocks/log_spruce",
        "2": "blocks/glass_purple"
    },
    "elements": [
        {
            "name": "Cube",
            "from": [ 7.0, 1.0, 7.0 ], 
            "to": [ 9.0, 15.0, 9.0 ], 
            "faces": {
                "north": { "texture": "#0", "uv": [ 0.0, 0.0, 2.0, 14.0 ] },
                "east": { "texture": "#0", "uv": [ 0.0, 0.0, 2.0, 14.0 ] },
                "south": { "texture": "#0", "uv": [ 0.0, 0.0, 2.0, 14.0 ] },
                "west": { "texture": "#0", "uv": [ 0.0, 0.0, 2.0, 14.0 ] },
                "up": { "texture": "#0", "uv": [ 0.0, 0.0, 2.0, 2.0 ] },
                "down": { "texture": "#0", "uv": [ 0.0, 0.0, 2.0, 2.0 ] }
            }
        },
        {
            "name": "Cube",
            "from": [ 6.900000013411045, 0.0, 6.900000013411045 ], 
            "to": [ 9.099999986588955, 1.0, 9.099999986588955 ], 
            "faces": {
                "north": { "texture": "#1", "uv": [ 0.0, 0.0, 2.19999997317791, 1.0 ] },
                "east": { "texture": "#1", "uv": [ 0.0, 0.0, 2.19999997317791, 1.0 ] },
                "south": { "texture": "#1", "uv": [ 0.0, 0.0, 2.19999997317791, 1.0 ] },
                "west": { "texture": "#1", "uv": [ 0.0, 0.0, 2.19999997317791, 1.0 ] },
                "up": { "texture": "#1", "uv": [ 0.0, 0.0, 2.19999997317791, 2.19999997317791 ] },
                "down": { "texture": "#1", "uv": [ 0.0, 0.0, 2.19999997317791, 2.19999997317791 ] }
            }
        },
        {
            "name": "Cube",
            "from": [ 6.799999997019768, 15.0, 6.799999997019768 ], 
            "to": [ 9.200000002980232, 16.0, 9.200000002980232 ], 
            "rotation": { "origin": [ 8.0, 8.0, 8.0 ], "axis": "y", "angle": -22.5 },
            "faces": {
                "north": { "texture": "#2", "uv": [ 0.0, 0.0, 2.4000000059604645, 1.0 ] },
                "east": { "texture": "#2", "uv": [ 0.0, 0.0, 2.4000000059604645, 1.0 ] },
                "south": { "texture": "#2", "uv": [ 0.0, 0.0, 2.4000000059604645, 1.0 ] },
                "west": { "texture": "#2", "uv": [ 0.0, 0.0, 2.4000000059604645, 1.0 ] },
                "up": { "texture": "#2", "uv": [ 0.0, 0.0, 2.4000000059604645, 2.4000000059604645 ] },
                "down": { "texture": "#2", "uv": [ 0.0, 0.0, 2.4000000059604645, 2.4000000059604645 ] }
            }
        },
        {
            "name": "Cube",
            "from": [ 6.799999997019768, 16.0, 6.799999997019768 ], 
            "to": [ 9.200000002980232, 18.0, 9.200000002980232 ], 
            "rotation": { "origin": [ 8.0, 8.0, 8.0 ], "axis": "y", "angle": -45.0 },
            "faces": {
                "north": { "texture": "#2", "uv": [ 0.0, 0.0, 2.4000000059604645, 2.0 ] },
                "east": { "texture": "#2", "uv": [ 0.0, 0.0, 2.4000000059604645, 2.0 ] },
                "south": { "texture": "#2", "uv": [ 0.0, 0.0, 2.4000000059604645, 2.0 ] },
                "west": { "texture": "#2", "uv": [ 0.0, 0.0, 2.4000000059604645, 2.0 ] },
                "up": { "texture": "#2", "uv": [ 0.0, 0.0, 2.4000000059604645, 2.4000000059604645 ] },
                "down": { "texture": "#2", "uv": [ 0.0, 0.0, 2.4000000059604645, 2.4000000059604645 ] }
            }
        },
        {
            "name": "Cube",
            "from": [ 10.0, 17.0, 7.500000007450581 ], 
            "to": [ 10.599999994039536, 19.0, 8.50000000745058 ], 
            "faces": {
                "north": { "texture": "#0", "uv": [ 0.0, 0.0, 0.5999999940395355, 2.0 ] },
                "east": { "texture": "#0", "uv": [ 0.0, 0.0, 1.0, 2.0 ] },
                "south": { "texture": "#0", "uv": [ 0.0, 0.0, 0.5999999940395355, 2.0 ] },
                "west": { "texture": "#0", "uv": [ 0.0, 0.0, 1.0, 2.0 ] },
                "up": { "texture": "#0", "uv": [ 0.0, 0.0, 0.5999999940395355, 1.0 ] },
                "down": { "texture": "#0", "uv": [ 0.0, 0.0, 0.5999999940395355, 1.0 ] }
            }
        },
        {
            "name": "Cube",
            "from": [ 5.200000002980232, 17.0, 7.500000007450581 ], 
            "to": [ 5.799999997019768, 19.0, 8.50000000745058 ], 
            "faces": {
                "north": { "texture": "#0", "uv": [ 0.0, 0.0, 0.5999999940395355, 2.0 ] },
                "east": { "texture": "#0", "uv": [ 0.0, 0.0, 1.0, 2.0 ] },
                "south": { "texture": "#0", "uv": [ 0.0, 0.0, 0.5999999940395355, 2.0 ] },
                "west": { "texture": "#0", "uv": [ 0.0, 0.0, 1.0, 2.0 ] },
                "up": { "texture": "#0", "uv": [ 0.0, 0.0, 0.5999999940395355, 1.0 ] },
                "down": { "texture": "#0", "uv": [ 0.0, 0.0, 0.5999999940395355, 1.0 ] }
            }
        },
        {
            "name": "Cube",
            "from": [ 7.500000007450581, 17.0, 5.200000002980232 ], 
            "to": [ 8.50000000745058, 19.0, 5.799999997019768 ], 
            "faces": {
                "north": { "texture": "#0", "uv": [ 0.0, 0.0, 1.0, 2.0 ] },
                "east": { "texture": "#0", "uv": [ 0.0, 0.0, 0.5999999940395355, 2.0 ] },
                "south": { "texture": "#0", "uv": [ 0.0, 0.0, 1.0, 2.0 ] },
                "west": { "texture": "#0", "uv": [ 0.0, 0.0, 0.5999999940395355, 2.0 ] },
                "up": { "texture": "#0", "uv": [ 0.0, 0.0, 1.0, 0.5999999940395355 ] },
                "down": { "texture": "#0", "uv": [ 0.0, 0.0, 1.0, 0.5999999940395355 ] }
            }
        },
        {
            "name": "Cube",
            "from": [ 7.500000007450581, 17.0, 10.0 ], 
            "to": [ 8.50000000745058, 19.0, 10.599999994039536 ], 
            "faces": {
                "north": { "texture": "#0", "uv": [ 0.0, 0.0, 1.0, 2.0 ] },
                "east": { "texture": "#0", "uv": [ 0.0, 0.0, 0.5999999940395355, 2.0 ] },
                "south": { "texture": "#0", "uv": [ 0.0, 0.0, 1.0, 2.0 ] },
                "west": { "texture": "#0", "uv": [ 0.0, 0.0, 0.5999999940395355, 2.0 ] },
                "up": { "texture": "#0", "uv": [ 0.0, 0.0, 1.0, 0.5999999940395355 ] },
                "down": { "texture": "#0", "uv": [ 0.0, 0.0, 1.0, 0.5999999940395355 ] }
            }
        }
    ],
	"display": {
		"thirdperson_righthand": {
			"rotation":  [ 0, 0, 0 ],
			"translation":  [ 0, 0, 0 ],
			"scale":  [ 1.2, 1.7, 1.2 ]
		},
		"firstperson_righthand": {
			"rotation":  [ -30, 0, 0 ],
			"translation":  [ 0, 0, 0 ],
			"scale":  [ 1.2, 1.7, 1.2 ]
		},
		"gui": {
			"rotation":  [ 0, 0, -45 ],
			"translation":  [ 0, 0, 0 ],
			"scale":  [ 1.0, 1.0, 1.0 ]
		},
		"ground": {
			"translation":  [ 0, 0, 0 ],
			"scale":  [ 1.0, 1.0, 1.0 ]
		}
	}
}