{
    "__comment": "Model generated using MrCrayfish's Model Creator (http://mrcrayfish.com/modelcreator/)",
    "textures": {
        "0": "blocks/log_spruce",
        "1": "blocks/prismarine_bricks",
        "2": "blocks/coal_block",
        "3": "blocks/wool_colored_purple"
    },
    "elements": [
        {
            "name": "Cube",
            "from": [ 7.500000007450581, 0.0, 7.500000007450581 ], 
            "to": [ 8.500000022351742, 12.0, 8.500000022351742 ], 
            "faces": {
                "north": { "texture": "#0", "uv": [ 0.0, 0.0, 1.0000000149011612, 12.0 ] },
                "east": { "texture": "#0", "uv": [ 0.0, 0.0, 1.0000000149011612, 12.0 ] },
                "south": { "texture": "#0", "uv": [ 0.0, 0.0, 1.0000000149011612, 12.0 ] },
                "west": { "texture": "#0", "uv": [ 0.0, 0.0, 1.0000000149011612, 12.0 ] },
                "up": { "texture": "#0", "uv": [ 0.0, 0.0, 1.0000000149011612, 1.0000000149011612 ] },
                "down": { "texture": "#0", "uv": [ 0.0, 0.0, 1.0000000149011612, 1.0000000149011612 ] }
            }
        },
        {
            "name": "Cube",
            "from": [ 7.0, 12.0, 7.0 ], 
            "to": [ 9.0, 13.0, 9.0 ], 
            "faces": {
                "north": { "texture": "#1", "uv": [ 0.0, 0.0, 2.0, 1.0 ] },
                "east": { "texture": "#1", "uv": [ 0.0, 0.0, 2.0, 1.0 ] },
                "south": { "texture": "#1", "uv": [ 0.0, 0.0, 2.0, 1.0 ] },
                "west": { "texture": "#1", "uv": [ 0.0, 0.0, 2.0, 1.0 ] },
                "up": { "texture": "#1", "uv": [ 0.0, 0.0, 2.0, 2.0 ] },
                "down": { "texture": "#1", "uv": [ 0.0, 0.0, 2.0, 2.0 ] }
            }
        },
        {
            "name": "Cube",
            "from": [ 11.0, 11.0, 7.500000007450581 ], 
            "to": [ 13.0, 12.0, 8.50000000745058 ], 
            "rotation": { "origin": [ 8.0, 7.0, 8.0 ], "axis": "z", "angle": 22.5 },
            "faces": {
                "north": { "texture": "#2", "uv": [ 0.0, 0.0, 2.0, 1.0 ] },
                "east": { "texture": "#2", "uv": [ 0.0, 0.0, 1.0, 1.0 ] },
                "south": { "texture": "#2", "uv": [ 0.0, 0.0, 2.0, 1.0 ] },
                "west": { "texture": "#2", "uv": [ 0.0, 0.0, 1.0, 1.0 ] },
                "up": { "texture": "#2", "uv": [ 0.0, 0.0, 2.0, 1.0 ] },
                "down": { "texture": "#2", "uv": [ 0.0, 0.0, 2.0, 1.0 ] }
            }
        },
        {
            "name": "Cube",
            "from": [ 11.0, 11.0, 7.500000007450581 ], 
            "to": [ 13.0, 12.0, 8.50000000745058 ], 
            "rotation": { "origin": [ 12.0, 27.0, 8.0 ], "axis": "z", "angle": -22.5 },
            "faces": {
                "north": { "texture": "#2", "uv": [ 0.0, 0.0, 2.0, 1.0 ] },
                "east": { "texture": "#2", "uv": [ 0.0, 0.0, 1.0, 1.0 ] },
                "south": { "texture": "#2", "uv": [ 0.0, 0.0, 2.0, 1.0 ] },
                "west": { "texture": "#2", "uv": [ 0.0, 0.0, 1.0, 1.0 ] },
                "up": { "texture": "#2", "uv": [ 0.0, 0.0, 2.0, 1.0 ] },
                "down": { "texture": "#2", "uv": [ 0.0, 0.0, 2.0, 1.0 ] }
            }
        },
        {
            "name": "Cube",
            "from": [ 7.500000007450581, 14.0, 7.999999994039536 ], 
            "to": [ 8.50000000745058, 15.0, 9.999999994039536 ], 
            "rotation": { "origin": [ 14.0, 16.0, 13.0 ], "axis": "x", "angle": -22.5 },
            "faces": {
                "north": { "texture": "#2", "uv": [ 0.0, 0.0, 1.0, 1.0 ] },
                "east": { "texture": "#2", "uv": [ 0.0, 0.0, 2.0, 1.0 ] },
                "south": { "texture": "#2", "uv": [ 0.0, 0.0, 1.0, 1.0 ] },
                "west": { "texture": "#2", "uv": [ 0.0, 0.0, 2.0, 1.0 ] },
                "up": { "texture": "#2", "uv": [ 0.0, 0.0, 1.0, 2.0 ] },
                "down": { "texture": "#2", "uv": [ 0.0, 0.0, 1.0, 2.0 ] }
            }
        },
        {
            "name": "Cube",
            "from": [ 7.500000007450581, 14.0, 7.999999994039536 ], 
            "to": [ 8.50000000745058, 15.0, 9.999999994039536 ], 
            "rotation": { "origin": [ 8.0, 21.0, 4.0 ], "axis": "x", "angle": 22.5 },
            "faces": {
                "north": { "texture": "#2", "uv": [ 0.0, 0.0, 1.0, 1.0 ] },
                "east": { "texture": "#2", "uv": [ 0.0, 0.0, 2.0, 1.0 ] },
                "south": { "texture": "#2", "uv": [ 0.0, 0.0, 1.0, 1.0 ] },
                "west": { "texture": "#2", "uv": [ 0.0, 0.0, 2.0, 1.0 ] },
                "up": { "texture": "#2", "uv": [ 0.0, 0.0, 1.0, 2.0 ] },
                "down": { "texture": "#2", "uv": [ 0.0, 0.0, 1.0, 2.0 ] }
            }
        },
        {
            "name": "pris",
            "from": [ 13.0, 11.200000002980232, 7.700000010430813 ], 
            "to": [ 13.19999997317791, 11.799999997019768, 8.300000004470348 ], 
            "rotation": { "origin": [ 8.0, 7.0, 8.0 ], "axis": "z", "angle": 22.5 },
            "faces": {
                "north": { "texture": "#3", "uv": [ 0.0, 0.0, 0.19999997317790985, 0.5999999940395355 ] },
                "east": { "texture": "#3", "uv": [ 0.0, 0.0, 0.5999999940395355, 0.5999999940395355 ] },
                "south": { "texture": "#3", "uv": [ 0.0, 0.0, 0.19999997317790985, 0.5999999940395355 ] },
                "west": { "texture": "#3", "uv": [ 0.0, 0.0, 0.5999999940395355, 0.5999999940395355 ] },
                "up": { "texture": "#3", "uv": [ 0.0, 0.0, 0.19999997317790985, 0.5999999940395355 ] },
                "down": { "texture": "#3", "uv": [ 0.0, 0.0, 0.19999997317790985, 0.5999999940395355 ] }
            }
        },
        {
            "name": "purp",
            "from": [ 10.800000011920929, 11.200000002980232, 7.700000010430813 ], 
            "to": [ 11.0, 11.799999997019768, 8.300000004470348 ], 
            "rotation": { "origin": [ 12.0, 27.0, 8.0 ], "axis": "z", "angle": -22.5 },
            "faces": {
                "north": { "texture": "#3", "uv": [ 0.0, 0.0, 0.19999998807907104, 0.5999999940395355 ] },
                "east": { "texture": "#3", "uv": [ 0.0, 0.0, 0.5999999940395355, 0.5999999940395355 ] },
                "south": { "texture": "#3", "uv": [ 0.0, 0.0, 0.19999998807907104, 0.5999999940395355 ] },
                "west": { "texture": "#3", "uv": [ 0.0, 0.0, 0.5999999940395355, 0.5999999940395355 ] },
                "up": { "texture": "#3", "uv": [ 0.0, 0.0, 0.19999998807907104, 0.5999999940395355 ] },
                "down": { "texture": "#3", "uv": [ 0.0, 0.0, 0.19999998807907104, 0.5999999940395355 ] }
            }
        },
        {
            "name": "Cube",
            "from": [ 7.100000001490116, 13.0, 7.100000001490116 ], 
            "to": [ 8.899999998509884, 14.0, 8.899999998509884 ], 
            "faces": {
                "north": { "texture": "#1", "uv": [ 0.0, 0.0, 1.7999999970197678, 1.0 ] },
                "east": { "texture": "#1", "uv": [ 0.0, 0.0, 1.7999999970197678, 1.0 ] },
                "south": { "texture": "#1", "uv": [ 0.0, 0.0, 1.7999999970197678, 1.0 ] },
                "west": { "texture": "#1", "uv": [ 0.0, 0.0, 1.7999999970197678, 1.0 ] },
                "up": { "texture": "#1", "uv": [ 0.0, 0.0, 1.7999999970197678, 1.7999999970197678 ] },
                "down": { "texture": "#1", "uv": [ 0.0, 0.0, 1.7999999970197678, 1.7999999970197678 ] }
            }
        },
        {
            "name": "Cube",
            "from": [ 7.200000002980232, 14.0, 7.200000002980232 ], 
            "to": [ 8.799999997019768, 14.49999999254942, 8.799999997019768 ], 
            "faces": {
                "north": { "texture": "#1", "uv": [ 0.0, 0.0, 1.5999999940395355, 0.4999999925494194 ] },
                "east": { "texture": "#1", "uv": [ 0.0, 0.0, 1.5999999940395355, 0.4999999925494194 ] },
                "south": { "texture": "#1", "uv": [ 0.0, 0.0, 1.5999999940395355, 0.4999999925494194 ] },
                "west": { "texture": "#1", "uv": [ 0.0, 0.0, 1.5999999940395355, 0.4999999925494194 ] },
                "up": { "texture": "#1", "uv": [ 0.0, 0.0, 1.5999999940395355, 1.5999999940395355 ] },
                "down": { "texture": "#1", "uv": [ 0.0, 0.0, 1.5999999940395355, 1.5999999940395355 ] }
            }
        },
        {
            "name": "Cube",
            "from": [ 7.700000010430813, 14.100000001490116, 9.999999994039536 ], 
            "to": [ 8.300000004470348, 14.799999997019768, 10.09999996572733 ], 
            "rotation": { "origin": [ 14.0, 16.0, 13.0 ], "axis": "x", "angle": -22.5 },
            "faces": {
                "north": { "texture": "#3", "uv": [ 0.0, 0.0, 0.5999999940395355, 0.6999999955296516 ] },
                "east": { "texture": "#3", "uv": [ 0.0, 0.0, 0.09999997168779373, 0.6999999955296516 ] },
                "south": { "texture": "#3", "uv": [ 0.0, 0.0, 0.5999999940395355, 0.6999999955296516 ] },
                "west": { "texture": "#3", "uv": [ 0.0, 0.0, 0.09999997168779373, 0.6999999955296516 ] },
                "up": { "texture": "#3", "uv": [ 0.0, 0.0, 0.5999999940395355, 0.09999997168779373 ] },
                "down": { "texture": "#3", "uv": [ 0.0, 0.0, 0.5999999940395355, 0.09999997168779373 ] }
            }
        },
        {
            "name": "Cube",
            "from": [ 7.700000010430813, 14.100000001490116, 7.900000007450581 ], 
            "to": [ 8.300000004470348, 14.799999997019768, 7.999999979138375 ], 
            "rotation": { "origin": [ 8.0, 21.0, 4.0 ], "axis": "x", "angle": 22.5 },
            "faces": {
                "north": { "texture": "#3", "uv": [ 0.0, 0.0, 0.5999999940395355, 0.6999999955296516 ] },
                "east": { "texture": "#3", "uv": [ 0.0, 0.0, 0.09999997168779373, 0.6999999955296516 ] },
                "south": { "texture": "#3", "uv": [ 0.0, 0.0, 0.5999999940395355, 0.6999999955296516 ] },
                "west": { "texture": "#3", "uv": [ 0.0, 0.0, 0.09999997168779373, 0.6999999955296516 ] },
                "up": { "texture": "#3", "uv": [ 0.0, 0.0, 0.5999999940395355, 0.09999997168779373 ] },
                "down": { "texture": "#3", "uv": [ 0.0, 0.0, 0.5999999940395355, 0.09999997168779373 ] }
            }
        }
    ],
	"display": {
		"thirdperson_righthand": {
			"rotation":  [ 0, 0, 0 ],
			"translation":  [ 0, 0, 0 ],
			"scale":  [ 1.7, 1.7, 1.7 ]
		},
		"firstperson_righthand": {
			"rotation":  [ -30, 0, 0 ],
			"translation":  [ 0, 0, 0 ],
			"scale":  [ 1.7, 1.7, 1.7 ]
		},
		"gui": {
			"rotation":  [ 0, 0, -45 ],
			"translation":  [ 0, 0, 0 ],
			"scale":  [ 1.0, 1.0, 1.0 ]
		},
		"ground": {
			"translation":  [ 0, 0, 0 ],
			"scale":  [ 1.0, 1.0, 1.0 ]
		}
	}
}