{
    "__comment": "Model generated using MrCrayfish's Model Creator (http://mrcrayfish.com/modelcreator/)",
    "textures": {
        "0": "blocks/melon_side",
        "1": "blocks/chorus_plant",
        "2": "blocks/nether_wart_block"
    },
    "elements": [
        {
            "name": "Cube",
            "from": [ 7.500000007450581, 0.0, 7.500000007450581 ], 
            "to": [ 8.50000000745058, 10.0, 8.50000000745058 ], 
            "faces": {
                "north": { "texture": "#0", "uv": [ 0.0, 0.0, 3.0, 8.0 ] },
                "east": { "texture": "#0", "uv": [ 0.0, 0.0, 3.0, 8.0 ] },
                "south": { "texture": "#0", "uv": [ 0.0, 0.0, 3.0, 8.0 ] },
                "west": { "texture": "#0", "uv": [ 0.0, 0.0, 3.0, 8.0 ] },
                "up": { "texture": "#0", "uv": [ 0.0, 0.0, 3.0, 3.0 ] },
                "down": { "texture": "#0", "uv": [ 0.0, 0.0, 3.0, 3.0 ] }
            }
        },
        {
            "name": "Cube",
            "from": [ 7.0, 10.0, 7.0 ], 
            "to": [ 9.0, 12.0, 9.0 ], 
            "faces": {
                "north": { "texture": "#1", "uv": [ 0.0, 0.0, 4.0, 4.0 ] },
                "east": { "texture": "#1", "uv": [ 0.0, 0.0, 4.0, 4.0 ] },
                "south": { "texture": "#1", "uv": [ 0.0, 0.0, 4.0, 4.0 ] },
                "west": { "texture": "#1", "uv": [ 0.0, 0.0, 4.0, 4.0 ] },
                "up": { "texture": "#1", "uv": [ 0.0, 0.0, 4.0, 4.0 ] },
                "down": { "texture": "#1", "uv": [ 0.0, 0.0, 4.0, 4.0 ] }
            }
        },
        {
            "name": "Cube",
            "from": [ 6.499999992549419, 13.0, 6.500000007450581 ], 
            "to": [ 9.49999999254942, 16.0, 9.50000000745058 ], 
            "faces": {
                "north": { "texture": "#0", "uv": [ 0.0, 0.0, 3.0, 8.0 ] },
                "east": { "texture": "#0", "uv": [ 0.0, 0.0, 3.0, 8.0 ] },
                "south": { "texture": "#0", "uv": [ 0.0, 0.0, 3.0, 8.0 ] },
                "west": { "texture": "#0", "uv": [ 0.0, 0.0, 3.0, 8.0 ] },
                "up": { "texture": "#0", "uv": [ 0.0, 0.0, 3.0, 3.0 ] },
                "down": { "texture": "#0", "uv": [ 0.0, 0.0, 3.0, 3.0 ] }
            }
        },
        {
            "name": "Cube",
            "from": [ 6.200000002980232, 14.000000014901161, 7.500000007450581 ], 
            "to": [ 9.799999997019768, 15.000000014901161, 8.50000000745058 ], 
            "faces": {
                "north": { "texture": "#2", "uv": [ 0.0, 0.0, 4.0, 4.0 ] },
                "east": { "texture": "#2", "uv": [ 0.0, 0.0, 4.0, 4.0 ] },
                "south": { "texture": "#2", "uv": [ 0.0, 0.0, 4.0, 4.0 ] },
                "west": { "texture": "#2", "uv": [ 0.0, 0.0, 3.0, 6.0 ] },
                "up": { "texture": "#2", "uv": [ 0.0, 0.0, 4.0, 4.0 ] },
                "down": { "texture": "#2", "uv": [ 0.0, 0.0, 4.0, 4.0 ] }
            }
        },
        {
            "name": "Cube",
            "from": [ 7.500000007450581, 14.000000014901161, 6.300000004470348 ], 
            "to": [ 8.50000000745058, 15.000000014901161, 9.699999995529652 ], 
            "faces": {
                "north": { "texture": "#2", "uv": [ 0.0, 0.0, 4.0, 4.0 ] },
                "east": { "texture": "#2", "uv": [ 0.0, 0.0, 4.0, 4.0 ] },
                "south": { "texture": "#2", "uv": [ 0.0, 0.0, 4.0, 4.0 ] },
                "west": { "texture": "#2", "uv": [ 0.0, 0.0, 3.0, 6.0 ] },
                "up": { "texture": "#2", "uv": [ 0.0, 0.0, 4.0, 4.0 ] },
                "down": { "texture": "#2", "uv": [ 0.0, 0.0, 4.0, 4.0 ] }
            }
        }
    ],
	"display": {
		"thirdperson_righthand": {
			"rotation":  [ 0, 90, 0 ],
			"translation":  [ 0, 5, 0 ],
			"scale":  [ 1.3, 1.3, 1.3 ]
		},
		"firstperson_righthand": {
			"rotation":  [ -30, 90, 0 ],
			"translation":  [ 0, 5, 0 ],
			"scale":  [ 1.3, 1.3, 1.3 ]
		},
		"gui": {
			"rotation":  [ 0, 0, -45 ],
			"translation":  [ 0, 0, 0 ],
			"scale":  [ 1.0, 1.0, 1.0 ]
		},
		"ground": {
			"translation":  [ 0, 0, 0 ],
			"scale":  [ 1.0, 1.0, 1.0 ]
		}
	}
}