{
    "__comment": "Model generated using MrCrayfish's Model Creator (http://mrcrayfish.com/modelcreator/)",
    "textures": {
        "0": "blocks/log_acacia",
        "1": "blocks/obsidian",
        "2": "blocks/glass_yellow",
        "3": "blocks/gold_block",
        "4": "blocks/coal_block"
    },
    "elements": [
        {
            "name": "Cube",
            "from": [ 7.500000007450581, -5.0, 7.500000007450581 ], 
            "to": [ 8.50000000745058, 9.0, 8.50000000745058 ], 
            "faces": {
                "north": { "texture": "#0", "uv": [ 0.0, 0.0, 1.0, 14.0 ] },
                "east": { "texture": "#0", "uv": [ 0.0, 0.0, 1.0, 14.0 ] },
                "south": { "texture": "#0", "uv": [ 0.0, 0.0, 1.0, 14.0 ] },
                "west": { "texture": "#0", "uv": [ 0.0, 0.0, 1.0, 14.0 ] },
                "up": { "texture": "#0", "uv": [ 0.0, 0.0, 1.0, 1.0 ] },
                "down": { "texture": "#0", "uv": [ 0.0, 0.0, 1.0, 1.0 ] }
            }
        },
        {
            "name": "Cube",
            "from": [ 7.200000002980232, 9.0, 5.500000007450581 ], 
            "to": [ 8.800000011920929, 10.0, 10.50000000745058 ], 
            "faces": {
                "north": { "texture": "#0", "uv": [ 0.0, 0.0, 1.6000000089406967, 1.0 ] },
                "east": { "texture": "#0", "uv": [ 0.0, 0.0, 5.0, 1.0 ] },
                "south": { "texture": "#0", "uv": [ 0.0, 0.0, 1.6000000089406967, 1.0 ] },
                "west": { "texture": "#0", "uv": [ 0.0, 0.0, 5.0, 1.0 ] },
                "up": { "texture": "#0", "uv": [ 0.0, 0.0, 1.6000000089406967, 5.0 ] },
                "down": { "texture": "#0", "uv": [ 0.0, 0.0, 1.6000000089406967, 5.0 ] }
            }
        },
        {
            "name": "Cube",
            "from": [ 7.200000002980232, 10.0, 5.500000007450581 ], 
            "to": [ 8.800000011920929, 14.0, 6.500000007450581 ], 
            "faces": {
                "north": { "texture": "#0", "uv": [ 0.0, 0.0, 1.6000000089406967, 4.0 ] },
                "east": { "texture": "#0", "uv": [ 0.0, 0.0, 1.0, 4.0 ] },
                "south": { "texture": "#0", "uv": [ 0.0, 0.0, 1.6000000089406967, 4.0 ] },
                "west": { "texture": "#0", "uv": [ 0.0, 0.0, 1.0, 4.0 ] },
                "up": { "texture": "#0", "uv": [ 0.0, 0.0, 1.6000000089406967, 1.0 ] },
                "down": { "texture": "#0", "uv": [ 0.0, 0.0, 1.6000000089406967, 1.0 ] }
            }
        },
        {
            "name": "Cube",
            "from": [ 7.200000002980232, 10.0, 9.50000000745058 ], 
            "to": [ 8.800000011920929, 14.0, 10.50000000745058 ], 
            "faces": {
                "north": { "texture": "#0", "uv": [ 0.0, 0.0, 1.6000000089406967, 4.0 ] },
                "east": { "texture": "#0", "uv": [ 0.0, 0.0, 1.0, 4.0 ] },
                "south": { "texture": "#0", "uv": [ 0.0, 0.0, 1.6000000089406967, 4.0 ] },
                "west": { "texture": "#0", "uv": [ 0.0, 0.0, 1.0, 4.0 ] },
                "up": { "texture": "#0", "uv": [ 0.0, 0.0, 1.6000000089406967, 1.0 ] },
                "down": { "texture": "#0", "uv": [ 0.0, 0.0, 1.6000000089406967, 1.0 ] }
            }
        },
        {
            "name": "Cube",
            "from": [ 7.200000002980232, 14.0, 5.500000007450581 ], 
            "to": [ 8.800000011920929, 15.0, 10.50000000745058 ], 
            "faces": {
                "north": { "texture": "#0", "uv": [ 0.0, 0.0, 1.6000000089406967, 1.0 ] },
                "east": { "texture": "#0", "uv": [ 0.0, 0.0, 5.0, 1.0 ] },
                "south": { "texture": "#0", "uv": [ 0.0, 0.0, 1.6000000089406967, 1.0 ] },
                "west": { "texture": "#0", "uv": [ 0.0, 0.0, 5.0, 1.0 ] },
                "up": { "texture": "#0", "uv": [ 0.0, 0.0, 1.6000000089406967, 5.0 ] },
                "down": { "texture": "#0", "uv": [ 0.0, 0.0, 1.6000000089406967, 5.0 ] }
            }
        },
        {
            "name": "Cube",
            "from": [ 7.600000008940697, 8.0, 9.50000000745058 ], 
            "to": [ 8.400000005960464, 16.0, 10.50000000745058 ], 
            "rotation": { "origin": [ 8.0, 8.0, 8.0 ], "axis": "x", "angle": 22.5 },
            "faces": {
                "north": { "texture": "#1", "uv": [ 0.0, 0.0, 0.7999999970197678, 8.0 ] },
                "east": { "texture": "#1", "uv": [ 0.0, 0.0, 1.0, 8.0 ] },
                "south": { "texture": "#1", "uv": [ 0.0, 0.0, 0.7999999970197678, 8.0 ] },
                "west": { "texture": "#1", "uv": [ 0.0, 0.0, 1.0, 8.0 ] },
                "up": { "texture": "#1", "uv": [ -1.0, 0.0, -0.20000000298023224, 1.0 ] },
                "down": { "texture": "#1", "uv": [ 0.0, 0.0, 0.7999999970197678, 1.0 ] }
            }
        },
        {
            "name": "e1",
            "from": [ 7.600000008940697, 8.0, 5.500000007450581 ], 
            "to": [ 8.400000005960464, 16.0, 6.500000007450581 ], 
            "rotation": { "origin": [ 8.0, 8.0, 8.0 ], "axis": "x", "angle": -22.5 },
            "faces": {
                "north": { "texture": "#1", "uv": [ 0.0, 0.0, 0.7999999970197678, 8.0 ] },
                "east": { "texture": "#1", "uv": [ 0.0, 0.0, 1.0, 8.0 ] },
                "south": { "texture": "#1", "uv": [ 0.0, 0.0, 0.7999999970197678, 8.0 ] },
                "west": { "texture": "#1", "uv": [ 0.0, 0.0, 1.0, 8.0 ] },
                "up": { "texture": "#1", "uv": [ 0.0, 0.0, 0.7999999970197678, 1.0 ] },
                "down": { "texture": "#1", "uv": [ 0.0, 0.0, 0.7999999970197678, 1.0 ] }
            }
        },
        {
            "name": "e2",
            "from": [ 8.000000014901161, 9.899999998509884, 6.4000000059604645 ], 
            "to": [ 8.200000002980232, 14.100000001490116, 9.600000008940697 ], 
            "faces": {
                "north": { "texture": "#2", "uv": [ 0.0, 0.0, 0.19999998807907104, 4.200000002980232 ] },
                "east": { "texture": "#2", "uv": [ 0.0, 0.0, 3.2000000029802322, 4.200000002980232 ] },
                "south": { "texture": "#2", "uv": [ 0.0, 0.0, 0.19999998807907104, 4.200000002980232 ] },
                "west": { "texture": "#2", "uv": [ 0.0, 0.0, 3.2000000029802322, 4.200000002980232 ] },
                "up": { "texture": "#2", "uv": [ 0.0, 0.0, 0.19999998807907104, 3.2000000029802322 ] },
                "down": { "texture": "#2", "uv": [ 0.0, 0.0, 0.19999998807907104, 3.2000000029802322 ] }
            }
        },
        {
            "name": "e3",
            "from": [ 6.700000010430813, 8.0, 9.50000000745058 ], 
            "to": [ 7.300000004470348, 12.0, 10.50000000745058 ], 
            "rotation": { "origin": [ 8.0, 8.0, 8.0 ], "axis": "x", "angle": 45.0 },
            "faces": {
                "north": { "texture": "#0", "uv": [ 0.0, 0.0, 0.5999999940395355, 4.0 ] },
                "east": { "texture": "#0", "uv": [ 0.0, 0.0, 1.0, 4.0 ] },
                "south": { "texture": "#0", "uv": [ 0.0, 0.0, 0.5999999940395355, 4.0 ] },
                "west": { "texture": "#0", "uv": [ 0.0, 0.0, 1.0, 4.0 ] },
                "up": { "texture": "#0", "uv": [ 0.0, 0.0, 0.5999999940395355, 1.0 ] },
                "down": { "texture": "#0", "uv": [ 0.0, 0.0, 0.5999999940395355, 1.0 ] }
            }
        },
        {
            "name": "e4",
            "from": [ 8.700000010430813, 8.0, 5.500000007450581 ], 
            "to": [ 9.300000004470348, 12.0, 6.500000007450581 ], 
            "rotation": { "origin": [ 8.0, 8.0, 8.0 ], "axis": "x", "angle": -45.0 },
            "faces": {
                "north": { "texture": "#0", "uv": [ 0.0, 0.0, 0.5999999940395355, 4.0 ] },
                "east": { "texture": "#0", "uv": [ 0.0, 0.0, 1.0, 4.0 ] },
                "south": { "texture": "#0", "uv": [ 0.0, 0.0, 0.5999999940395355, 4.0 ] },
                "west": { "texture": "#0", "uv": [ 0.0, 0.0, 1.0, 4.0 ] },
                "up": { "texture": "#0", "uv": [ 0.0, 0.0, 0.5999999940395355, 1.0 ] },
                "down": { "texture": "#0", "uv": [ 0.0, 0.0, 0.5999999940395355, 1.0 ] }
            }
        },
        {
            "name": "Cube",
            "from": [ 6.700000010430813, 5.0, 6.000000014901161 ], 
            "to": [ 7.300000004470348, 6.0, 7.000000014901161 ], 
            "faces": {
                "north": { "texture": "#0", "uv": [ 0.0, 0.0, 0.5999999940395355, 1.0 ] },
                "east": { "texture": "#0", "uv": [ 0.0, 0.0, 1.0, 1.0 ] },
                "south": { "texture": "#0", "uv": [ 0.0, 0.0, 0.5999999940395355, 1.0 ] },
                "west": { "texture": "#0", "uv": [ 0.0, 0.0, 1.0, 1.0 ] },
                "up": { "texture": "#0", "uv": [ 0.0, 0.0, 0.5999999940395355, 1.0 ] },
                "down": { "texture": "#0", "uv": [ 0.0, 0.0, 0.5999999940395355, 1.0 ] }
            }
        },
        {
            "name": "Cube",
            "from": [ 8.700000025331974, 5.0, 9.0 ], 
            "to": [ 9.30000001937151, 6.0, 10.0 ], 
            "faces": {
                "north": { "texture": "#0", "uv": [ 0.0, 0.0, 0.5999999940395355, 1.0 ] },
                "east": { "texture": "#0", "uv": [ 0.0, 0.0, 1.0, 1.0 ] },
                "south": { "texture": "#0", "uv": [ 0.0, 0.0, 0.5999999940395355, 1.0 ] },
                "west": { "texture": "#0", "uv": [ 0.0, 0.0, 1.0, 1.0 ] },
                "up": { "texture": "#0", "uv": [ 0.0, 0.0, 0.5999999940395355, 1.0 ] },
                "down": { "texture": "#0", "uv": [ 0.0, 0.0, 0.5999999940395355, 1.0 ] }
            }
        },
        {
            "name": "Cube",
            "from": [ 6.700000025331974, 3.4999999925494194, 8.599999994039536 ], 
            "to": [ 7.3000000193715096, 4.499999992549419, 9.599999994039536 ], 
            "faces": {
                "north": { "texture": "#3", "uv": [ 1.0, 1.0, 9.0, 9.0 ] },
                "east": { "texture": "#3", "uv": [ 1.0, 1.0, 9.0, 9.0 ] },
                "south": { "texture": "#3", "uv": [ 1.0, 1.0, 9.0, 9.0 ] },
                "west": { "texture": "#3", "uv": [ 1.0, 1.0, 9.0, 9.0 ] },
                "up": { "texture": "#3", "uv": [ 1.0, 1.0, 9.0, 9.0 ] },
                "down": { "texture": "#3", "uv": [ 1.0, 1.0, 9.0, 9.0 ] }
            }
        },
        {
            "name": "Cube",
            "from": [ 7.800000011920929, 11.600000008940697, 7.800000011920929 ], 
            "to": [ 8.400000005960464, 12.0, 8.200000002980232 ], 
            "faces": {
                "north": { "texture": "#4", "uv": [ 0.0, 0.0, 0.5999999940395355, 0.3999999910593033 ] },
                "east": { "texture": "#4", "uv": [ 0.0, 0.0, 0.3999999910593033, 0.3999999910593033 ] },
                "south": { "texture": "#4", "uv": [ 0.0, 0.0, 0.5999999940395355, 0.3999999910593033 ] },
                "west": { "texture": "#4", "uv": [ 0.0, 0.0, 0.3999999910593033, 0.3999999910593033 ] },
                "up": { "texture": "#4", "uv": [ 0.0, 0.0, 0.5999999940395355, 0.3999999910593033 ] },
                "down": { "texture": "#4", "uv": [ 0.0, 0.0, 0.5999999940395355, 0.3999999910593033 ] }
            }
        },
        {
            "name": "Cube",
            "from": [ 7.800000011920929, 12.200000017881393, 7.900000013411045 ], 
            "to": [ 8.400000005960464, 13.400000005960464, 8.100000001490116 ], 
            "rotation": { "origin": [ 8.0, 12.0, 8.0 ], "axis": "x", "angle": -22.5 },
            "faces": {
                "north": { "texture": "#4", "uv": [ 0.0, 0.0, 0.5999999940395355, 1.199999988079071 ] },
                "east": { "texture": "#4", "uv": [ 0.0, 0.0, 0.19999998807907104, 1.199999988079071 ] },
                "south": { "texture": "#4", "uv": [ 0.0, 0.0, 0.5999999940395355, 1.199999988079071 ] },
                "west": { "texture": "#4", "uv": [ 0.0, 0.0, 0.19999998807907104, 1.199999988079071 ] },
                "up": { "texture": "#4", "uv": [ 0.0, 0.0, 0.5999999940395355, 0.19999998807907104 ] },
                "down": { "texture": "#4", "uv": [ 0.0, 0.0, 0.5999999940395355, 0.19999998807907104 ] }
            }
        },
        {
            "name": "Cube",
            "from": [ 7.800000011920929, 11.700000010430813, 8.30000001937151 ], 
            "to": [ 8.400000005960464, 11.899999998509884, 9.200000002980232 ], 
            "faces": {
                "north": { "texture": "#4", "uv": [ 0.0, 0.0, 0.5999999940395355, 0.19999998807907104 ] },
                "east": { "texture": "#4", "uv": [ 0.0, 0.0, 0.8999999836087227, 0.19999998807907104 ] },
                "south": { "texture": "#4", "uv": [ 0.0, 0.0, 0.5999999940395355, 0.19999998807907104 ] },
                "west": { "texture": "#4", "uv": [ 0.0, 0.0, 0.8999999836087227, 0.19999998807907104 ] },
                "up": { "texture": "#4", "uv": [ 0.0, 0.0, 0.5999999940395355, 0.8999999836087227 ] },
                "down": { "texture": "#4", "uv": [ 0.0, 0.0, 0.5999999940395355, 0.8999999836087227 ] }
            }
        },
        {
            "name": "Cube",
            "from": [ 8.700000025331974, 3.4999999925494194, 6.400000001490116 ], 
            "to": [ 9.30000001937151, 4.499999992549419, 7.400000001490116 ], 
            "faces": {
                "north": { "texture": "#3", "uv": [ 1.0, 1.0, 9.0, 9.0 ] },
                "east": { "texture": "#3", "uv": [ 1.0, 1.0, 9.0, 9.0 ] },
                "south": { "texture": "#3", "uv": [ 1.0, 1.0, 9.0, 9.0 ] },
                "west": { "texture": "#3", "uv": [ 1.0, 1.0, 9.0, 9.0 ] },
                "up": { "texture": "#3", "uv": [ 1.0, 1.0, 9.0, 9.0 ] },
                "down": { "texture": "#3", "uv": [ 1.0, 1.0, 9.0, 9.0 ] }
            }
        },
        {
            "name": "Cube",
            "from": [ 7.500000007450581, 15.0, 7.200000002980232 ], 
            "to": [ 8.50000000745058, 15.49999999254942, 8.800000011920929 ], 
            "faces": {
                "north": { "texture": "#0", "uv": [ 0.0, 0.0, 1.0, 0.4999999925494194 ] },
                "east": { "texture": "#0", "uv": [ 0.0, 0.0, 1.6000000089406967, 0.4999999925494194 ] },
                "south": { "texture": "#0", "uv": [ 0.0, 0.0, 1.0, 0.4999999925494194 ] },
                "west": { "texture": "#0", "uv": [ 0.0, 0.0, 1.6000000089406967, 0.4999999925494194 ] },
                "up": { "texture": "#0", "uv": [ 0.0, 0.0, 1.0, 1.6000000089406967 ] },
                "down": { "texture": "#0", "uv": [ 0.0, 0.0, 1.0, 1.6000000089406967 ] }
            }
        }
    ],
	"display": {
		"thirdperson_righthand": {
			"rotation":  [ 0, 40, 0 ],
			"translation":  [ 0, 10, 0 ],
			"scale":  [ 1.3, 1.3, 1.3 ]
		},
		"firstperson_righthand": {
			"rotation":  [ -30, 40, 0 ],
			"translation":  [ 0, 5, 0 ],
			"scale":  [ 1.3, 1.3, 1.3 ]
		},
		"gui": {
			"rotation":  [ 0, 90, 0 ],
			"translation":  [ 0, 1, 0 ],
			"scale":  [ 0.75, 0.75, 0.75 ]
		},
		"ground": {
			"translation":  [ 0, 0, 0 ],
			"scale":  [ 1.0, 1.0, 1.0 ]
		}
	}
}