{
"__comment": "Designed by FirecatHD",
"textures": {
    "texture": "wynn/weaponskins/wand/scifi_wand_texture",
    "scifi_wand_glow_animation_texture": "wynn/weaponskins/wand/scifi_wand_glow_animation_texture"
},
"elements": [ 
{
    "from": [ 9, 8, 7 ],
    "to": [ 17, 9, 8 ],
    "faces": {
        "down":  { "uv": [ 3.875, 4.875, 10, 6.5 ], "texture": "#texture" },
        "up":    { "uv": [ 3.875, 4.875, 10, 6.5 ], "texture": "#texture" },
        "north": { "uv": [ 4.125, 4.5, 10.375, 6.125 ], "texture": "#texture" },
        "south": { "uv": [ 4.125, 4.5, 10.375, 6.125 ], "texture": "#texture" },
        "west":  { "uv": [ 4.875, 4.375, 7.875, 7.125 ], "texture": "#texture" },
        "east":  { "uv": [ 4.875, 4.375, 7.875, 7.125 ], "texture": "#texture" }
    }
},
{
    "from": [ 5, 8.25, 6.75 ],
    "to": [ 13, 9.25, 7.75 ],
    "faces": {
        "down":  { "uv": [ 3.875, 4.875, 10, 6.5 ], "texture": "#texture" },
        "up":    { "uv": [ 3.875, 4.875, 10, 6.5 ], "texture": "#texture" },
        "north": { "uv": [ 4.125, 4.5, 10.375, 6.125 ], "texture": "#texture" },
        "south": { "uv": [ 4.125, 4.5, 10.375, 6.125 ], "texture": "#texture" },
        "west":  { "uv": [ 4.875, 4.375, 7.875, 7.125 ], "texture": "#texture" },
        "east":  { "uv": [ 4.875, 4.375, 7.875, 7.125 ], "texture": "#texture" }
    }
},
{
    "from": [ 1, 8.5, 6.5 ],
    "to": [ 9, 9.5, 7.5 ],
    "faces": {
        "down":  { "uv": [ 3.875, 4.875, 10, 6.5 ], "texture": "#texture" },
        "up":    { "uv": [ 3.875, 4.875, 10, 6.5 ], "texture": "#texture" },
        "north": { "uv": [ 4.125, 4.5, 10.375, 6.125 ], "texture": "#texture" },
        "south": { "uv": [ 4.125, 4.5, 10.375, 6.125 ], "texture": "#texture" },
        "west":  { "uv": [ 4.875, 4.375, 7.875, 7.125 ], "texture": "#texture" },
        "east":  { "uv": [ 4.875, 4.375, 7.875, 7.125 ], "texture": "#texture" }
    }
},
{
    "from": [ -3, 8.75, 6.25 ],
    "to": [ 5, 9.75, 7.25 ],
    "faces": {
        "down":  { "uv": [ 3.875, 4.875, 10, 6.5 ], "texture": "#texture" },
        "up":    { "uv": [ 3.875, 4.875, 10, 6.5 ], "texture": "#texture" },
        "north": { "uv": [ 4.125, 4.5, 10.375, 6.125 ], "texture": "#texture" },
        "south": { "uv": [ 4.125, 4.5, 10.375, 6.125 ], "texture": "#texture" },
        "west":  { "uv": [ 4.875, 4.375, 7.875, 7.125 ], "texture": "#texture" },
        "east":  { "uv": [ 4.875, 4.375, 7.875, 7.125 ], "texture": "#texture" }
    }
},
{
    "from": [ -4.25, 10.25, 6.5 ],
    "to": [ -1.75, 10.75, 7 ],
    "faces": {
        "down":  { "uv": [ 3.875, 0.875, 9.5, 2 ], "texture": "#texture" },
        "up":    { "uv": [ 3.875, 0.875, 9.5, 2 ], "texture": "#texture" },
        "north": { "uv": [ 4.5, 0.875, 10.875, 2 ], "texture": "#texture" },
        "south": { "uv": [ 4.5, 0.875, 10.875, 2 ], "texture": "#texture" },
        "west":  { "uv": [ 4.25, 0.375, 5.75, 1.625 ], "texture": "#texture" },
        "east":  { "uv": [ 4.25, 0.375, 5.75, 1.625 ], "texture": "#texture" }
    }
},
{
    "from": [ -5, 7.75, 6.5 ],
    "to": [ -0.75, 8.25, 7 ],
    "faces": {
        "down":  { "uv": [ 3.875, 0.875, 9.5, 2 ], "texture": "#texture" },
        "up":    { "uv": [ 3.875, 0.875, 9.5, 2 ], "texture": "#texture" },
        "north": { "uv": [ 4.5, 0.875, 10.875, 2 ], "texture": "#texture" },
        "south": { "uv": [ 4.5, 0.875, 10.875, 2 ], "texture": "#texture" },
        "west":  { "uv": [ 4.25, 0.375, 5.75, 1.625 ], "texture": "#texture" },
        "east":  { "uv": [ 4.25, 0.375, 5.75, 1.625 ], "texture": "#texture" }
    }
},
{
    "from": [ -4.125, 9, 5.25 ],
    "to": [ -1.875, 9.5, 5.75 ],
    "faces": {
        "down":  { "uv": [ 3.875, 0.875, 9.5, 2 ], "texture": "#texture" },
        "up":    { "uv": [ 3.875, 0.875, 9.5, 2 ], "texture": "#texture" },
        "north": { "uv": [ 4.5, 0.875, 10.875, 2 ], "texture": "#texture" },
        "south": { "uv": [ 4.5, 0.875, 10.875, 2 ], "texture": "#texture" },
        "west":  { "uv": [ 4.25, 0.375, 5.75, 1.625 ], "texture": "#texture" },
        "east":  { "uv": [ 4.25, 0.375, 5.75, 1.625 ], "texture": "#texture" }
    }
},
{
    "from": [ -5.125, 9, 7.75 ],
    "to": [ -1.625, 9.5, 8.25 ],
    "faces": {
        "down":  { "uv": [ 3.875, 0.875, 9.5, 2 ], "texture": "#texture" },
        "up":    { "uv": [ 3.875, 0.875, 9.5, 2 ], "texture": "#texture" },
        "north": { "uv": [ 4.5, 0.875, 10.875, 2 ], "texture": "#texture" },
        "south": { "uv": [ 4.5, 0.875, 10.875, 2 ], "texture": "#texture" },
        "west":  { "uv": [ 4.25, 0.375, 5.75, 1.625 ], "texture": "#texture" },
        "east":  { "uv": [ 4.25, 0.375, 5.75, 1.625 ], "texture": "#texture" }
    }
},
{
    "from": [ -8.125, 8.875, 6.375 ],
    "to": [ -2.25, 9.625, 7.125 ],
    "faces": {
        "down":  { "uv": [ 3.875, 4.875, 10, 6.5 ], "texture": "#texture" },
        "up":    { "uv": [ 3.875, 4.875, 10, 6.5 ], "texture": "#texture" },
        "north": { "uv": [ 4.125, 4.5, 10.375, 6.125 ], "texture": "#texture" },
        "south": { "uv": [ 4.125, 4.5, 10.375, 6.125 ], "texture": "#texture" },
        "west":  { "uv": [ 4.875, 4.375, 7.875, 7.125 ], "texture": "#texture" },
        "east":  { "uv": [ 4.875, 4.375, 7.875, 7.125 ], "texture": "#texture" }
    }
},
{
    "from": [ -7.25, 9, 6.5 ],
    "to": [ -4, 9.5, 7 ],
    "rotation": { "origin": [ -7.25, 9.5, 6.5 ], "axis": "z", "angle": 22.5 },
    "faces": {
        "down":  { "uv": [ 3.875, 0.875, 9.5, 2 ], "texture": "#texture" },
        "up":    { "uv": [ 3.875, 0.875, 9.5, 2 ], "texture": "#texture" },
        "north": { "uv": [ 4.5, 0.875, 10.875, 2 ], "texture": "#texture" },
        "south": { "uv": [ 4.5, 0.875, 10.875, 2 ], "texture": "#texture" },
        "west":  { "uv": [ 4.25, 0.375, 5.75, 1.625 ], "texture": "#texture" },
        "east":  { "uv": [ 4.25, 0.375, 5.75, 1.625 ], "texture": "#texture" }
    }
},
{
    "from": [ -1.875, 9, 5.25 ],
    "to": [ 0.375, 9.5, 5.75 ],
    "rotation": { "origin": [ -1.875, 9, 5.25 ], "axis": "y", "angle": -45 },
    "faces": {
        "down":  { "uv": [ 3.875, 0.875, 9.5, 2 ], "texture": "#texture" },
        "up":    { "uv": [ 3.875, 0.875, 9.5, 2 ], "texture": "#texture" },
        "north": { "uv": [ 4.5, 0.875, 10.875, 2 ], "texture": "#texture" },
        "south": { "uv": [ 4.5, 0.875, 10.875, 2 ], "texture": "#texture" },
        "west":  { "uv": [ 4.25, 0.375, 5.75, 1.625 ], "texture": "#texture" },
        "east":  { "uv": [ 4.25, 0.375, 5.75, 1.625 ], "texture": "#texture" }
    }
},
{
    "from": [ -0.9375, 7.75, 6.5 ],
    "to": [ 2.0625, 8.25, 7 ],
    "rotation": { "origin": [ -0.9375, 8.25, 6.5 ], "axis": "z", "angle": 22.5 },
    "faces": {
        "down":  { "uv": [ 3.875, 0.875, 9.5, 2 ], "texture": "#texture" },
        "up":    { "uv": [ 3.875, 0.875, 9.5, 2 ], "texture": "#texture" },
        "north": { "uv": [ 4.5, 0.875, 10.875, 2 ], "texture": "#texture" },
        "south": { "uv": [ 4.5, 0.875, 10.875, 2 ], "texture": "#texture" },
        "west":  { "uv": [ 4.25, 0.375, 5.75, 1.625 ], "texture": "#texture" },
        "east":  { "uv": [ 4.25, 0.375, 5.75, 1.625 ], "texture": "#texture" }
    }
},
{
    "from": [ -8.25, 8.75, 6.25 ],
    "to": [ -8.125, 9.75, 7.25 ],
    "faces": {
        "down":  { "uv": [ 0, 0, 16, 16 ], "texture": "#scifi_wand_glow_animation_texture" },
        "up":    { "uv": [ 0, 0, 16, 16 ], "texture": "#scifi_wand_glow_animation_texture" },
        "north": { "uv": [ 0, 0, 16, 16 ], "texture": "#scifi_wand_glow_animation_texture" },
        "south": { "uv": [ 0, 0, 16, 16 ], "texture": "#scifi_wand_glow_animation_texture" },
        "west":  { "uv": [ 0, 0, 16, 16 ], "texture": "#scifi_wand_glow_animation_texture" },
        "east":  { "uv": [ 0, 0, 16, 16 ], "texture": "#scifi_wand_glow_animation_texture" }
    }
},
{
    "from": [ -9.25, 8.625, 6.125 ],
    "to": [ -8.75, 9.875, 7.375 ],
    "faces": {
        "down":  { "uv": [ 0, 0, 16, 16 ], "texture": "#scifi_wand_glow_animation_texture" },
        "up":    { "uv": [ 0, 0, 16, 16 ], "texture": "#scifi_wand_glow_animation_texture" },
        "north": { "uv": [ 0, 0, 16, 16 ], "texture": "#scifi_wand_glow_animation_texture" },
        "south": { "uv": [ 0, 0, 16, 16 ], "texture": "#scifi_wand_glow_animation_texture" },
        "west":  { "uv": [ 0, 0, 16, 16 ], "texture": "#scifi_wand_glow_animation_texture" },
        "east":  { "uv": [ 0, 0, 16, 16 ], "texture": "#scifi_wand_glow_animation_texture" }
    }
},
{
    "from": [ -9.625, 8.75, 6.25 ],
    "to": [ -9.5, 9.75, 7.25 ],
    "faces": {
        "down":  { "uv": [ 0, 0, 16, 16 ], "texture": "#scifi_wand_glow_animation_texture" },
        "up":    { "uv": [ 0, 0, 16, 16 ], "texture": "#scifi_wand_glow_animation_texture" },
        "north": { "uv": [ 0, 0, 16, 16 ], "texture": "#scifi_wand_glow_animation_texture" },
        "south": { "uv": [ 0, 0, 16, 16 ], "texture": "#scifi_wand_glow_animation_texture" },
        "west":  { "uv": [ 0, 0, 16, 16 ], "texture": "#scifi_wand_glow_animation_texture" },
        "east":  { "uv": [ 0, 0, 16, 16 ], "texture": "#scifi_wand_glow_animation_texture" }
    }
},
{
    "from": [ -9.875, 8.875, 6.375 ],
    "to": [ -9.75, 9.625, 7.125 ],
    "faces": {
        "down":  { "uv": [ 0, 0, 16, 16 ], "texture": "#scifi_wand_glow_animation_texture" },
        "up":    { "uv": [ 0, 0, 16, 16 ], "texture": "#scifi_wand_glow_animation_texture" },
        "north": { "uv": [ 0, 0, 16, 16 ], "texture": "#scifi_wand_glow_animation_texture" },
        "south": { "uv": [ 0, 0, 16, 16 ], "texture": "#scifi_wand_glow_animation_texture" },
        "west":  { "uv": [ 0, 0, 16, 16 ], "texture": "#scifi_wand_glow_animation_texture" },
        "east":  { "uv": [ 0, 0, 16, 16 ], "texture": "#scifi_wand_glow_animation_texture" }
    }
},
{
    "from": [ -8.5, 8.75, 6.25 ],
    "to": [ -8.375, 9.75, 7.25 ],
    "faces": {
        "down":  { "uv": [ 0, 0, 16, 16 ], "texture": "#scifi_wand_glow_animation_texture" },
        "up":    { "uv": [ 0, 0, 16, 16 ], "texture": "#scifi_wand_glow_animation_texture" },
        "north": { "uv": [ 0, 0, 16, 16 ], "texture": "#scifi_wand_glow_animation_texture" },
        "south": { "uv": [ 0, 0, 16, 16 ], "texture": "#scifi_wand_glow_animation_texture" },
        "west":  { "uv": [ 0, 0, 16, 16 ], "texture": "#scifi_wand_glow_animation_texture" },
        "east":  { "uv": [ 0, 0, 16, 16 ], "texture": "#scifi_wand_glow_animation_texture" }
    }
},
{
    "from": [ -9.125, 8.125, 6.625 ],
    "to": [ -8.875, 10.375, 6.875 ],
    "faces": {
        "down":  { "uv": [ 3.875, 0.875, 9.5, 2 ], "texture": "#texture" },
        "up":    { "uv": [ 3.875, 0.875, 9.5, 2 ], "texture": "#texture" },
        "north": { "uv": [ 4.5, 0.875, 10.875, 2 ], "texture": "#texture" },
        "south": { "uv": [ 4.5, 0.875, 10.875, 2 ], "texture": "#texture" },
        "west":  { "uv": [ 4.25, 0.375, 5.75, 1.625 ], "texture": "#texture" },
        "east":  { "uv": [ 4.25, 0.375, 5.75, 1.625 ], "texture": "#texture" }
    }
},
{
    "from": [ -9.125, 9.125, 5.625 ],
    "to": [ -8.875, 9.375, 7.875 ],
    "faces": {
        "down":  { "uv": [ 3.875, 0.875, 9.5, 2 ], "texture": "#texture" },
        "up":    { "uv": [ 3.875, 0.875, 9.5, 2 ], "texture": "#texture" },
        "north": { "uv": [ 4.5, 0.875, 10.875, 2 ], "texture": "#texture" },
        "south": { "uv": [ 4.5, 0.875, 10.875, 2 ], "texture": "#texture" },
        "west":  { "uv": [ 4.25, 0.375, 5.75, 1.625 ], "texture": "#texture" },
        "east":  { "uv": [ 4.25, 0.375, 5.75, 1.625 ], "texture": "#texture" }
    }
},
{
    "from": [ -10.875, 10.375, 6.625 ],
    "to": [ -4.25, 10.625, 6.875 ],
    "faces": {
        "down":  { "uv": [ 3.875, 0.875, 9.5, 2 ], "texture": "#texture" },
        "up":    { "uv": [ 3.875, 0.875, 9.5, 2 ], "texture": "#texture" },
        "north": { "uv": [ 4.5, 0.875, 10.875, 2 ], "texture": "#texture" },
        "south": { "uv": [ 4.5, 0.875, 10.875, 2 ], "texture": "#texture" },
        "west":  { "uv": [ 4.25, 0.375, 5.75, 1.625 ], "texture": "#texture" },
        "east":  { "uv": [ 4.25, 0.375, 5.75, 1.625 ], "texture": "#texture" }
    }
},
{
    "from": [ -11, 7.875, 6.625 ],
    "to": [ -4.75, 8.125, 6.875 ],
    "faces": {
        "down":  { "uv": [ 3.875, 0.875, 9.5, 2 ], "texture": "#texture" },
        "up":    { "uv": [ 3.875, 0.875, 9.5, 2 ], "texture": "#texture" },
        "north": { "uv": [ 4.5, 0.875, 10.875, 2 ], "texture": "#texture" },
        "south": { "uv": [ 4.5, 0.875, 10.875, 2 ], "texture": "#texture" },
        "west":  { "uv": [ 4.25, 0.375, 5.75, 1.625 ], "texture": "#texture" },
        "east":  { "uv": [ 4.25, 0.375, 5.75, 1.625 ], "texture": "#texture" }
    }
},
{
    "from": [ -10.875, 9.125, 7.875 ],
    "to": [ -5, 9.375, 8.125 ],
    "faces": {
        "down":  { "uv": [ 3.875, 0.875, 9.5, 2 ], "texture": "#texture" },
        "up":    { "uv": [ 3.875, 0.875, 9.5, 2 ], "texture": "#texture" },
        "north": { "uv": [ 4.5, 0.875, 10.875, 2 ], "texture": "#texture" },
        "south": { "uv": [ 4.5, 0.875, 10.875, 2 ], "texture": "#texture" },
        "west":  { "uv": [ 4.25, 0.375, 5.75, 1.625 ], "texture": "#texture" },
        "east":  { "uv": [ 4.25, 0.375, 5.75, 1.625 ], "texture": "#texture" }
    }
},
{
    "from": [ -10.875, 9.125, 5.375 ],
    "to": [ -4, 9.375, 5.625 ],
    "faces": {
        "down":  { "uv": [ 3.875, 0.875, 9.5, 2 ], "texture": "#texture" },
        "up":    { "uv": [ 3.875, 0.875, 9.5, 2 ], "texture": "#texture" },
        "north": { "uv": [ 4.5, 0.875, 10.875, 2 ], "texture": "#texture" },
        "south": { "uv": [ 4.5, 0.875, 10.875, 2 ], "texture": "#texture" },
        "west":  { "uv": [ 4.25, 0.375, 5.75, 1.625 ], "texture": "#texture" },
        "east":  { "uv": [ 4.25, 0.375, 5.75, 1.625 ], "texture": "#texture" }
    }
},
{
    "from": [ -10, 9.125, 6.625 ],
    "to": [ -6.625, 9.375, 6.875 ],
    "faces": {
        "down":  { "uv": [ 3.875, 4.875, 10, 6.5 ], "texture": "#scifi_wand_glow_animation_texture" },
        "up":    { "uv": [ 3.875, 4.875, 10, 6.5 ], "texture": "#scifi_wand_glow_animation_texture" },
        "north": { "uv": [ 4.125, 4.5, 10.375, 6.125 ], "texture": "#scifi_wand_glow_animation_texture" },
        "south": { "uv": [ 4.125, 4.5, 10.375, 6.125 ], "texture": "#scifi_wand_glow_animation_texture" },
        "west":  { "uv": [ 4.875, 4.375, 7.875, 7.125 ], "texture": "#scifi_wand_glow_animation_texture" },
        "east":  { "uv": [ 4.875, 4.375, 7.875, 7.125 ], "texture": "#scifi_wand_glow_animation_texture" }
    }
},
{
    "from": [ 17, 8.25, 7.25 ],
    "to": [ 19.25, 8.75, 7.75 ],
    "faces": {
        "down":  { "uv": [ 3.875, 4.875, 10, 6.5 ], "texture": "#scifi_wand_glow_animation_texture" },
        "up":    { "uv": [ 3.875, 4.875, 10, 6.5 ], "texture": "#scifi_wand_glow_animation_texture" },
        "north": { "uv": [ 4.125, 4.5, 10.375, 6.125 ], "texture": "#scifi_wand_glow_animation_texture" },
        "south": { "uv": [ 4.125, 4.5, 10.375, 6.125 ], "texture": "#scifi_wand_glow_animation_texture" },
        "west":  { "uv": [ 4.875, 4.375, 7.875, 7.125 ], "texture": "#scifi_wand_glow_animation_texture" },
        "east":  { "uv": [ 4.875, 4.375, 7.875, 7.125 ], "texture": "#scifi_wand_glow_animation_texture" }
    }
},
{
    "from": [ 19, 7.75, 7.375 ],
    "to": [ 19.25, 9.25, 7.625 ],
    "faces": {
        "down":  { "uv": [ 3.875, 0.875, 9.5, 2 ], "texture": "#texture" },
        "up":    { "uv": [ 3.875, 0.875, 9.5, 2 ], "texture": "#texture" },
        "north": { "uv": [ 4.5, 0.875, 10.875, 2 ], "texture": "#texture" },
        "south": { "uv": [ 4.5, 0.875, 10.875, 2 ], "texture": "#texture" },
        "west":  { "uv": [ 4.25, 0.375, 5.75, 1.625 ], "texture": "#texture" },
        "east":  { "uv": [ 4.25, 0.375, 5.75, 1.625 ], "texture": "#texture" }
    }
},
{
    "from": [ 19, 8.375, 6.75 ],
    "to": [ 19.25, 8.625, 8.25 ],
    "faces": {
        "down":  { "uv": [ 3.875, 0.875, 9.5, 2 ], "texture": "#texture" },
        "up":    { "uv": [ 3.875, 0.875, 9.5, 2 ], "texture": "#texture" },
        "north": { "uv": [ 4.5, 0.875, 10.875, 2 ], "texture": "#texture" },
        "south": { "uv": [ 4.5, 0.875, 10.875, 2 ], "texture": "#texture" },
        "west":  { "uv": [ 4.25, 0.375, 5.75, 1.625 ], "texture": "#texture" },
        "east":  { "uv": [ 4.25, 0.375, 5.75, 1.625 ], "texture": "#texture" }
    }
},
{
    "from": [ 16.75, 9, 7.375 ],
    "to": [ 19, 9.25, 7.625 ],
    "faces": {
        "down":  { "uv": [ 3.875, 0.875, 9.5, 2 ], "texture": "#texture" },
        "up":    { "uv": [ 3.875, 0.875, 9.5, 2 ], "texture": "#texture" },
        "north": { "uv": [ 4.5, 0.875, 10.875, 2 ], "texture": "#texture" },
        "south": { "uv": [ 4.5, 0.875, 10.875, 2 ], "texture": "#texture" },
        "west":  { "uv": [ 4.25, 0.375, 5.75, 1.625 ], "texture": "#texture" },
        "east":  { "uv": [ 4.25, 0.375, 5.75, 1.625 ], "texture": "#texture" }
    }
},
{
    "from": [ 16.75, 7.75, 7.375 ],
    "to": [ 19, 8, 7.625 ],
    "faces": {
        "down":  { "uv": [ 3.875, 0.875, 9.5, 2 ], "texture": "#texture" },
        "up":    { "uv": [ 3.875, 0.875, 9.5, 2 ], "texture": "#texture" },
        "north": { "uv": [ 4.5, 0.875, 10.875, 2 ], "texture": "#texture" },
        "south": { "uv": [ 4.5, 0.875, 10.875, 2 ], "texture": "#texture" },
        "west":  { "uv": [ 4.25, 0.375, 5.75, 1.625 ], "texture": "#texture" },
        "east":  { "uv": [ 4.25, 0.375, 5.75, 1.625 ], "texture": "#texture" }
    }
},
{
    "from": [ 16.75, 8.375, 6.75 ],
    "to": [ 19, 8.625, 7 ],
    "faces": {
        "down":  { "uv": [ 3.875, 0.875, 9.5, 2 ], "texture": "#texture" },
        "up":    { "uv": [ 3.875, 0.875, 9.5, 2 ], "texture": "#texture" },
        "north": { "uv": [ 4.5, 0.875, 10.875, 2 ], "texture": "#texture" },
        "south": { "uv": [ 4.5, 0.875, 10.875, 2 ], "texture": "#texture" },
        "west":  { "uv": [ 4.25, 0.375, 5.75, 1.625 ], "texture": "#texture" },
        "east":  { "uv": [ 4.25, 0.375, 5.75, 1.625 ], "texture": "#texture" }
    }
},
{
    "from": [ 16.75, 8.375, 8 ],
    "to": [ 19, 8.625, 8.25 ],
    "faces": {
        "down":  { "uv": [ 3.875, 0.875, 9.5, 2 ], "texture": "#texture" },
        "up":    { "uv": [ 3.875, 0.875, 9.5, 2 ], "texture": "#texture" },
        "north": { "uv": [ 4.5, 0.875, 10.875, 2 ], "texture": "#texture" },
        "south": { "uv": [ 4.5, 0.875, 10.875, 2 ], "texture": "#texture" },
        "west":  { "uv": [ 4.25, 0.375, 5.75, 1.625 ], "texture": "#texture" },
        "east":  { "uv": [ 4.25, 0.375, 5.75, 1.625 ], "texture": "#texture" }
    }
},
{
    "from": [ -6.0625, 9, 6.5625 ],
    "to": [ -4.1875, 9.5, 7.0625 ],
    "rotation": { "origin": [ -6.0625, 9, 6.5625 ], "axis": "y", "angle": -45 },
    "faces": {
        "down":  { "uv": [ 3.875, 0.875, 9.5, 2 ], "texture": "#texture" },
        "up":    { "uv": [ 3.875, 0.875, 9.5, 2 ], "texture": "#texture" },
        "north": { "uv": [ 4.5, 0.875, 10.875, 2 ], "texture": "#texture" },
        "south": { "uv": [ 4.5, 0.875, 10.875, 2 ], "texture": "#texture" },
        "west":  { "uv": [ 4.25, 0.375, 5.75, 1.625 ], "texture": "#texture" },
        "east":  { "uv": [ 4.25, 0.375, 5.75, 1.625 ], "texture": "#texture" }
    }
},
{
    "from": [ -7.375, 9.125, 5.375 ],
    "to": [ -7.125, 9.375, 7.125 ],
    "rotation": { "origin": [ -7.375, 9.375, 5.375 ], "axis": "x", "angle": -45 },
    "faces": {
        "down":  { "uv": [ 3.875, 0.875, 9.5, 2 ], "texture": "#texture" },
        "up":    { "uv": [ 3.875, 0.875, 9.5, 2 ], "texture": "#texture" },
        "north": { "uv": [ 4.5, 0.875, 10.875, 2 ], "texture": "#texture" },
        "south": { "uv": [ 4.5, 0.875, 10.875, 2 ], "texture": "#texture" },
        "west":  { "uv": [ 4.25, 0.375, 5.75, 1.625 ], "texture": "#texture" },
        "east":  { "uv": [ 4.25, 0.375, 5.75, 1.625 ], "texture": "#texture" }
    }
},
{
    "from": [ -7.375, 9.0625, 5.5625 ],
    "to": [ -7.125, 9.3125, 7.3125 ],
    "rotation": { "origin": [ -7.375, 9.3125, 5.5625 ], "axis": "x", "angle": 45 },
    "faces": {
        "down":  { "uv": [ 3.875, 0.875, 9.5, 2 ], "texture": "#texture" },
        "up":    { "uv": [ 3.875, 0.875, 9.5, 2 ], "texture": "#texture" },
        "north": { "uv": [ 4.5, 0.875, 10.875, 2 ], "texture": "#texture" },
        "south": { "uv": [ 4.5, 0.875, 10.875, 2 ], "texture": "#texture" },
        "west":  { "uv": [ 4.25, 0.375, 5.75, 1.625 ], "texture": "#texture" },
        "east":  { "uv": [ 4.25, 0.375, 5.75, 1.625 ], "texture": "#texture" }
    }
},
{
    "from": [ -7.375, 7.875, 6.6875 ],
    "to": [ -7.125, 8.125, 8.4375 ],
    "rotation": { "origin": [ -7.375, 8.125, 6.6875 ], "axis": "x", "angle": -45 },
    "faces": {
        "down":  { "uv": [ 3.875, 0.875, 9.5, 2 ], "texture": "#texture" },
        "up":    { "uv": [ 3.875, 0.875, 9.5, 2 ], "texture": "#texture" },
        "north": { "uv": [ 4.5, 0.875, 10.875, 2 ], "texture": "#texture" },
        "south": { "uv": [ 4.5, 0.875, 10.875, 2 ], "texture": "#texture" },
        "west":  { "uv": [ 4.25, 0.375, 5.75, 1.625 ], "texture": "#texture" },
        "east":  { "uv": [ 4.25, 0.375, 5.75, 1.625 ], "texture": "#texture" }
    }
},
{
    "from": [ -7.375, 10.375, 6.875 ],
    "to": [ -7.125, 10.625, 8.625 ],
    "rotation": { "origin": [ -7.375, 10.625, 6.875 ], "axis": "x", "angle": 45 },
    "faces": {
        "down":  { "uv": [ 3.875, 0.875, 9.5, 2 ], "texture": "#texture" },
        "up":    { "uv": [ 3.875, 0.875, 9.5, 2 ], "texture": "#texture" },
        "north": { "uv": [ 4.5, 0.875, 10.875, 2 ], "texture": "#texture" },
        "south": { "uv": [ 4.5, 0.875, 10.875, 2 ], "texture": "#texture" },
        "west":  { "uv": [ 4.25, 0.375, 5.75, 1.625 ], "texture": "#texture" },
        "east":  { "uv": [ 4.25, 0.375, 5.75, 1.625 ], "texture": "#texture" }
    }
},
{
    "from": [ -10.875, 9.125, 5.375 ],
    "to": [ -10.625, 9.375, 7.125 ],
    "rotation": { "origin": [ -10.875, 9.375, 5.375 ], "axis": "x", "angle": -45 },
    "faces": {
        "down":  { "uv": [ 3.875, 0.875, 9.5, 2 ], "texture": "#texture" },
        "up":    { "uv": [ 3.875, 0.875, 9.5, 2 ], "texture": "#texture" },
        "north": { "uv": [ 4.5, 0.875, 10.875, 2 ], "texture": "#texture" },
        "south": { "uv": [ 4.5, 0.875, 10.875, 2 ], "texture": "#texture" },
        "west":  { "uv": [ 4.25, 0.375, 5.75, 1.625 ], "texture": "#texture" },
        "east":  { "uv": [ 4.25, 0.375, 5.75, 1.625 ], "texture": "#texture" }
    }
},
{
    "from": [ -10.875, 9.0625, 5.5625 ],
    "to": [ -10.625, 9.3125, 7.3125 ],
    "rotation": { "origin": [ -10.875, 9.3125, 5.5625 ], "axis": "x", "angle": 45 },
    "faces": {
        "down":  { "uv": [ 3.875, 0.875, 9.5, 2 ], "texture": "#texture" },
        "up":    { "uv": [ 3.875, 0.875, 9.5, 2 ], "texture": "#texture" },
        "north": { "uv": [ 4.5, 0.875, 10.875, 2 ], "texture": "#texture" },
        "south": { "uv": [ 4.5, 0.875, 10.875, 2 ], "texture": "#texture" },
        "west":  { "uv": [ 4.25, 0.375, 5.75, 1.625 ], "texture": "#texture" },
        "east":  { "uv": [ 4.25, 0.375, 5.75, 1.625 ], "texture": "#texture" }
    }
},
{
    "from": [ -10.875, 7.875, 6.6875 ],
    "to": [ -10.625, 8.125, 8.4375 ],
    "rotation": { "origin": [ -10.875, 8.125, 6.6875 ], "axis": "x", "angle": -45 },
    "faces": {
        "down":  { "uv": [ 3.875, 0.875, 9.5, 2 ], "texture": "#texture" },
        "up":    { "uv": [ 3.875, 0.875, 9.5, 2 ], "texture": "#texture" },
        "north": { "uv": [ 4.5, 0.875, 10.875, 2 ], "texture": "#texture" },
        "south": { "uv": [ 4.5, 0.875, 10.875, 2 ], "texture": "#texture" },
        "west":  { "uv": [ 4.25, 0.375, 5.75, 1.625 ], "texture": "#texture" },
        "east":  { "uv": [ 4.25, 0.375, 5.75, 1.625 ], "texture": "#texture" }
    }
},
{
    "from": [ -10.875, 10.375, 6.875 ],
    "to": [ -10.625, 10.625, 8.625 ],
    "rotation": { "origin": [ -10.875, 10.625, 6.875 ], "axis": "x", "angle": 45 },
    "faces": {
        "down":  { "uv": [ 3.875, 0.875, 9.5, 2 ], "texture": "#texture" },
        "up":    { "uv": [ 3.875, 0.875, 9.5, 2 ], "texture": "#texture" },
        "north": { "uv": [ 4.5, 0.875, 10.875, 2 ], "texture": "#texture" },
        "south": { "uv": [ 4.5, 0.875, 10.875, 2 ], "texture": "#texture" },
        "west":  { "uv": [ 4.25, 0.375, 5.75, 1.625 ], "texture": "#texture" },
        "east":  { "uv": [ 4.25, 0.375, 5.75, 1.625 ], "texture": "#texture" }
    }
},
{
    "from": [ -7.425, 8.125, 6.625 ],
    "to": [ -7.175, 10.375, 6.875 ],
    "faces": {
        "down":  { "uv": [ 3.875, 0.875, 9.5, 2 ], "texture": "#texture" },
        "up":    { "uv": [ 3.875, 0.875, 9.5, 2 ], "texture": "#texture" },
        "north": { "uv": [ 4.5, 0.875, 10.875, 2 ], "texture": "#texture" },
        "south": { "uv": [ 4.5, 0.875, 10.875, 2 ], "texture": "#texture" },
        "west":  { "uv": [ 4.25, 0.375, 5.75, 1.625 ], "texture": "#texture" },
        "east":  { "uv": [ 4.25, 0.375, 5.75, 1.625 ], "texture": "#texture" }
    }
},
{
    "from": [ -7.425, 9.125, 5.625 ],
    "to": [ -7.175, 9.375, 7.875 ],
    "faces": {
        "down":  { "uv": [ 3.875, 0.875, 9.5, 2 ], "texture": "#texture" },
        "up":    { "uv": [ 3.875, 0.875, 9.5, 2 ], "texture": "#texture" },
        "north": { "uv": [ 4.5, 0.875, 10.875, 2 ], "texture": "#texture" },
        "south": { "uv": [ 4.5, 0.875, 10.875, 2 ], "texture": "#texture" },
        "west":  { "uv": [ 4.25, 0.375, 5.75, 1.625 ], "texture": "#texture" },
        "east":  { "uv": [ 4.25, 0.375, 5.75, 1.625 ], "texture": "#texture" }
    }
},
{
    "from": [ -10.725, 8.125, 6.625 ],
    "to": [ -10.475, 10.375, 6.875 ],
    "faces": {
        "down":  { "uv": [ 3.875, 0.875, 9.5, 2 ], "texture": "#texture" },
        "up":    { "uv": [ 3.875, 0.875, 9.5, 2 ], "texture": "#texture" },
        "north": { "uv": [ 4.5, 0.875, 10.875, 2 ], "texture": "#texture" },
        "south": { "uv": [ 4.5, 0.875, 10.875, 2 ], "texture": "#texture" },
        "west":  { "uv": [ 4.25, 0.375, 5.75, 1.625 ], "texture": "#texture" },
        "east":  { "uv": [ 4.25, 0.375, 5.75, 1.625 ], "texture": "#texture" }
    }
},
{
    "from": [ -10.725, 9.125, 5.625 ],
    "to": [ -10.475, 9.375, 7.875 ],
    "faces": {
        "down":  { "uv": [ 3.875, 0.875, 9.5, 2 ], "texture": "#texture" },
        "up":    { "uv": [ 3.875, 0.875, 9.5, 2 ], "texture": "#texture" },
        "north": { "uv": [ 4.5, 0.875, 10.875, 2 ], "texture": "#texture" },
        "south": { "uv": [ 4.5, 0.875, 10.875, 2 ], "texture": "#texture" },
        "west":  { "uv": [ 4.25, 0.375, 5.75, 1.625 ], "texture": "#texture" },
        "east":  { "uv": [ 4.25, 0.375, 5.75, 1.625 ], "texture": "#texture" }
    }
}
],
"display": {
    "thirdperson_righthand": {
        "rotation": [ 180, -41, 90 ],
        "translation": [ 0.19, -5.29, 0.57 ],
        "scale": [ 1.64, 1.64, 1.64 ]
    },
    "thirdperson_lefthand": {
        "rotation": [ 0, -41, 90 ],
        "translation": [ -1.32, -5.1, 4.54 ],
        "scale": [ 1.64, 1.64, 1.64 ]
    },
    "head": {
        "rotation": [ 0, 0, -57 ],
        "translation": [ -0.94, 3.4, 1.51 ],
        "scale": [ 1, 1, 1 ]
    },
    "ground": {
        "rotation": [ -34, -30, -20 ],
        "translation": [ 0, 1.89, 0 ],
        "scale": [ 0.66, 0.66, 0.66 ]
    },
    "fixed": {
        "rotation": [ 0, 0, -48 ],
        "translation": [ 2.27, -3.21, 0.38 ],
        "scale": [ 0.69, 0.69, 0.69 ]
    },
    "firstperson_righthand": {
        "rotation": [ -17, 71, -74 ],
        "translation": [ 11.91, -16.25, -10.77 ],
        "scale": [ 2, 2, 2 ]
    },
    "firstperson_lefthand": {
        "rotation": [ 162, -18, -88 ],
        "translation": [ 9.26, -10.2, -10.39 ],
        "scale": [ 2.17, 2.24, 2.27 ]
    },
    "gui": {
        "rotation": [ -43, -17, -130 ],
        "translation": [ -3.02, -2.08, -3.4 ],
        "scale": [ 0.69, 0.69, 0.69 ]
    }
}
}