{
"__comment": "Designed by FirecatHD",
"textures": {
    "texture": "wynn/weaponskins/wand/steampunk_wand_texture",
    "steampunk_wand_clock_animation_texture": "wynn/weaponskins/wand/steampunk_wand_clock_animation_texture"
},
"elements": [ 
{
    "from": [ 0, 8.125, 6.875 ],
    "to": [ 18.375, 8.875, 7.625 ],
    "faces": {
        "down":  { "uv": [ 8.25, 0.375, 15.8125, 0.875 ], "texture": "#texture" },
        "up":    { "uv": [ 8.25, 0.375, 15.8125, 0.875 ], "texture": "#texture" },
        "north": { "uv": [ 8.625, 0.6875, 15.8125, 1.375 ], "texture": "#texture" },
        "south": { "uv": [ 8.625, 0.6875, 15.8125, 1.375 ], "texture": "#texture" },
        "west":  { "uv": [ 13.1875, 0.75, 13.9375, 1.5 ], "texture": "#texture" },
        "east":  { "uv": [ 13.1875, 0.75, 13.9375, 1.5 ], "texture": "#texture" }
    }
},
{
    "from": [ -6.4375, 7.75, 6.5 ],
    "to": [ -5.75, 9.25, 8 ],
    "faces": {
        "down":  { "uv": [ 9.6875, 6.125, 10.375, 7.625 ], "texture": "#texture" },
        "up":    { "uv": [ 9.6875, 6.125, 10.375, 7.625 ], "texture": "#texture" },
        "north": { "uv": [ 11.5625, 6.3125, 12.25, 7.8125 ], "texture": "#texture" },
        "south": { "uv": [ 11.5625, 6.3125, 12.25, 7.8125 ], "texture": "#texture" },
        "west":  { "uv": [ 12.25, 6.3125, 13.75, 7.8125 ], "texture": "#texture" },
        "east":  { "uv": [ 12.25, 6.3125, 13.75, 7.8125 ], "texture": "#texture" }
    }
},
{
    "from": [ -5.5625, 7.875, 6.625 ],
    "to": [ -4.0625, 9.125, 7.875 ],
    "faces": {
        "down":  { "uv": [ 9.6875, 2.25, 10.6875, 3.75 ], "texture": "#texture" },
        "up":    { "uv": [ 9.6875, 2.25, 10.6875, 3.75 ], "texture": "#texture" },
        "north": { "uv": [ 12.875, 2.25, 13.875, 3.75 ], "texture": "#texture" },
        "south": { "uv": [ 12.875, 2.25, 13.875, 3.75 ], "texture": "#texture" },
        "west":  { "uv": [ 12.1875, 2.1875, 13.6875, 3.6875 ], "texture": "#texture" },
        "east":  { "uv": [ 12.1875, 2.1875, 13.6875, 3.6875 ], "texture": "#texture" }
    }
},
{
    "from": [ -4.0625, 8, 6.75 ],
    "to": [ -2.4375, 9, 7.75 ],
    "faces": {
        "down":  { "uv": [ 9.6875, 2.25, 10.6875, 3.75 ], "texture": "#texture" },
        "up":    { "uv": [ 9.6875, 2.25, 10.6875, 3.75 ], "texture": "#texture" },
        "north": { "uv": [ 12.875, 2.25, 13.875, 3.75 ], "texture": "#texture" },
        "south": { "uv": [ 12.875, 2.25, 13.875, 3.75 ], "texture": "#texture" },
        "west":  { "uv": [ 12.1875, 2.1875, 13.6875, 3.6875 ], "texture": "#texture" },
        "east":  { "uv": [ 12.1875, 2.1875, 13.6875, 3.6875 ], "texture": "#texture" }
    }
},
{
    "from": [ -2.4375, 7.875, 6.625 ],
    "to": [ -0.9375, 9.125, 7.875 ],
    "faces": {
        "down":  { "uv": [ 9.6875, 2.25, 10.6875, 3.75 ], "texture": "#texture" },
        "up":    { "uv": [ 9.6875, 2.25, 10.6875, 3.75 ], "texture": "#texture" },
        "north": { "uv": [ 12.875, 2.25, 13.875, 3.75 ], "texture": "#texture" },
        "south": { "uv": [ 12.875, 2.25, 13.875, 3.75 ], "texture": "#texture" },
        "west":  { "uv": [ 12.1875, 2.1875, 13.6875, 3.6875 ], "texture": "#texture" },
        "east":  { "uv": [ 12.1875, 2.1875, 13.6875, 3.6875 ], "texture": "#texture" }
    }
},
{
    "from": [ -1, 7.75, 6.5 ],
    "to": [ 0, 9.25, 8 ],
    "faces": {
        "down":  { "uv": [ 9.6875, 6.3125, 10.6875, 7.8125 ], "texture": "#texture" },
        "up":    { "uv": [ 9.6875, 6.3125, 10.6875, 7.8125 ], "texture": "#texture" },
        "north": { "uv": [ 10.1875, 6.125, 11.1875, 7.625 ], "texture": "#texture" },
        "south": { "uv": [ 10.1875, 6.125, 11.1875, 7.625 ], "texture": "#texture" },
        "west":  { "uv": [ 10.25, 6.3125, 11.75, 7.8125 ], "texture": "#texture" },
        "east":  { "uv": [ 10.25, 6.3125, 11.75, 7.8125 ], "texture": "#texture" }
    }
},
{
    "from": [ -0.375, 7.625, 6.5625 ],
    "to": [ 0, 9.375, 6.8125 ],
    "faces": {
        "down":  { "uv": [ 11, 6.125, 11.375, 7.875 ], "texture": "#texture" },
        "up":    { "uv": [ 11, 6.125, 11.375, 7.875 ], "texture": "#texture" },
        "north": { "uv": [ 9.0625, 6.3125, 10.125, 7.0625 ], "texture": "#texture" },
        "south": { "uv": [ 9.0625, 6.3125, 10.125, 7.0625 ], "texture": "#texture" },
        "west":  { "uv": [ 10.375, 6.8125, 14.5625, 7.375 ], "texture": "#texture" },
        "east":  { "uv": [ 10.375, 6.8125, 14.5625, 7.375 ], "texture": "#texture" }
    }
},
{
    "from": [ 0, 8.0625, 6.9375 ],
    "to": [ 18.375, 8.9375, 7.5625 ],
    "faces": {
        "down":  { "uv": [ 8.25, 0.375, 15.8125, 0.875 ], "texture": "#texture" },
        "up":    { "uv": [ 8.25, 0.375, 15.8125, 0.875 ], "texture": "#texture" },
        "north": { "uv": [ 8.625, 0.6875, 15.8125, 1.375 ], "texture": "#texture" },
        "south": { "uv": [ 8.625, 0.6875, 15.8125, 1.375 ], "texture": "#texture" },
        "west":  { "uv": [ 13.1875, 0.75, 13.9375, 1.5 ], "texture": "#texture" },
        "east":  { "uv": [ 13.1875, 0.75, 13.9375, 1.5 ], "texture": "#texture" }
    }
},
{
    "from": [ -0.375, 7.625, 6.9375 ],
    "to": [ 0, 9.375, 7.1875 ],
    "faces": {
        "down":  { "uv": [ 11, 6.125, 11.375, 7.875 ], "texture": "#texture" },
        "up":    { "uv": [ 11, 6.125, 11.375, 7.875 ], "texture": "#texture" },
        "north": { "uv": [ 9.0625, 6.3125, 10.125, 7.0625 ], "texture": "#texture" },
        "south": { "uv": [ 9.0625, 6.3125, 10.125, 7.0625 ], "texture": "#texture" },
        "west":  { "uv": [ 10.375, 6.8125, 14.5625, 7.375 ], "texture": "#texture" },
        "east":  { "uv": [ 10.375, 6.8125, 14.5625, 7.375 ], "texture": "#texture" }
    }
},
{
    "from": [ -0.375, 7.625, 7.3125 ],
    "to": [ 0, 9.375, 7.5625 ],
    "faces": {
        "down":  { "uv": [ 11, 6.125, 11.375, 7.875 ], "texture": "#texture" },
        "up":    { "uv": [ 11, 6.125, 11.375, 7.875 ], "texture": "#texture" },
        "north": { "uv": [ 9.0625, 6.3125, 10.125, 7.0625 ], "texture": "#texture" },
        "south": { "uv": [ 9.0625, 6.3125, 10.125, 7.0625 ], "texture": "#texture" },
        "west":  { "uv": [ 10.375, 6.8125, 14.5625, 7.375 ], "texture": "#texture" },
        "east":  { "uv": [ 10.375, 6.8125, 14.5625, 7.375 ], "texture": "#texture" }
    }
},
{
    "from": [ -0.375, 7.625, 7.6875 ],
    "to": [ 0, 9.375, 7.9375 ],
    "faces": {
        "down":  { "uv": [ 11, 6.125, 11.375, 7.875 ], "texture": "#texture" },
        "up":    { "uv": [ 11, 6.125, 11.375, 7.875 ], "texture": "#texture" },
        "north": { "uv": [ 9.0625, 6.3125, 10.125, 7.0625 ], "texture": "#texture" },
        "south": { "uv": [ 9.0625, 6.3125, 10.125, 7.0625 ], "texture": "#texture" },
        "west":  { "uv": [ 10.375, 6.8125, 14.5625, 7.375 ], "texture": "#texture" },
        "east":  { "uv": [ 10.375, 6.8125, 14.5625, 7.375 ], "texture": "#texture" }
    }
},
{
    "from": [ -0.375, 8.9375, 6.375 ],
    "to": [ 0, 9.1875, 8.125 ],
    "faces": {
        "down":  { "uv": [ 11, 6.125, 11.375, 7.875 ], "texture": "#texture" },
        "up":    { "uv": [ 11, 6.125, 11.375, 7.875 ], "texture": "#texture" },
        "north": { "uv": [ 9.0625, 6.3125, 10.125, 7.0625 ], "texture": "#texture" },
        "south": { "uv": [ 9.0625, 6.3125, 10.125, 7.0625 ], "texture": "#texture" },
        "west":  { "uv": [ 10.375, 6.8125, 14.5625, 7.375 ], "texture": "#texture" },
        "east":  { "uv": [ 10.375, 6.8125, 14.5625, 7.375 ], "texture": "#texture" }
    }
},
{
    "from": [ -0.375, 8.5625, 6.375 ],
    "to": [ 0, 8.8125, 8.125 ],
    "faces": {
        "down":  { "uv": [ 11, 6.125, 11.375, 7.875 ], "texture": "#texture" },
        "up":    { "uv": [ 11, 6.125, 11.375, 7.875 ], "texture": "#texture" },
        "north": { "uv": [ 9.0625, 6.3125, 10.125, 7.0625 ], "texture": "#texture" },
        "south": { "uv": [ 9.0625, 6.3125, 10.125, 7.0625 ], "texture": "#texture" },
        "west":  { "uv": [ 10.375, 6.8125, 14.5625, 7.375 ], "texture": "#texture" },
        "east":  { "uv": [ 10.375, 6.8125, 14.5625, 7.375 ], "texture": "#texture" }
    }
},
{
    "from": [ -0.375, 8.1875, 6.375 ],
    "to": [ 0, 8.4375, 8.125 ],
    "faces": {
        "down":  { "uv": [ 11, 6.125, 11.375, 7.875 ], "texture": "#texture" },
        "up":    { "uv": [ 11, 6.125, 11.375, 7.875 ], "texture": "#texture" },
        "north": { "uv": [ 9.0625, 6.3125, 10.125, 7.0625 ], "texture": "#texture" },
        "south": { "uv": [ 9.0625, 6.3125, 10.125, 7.0625 ], "texture": "#texture" },
        "west":  { "uv": [ 10.375, 6.8125, 14.5625, 7.375 ], "texture": "#texture" },
        "east":  { "uv": [ 10.375, 6.8125, 14.5625, 7.375 ], "texture": "#texture" }
    }
},
{
    "from": [ -0.375, 7.8125, 6.375 ],
    "to": [ 0, 8.0625, 8.125 ],
    "faces": {
        "down":  { "uv": [ 11, 6.125, 11.375, 7.875 ], "texture": "#texture" },
        "up":    { "uv": [ 11, 6.125, 11.375, 7.875 ], "texture": "#texture" },
        "north": { "uv": [ 9.0625, 6.3125, 10.125, 7.0625 ], "texture": "#texture" },
        "south": { "uv": [ 9.0625, 6.3125, 10.125, 7.0625 ], "texture": "#texture" },
        "west":  { "uv": [ 10.375, 6.8125, 14.5625, 7.375 ], "texture": "#texture" },
        "east":  { "uv": [ 10.375, 6.8125, 14.5625, 7.375 ], "texture": "#texture" }
    }
},
{
    "from": [ 18.1875, 8.125, 6.9375 ],
    "to": [ 18.4375, 8.875, 7.5625 ],
    "faces": {
        "down":  { "uv": [ 4.9375, 10.75, 5.3125, 12.6875 ], "texture": "#texture" },
        "up":    { "uv": [ 4.9375, 10.75, 5.3125, 12.6875 ], "texture": "#texture" },
        "north": { "uv": [ 6.125, 11.6875, 6.4375, 13.375 ], "texture": "#texture" },
        "south": { "uv": [ 6.125, 11.6875, 6.4375, 13.375 ], "texture": "#texture" },
        "west":  { "uv": [ 3.9375, 10.3125, 6.4375, 12.6875 ], "texture": "#texture" },
        "east":  { "uv": [ 3.9375, 10.3125, 6.4375, 12.6875 ], "texture": "#texture" }
    }
},
{
    "from": [ 18.25, 8.1875, 7 ],
    "to": [ 18.5, 8.8125, 7.5 ],
    "faces": {
        "down":  { "uv": [ 4.9375, 10.75, 5.3125, 12.6875 ], "texture": "#texture" },
        "up":    { "uv": [ 4.9375, 10.75, 5.3125, 12.6875 ], "texture": "#texture" },
        "north": { "uv": [ 6.125, 11.6875, 6.4375, 13.375 ], "texture": "#texture" },
        "south": { "uv": [ 6.125, 11.6875, 6.4375, 13.375 ], "texture": "#texture" },
        "west":  { "uv": [ 3.9375, 10.3125, 6.4375, 12.6875 ], "texture": "#texture" },
        "east":  { "uv": [ 3.9375, 10.3125, 6.4375, 12.6875 ], "texture": "#texture" }
    }
},
{
    "from": [ 18.3125, 8.25, 7.0625 ],
    "to": [ 18.5625, 8.75, 7.4375 ],
    "faces": {
        "down":  { "uv": [ 4.9375, 10.75, 5.3125, 12.6875 ], "texture": "#texture" },
        "up":    { "uv": [ 4.9375, 10.75, 5.3125, 12.6875 ], "texture": "#texture" },
        "north": { "uv": [ 6.125, 11.6875, 6.4375, 13.375 ], "texture": "#texture" },
        "south": { "uv": [ 6.125, 11.6875, 6.4375, 13.375 ], "texture": "#texture" },
        "west":  { "uv": [ 3.9375, 10.3125, 6.4375, 12.6875 ], "texture": "#texture" },
        "east":  { "uv": [ 3.9375, 10.3125, 6.4375, 12.6875 ], "texture": "#texture" }
    }
},
{
    "from": [ 17.75, 8, 6.8125 ],
    "to": [ 17.875, 9, 7.6875 ],
    "faces": {
        "down":  { "uv": [ 4.9375, 10.75, 5.3125, 12.6875 ], "texture": "#texture" },
        "up":    { "uv": [ 4.9375, 10.75, 5.3125, 12.6875 ], "texture": "#texture" },
        "north": { "uv": [ 6.125, 11.6875, 6.4375, 13.375 ], "texture": "#texture" },
        "south": { "uv": [ 6.125, 11.6875, 6.4375, 13.375 ], "texture": "#texture" },
        "west":  { "uv": [ 3.9375, 10.3125, 6.4375, 12.6875 ], "texture": "#texture" },
        "east":  { "uv": [ 3.9375, 10.3125, 6.4375, 12.6875 ], "texture": "#texture" }
    }
},
{
    "from": [ 17.25, 8, 6.8125 ],
    "to": [ 17.375, 9, 7.6875 ],
    "faces": {
        "down":  { "uv": [ 4.9375, 10.75, 5.3125, 12.6875 ], "texture": "#texture" },
        "up":    { "uv": [ 4.9375, 10.75, 5.3125, 12.6875 ], "texture": "#texture" },
        "north": { "uv": [ 6.125, 11.6875, 6.4375, 13.375 ], "texture": "#texture" },
        "south": { "uv": [ 6.125, 11.6875, 6.4375, 13.375 ], "texture": "#texture" },
        "west":  { "uv": [ 3.9375, 10.3125, 6.4375, 12.6875 ], "texture": "#texture" },
        "east":  { "uv": [ 3.9375, 10.3125, 6.4375, 12.6875 ], "texture": "#texture" }
    }
},
{
    "from": [ 16.75, 8, 6.8125 ],
    "to": [ 16.875, 9, 7.6875 ],
    "faces": {
        "down":  { "uv": [ 4.9375, 10.75, 5.3125, 12.6875 ], "texture": "#texture" },
        "up":    { "uv": [ 4.9375, 10.75, 5.3125, 12.6875 ], "texture": "#texture" },
        "north": { "uv": [ 6.125, 11.6875, 6.4375, 13.375 ], "texture": "#texture" },
        "south": { "uv": [ 6.125, 11.6875, 6.4375, 13.375 ], "texture": "#texture" },
        "west":  { "uv": [ 3.9375, 10.3125, 6.4375, 12.6875 ], "texture": "#texture" },
        "east":  { "uv": [ 3.9375, 10.3125, 6.4375, 12.6875 ], "texture": "#texture" }
    }
},
{
    "from": [ 16.25, 8, 6.8125 ],
    "to": [ 16.375, 9, 7.6875 ],
    "faces": {
        "down":  { "uv": [ 4.9375, 10.75, 5.3125, 12.6875 ], "texture": "#texture" },
        "up":    { "uv": [ 4.9375, 10.75, 5.3125, 12.6875 ], "texture": "#texture" },
        "north": { "uv": [ 6.125, 11.6875, 6.4375, 13.375 ], "texture": "#texture" },
        "south": { "uv": [ 6.125, 11.6875, 6.4375, 13.375 ], "texture": "#texture" },
        "west":  { "uv": [ 3.9375, 10.3125, 6.4375, 12.6875 ], "texture": "#texture" },
        "east":  { "uv": [ 3.9375, 10.3125, 6.4375, 12.6875 ], "texture": "#texture" }
    }
},
{
    "from": [ 15.8125, 8, 6.8125 ],
    "to": [ 15.9375, 9, 7.6875 ],
    "faces": {
        "down":  { "uv": [ 4.9375, 10.75, 5.3125, 12.6875 ], "texture": "#texture" },
        "up":    { "uv": [ 4.9375, 10.75, 5.3125, 12.6875 ], "texture": "#texture" },
        "north": { "uv": [ 6.125, 11.6875, 6.4375, 13.375 ], "texture": "#texture" },
        "south": { "uv": [ 6.125, 11.6875, 6.4375, 13.375 ], "texture": "#texture" },
        "west":  { "uv": [ 3.9375, 10.3125, 6.4375, 12.6875 ], "texture": "#texture" },
        "east":  { "uv": [ 3.9375, 10.3125, 6.4375, 12.6875 ], "texture": "#texture" }
    }
},
{
    "from": [ 15.4375, 8, 6.8125 ],
    "to": [ 15.5625, 9, 7.6875 ],
    "faces": {
        "down":  { "uv": [ 4.9375, 10.75, 5.3125, 12.6875 ], "texture": "#texture" },
        "up":    { "uv": [ 4.9375, 10.75, 5.3125, 12.6875 ], "texture": "#texture" },
        "north": { "uv": [ 6.125, 11.6875, 6.4375, 13.375 ], "texture": "#texture" },
        "south": { "uv": [ 6.125, 11.6875, 6.4375, 13.375 ], "texture": "#texture" },
        "west":  { "uv": [ 3.9375, 10.3125, 6.4375, 12.6875 ], "texture": "#texture" },
        "east":  { "uv": [ 3.9375, 10.3125, 6.4375, 12.6875 ], "texture": "#texture" }
    }
},
{
    "from": [ 15, 8, 6.8125 ],
    "to": [ 15.125, 9, 7.6875 ],
    "faces": {
        "down":  { "uv": [ 4.9375, 10.75, 5.3125, 12.6875 ], "texture": "#texture" },
        "up":    { "uv": [ 4.9375, 10.75, 5.3125, 12.6875 ], "texture": "#texture" },
        "north": { "uv": [ 6.125, 11.6875, 6.4375, 13.375 ], "texture": "#texture" },
        "south": { "uv": [ 6.125, 11.6875, 6.4375, 13.375 ], "texture": "#texture" },
        "west":  { "uv": [ 3.9375, 10.3125, 6.4375, 12.6875 ], "texture": "#texture" },
        "east":  { "uv": [ 3.9375, 10.3125, 6.4375, 12.6875 ], "texture": "#texture" }
    }
},
{
    "from": [ 14.5, 8, 6.8125 ],
    "to": [ 14.625, 9, 7.6875 ],
    "faces": {
        "down":  { "uv": [ 4.9375, 10.75, 5.3125, 12.6875 ], "texture": "#texture" },
        "up":    { "uv": [ 4.9375, 10.75, 5.3125, 12.6875 ], "texture": "#texture" },
        "north": { "uv": [ 6.125, 11.6875, 6.4375, 13.375 ], "texture": "#texture" },
        "south": { "uv": [ 6.125, 11.6875, 6.4375, 13.375 ], "texture": "#texture" },
        "west":  { "uv": [ 3.9375, 10.3125, 6.4375, 12.6875 ], "texture": "#texture" },
        "east":  { "uv": [ 3.9375, 10.3125, 6.4375, 12.6875 ], "texture": "#texture" }
    }
},
{
    "from": [ 14, 8, 6.8125 ],
    "to": [ 14.125, 9, 7.6875 ],
    "faces": {
        "down":  { "uv": [ 4.9375, 10.75, 5.3125, 12.6875 ], "texture": "#texture" },
        "up":    { "uv": [ 4.9375, 10.75, 5.3125, 12.6875 ], "texture": "#texture" },
        "north": { "uv": [ 6.125, 11.6875, 6.4375, 13.375 ], "texture": "#texture" },
        "south": { "uv": [ 6.125, 11.6875, 6.4375, 13.375 ], "texture": "#texture" },
        "west":  { "uv": [ 3.9375, 10.3125, 6.4375, 12.6875 ], "texture": "#texture" },
        "east":  { "uv": [ 3.9375, 10.3125, 6.4375, 12.6875 ], "texture": "#texture" }
    }
},
{
    "from": [ 13.5, 8, 6.8125 ],
    "to": [ 13.625, 9, 7.6875 ],
    "faces": {
        "down":  { "uv": [ 4.9375, 10.75, 5.3125, 12.6875 ], "texture": "#texture" },
        "up":    { "uv": [ 4.9375, 10.75, 5.3125, 12.6875 ], "texture": "#texture" },
        "north": { "uv": [ 6.125, 11.6875, 6.4375, 13.375 ], "texture": "#texture" },
        "south": { "uv": [ 6.125, 11.6875, 6.4375, 13.375 ], "texture": "#texture" },
        "west":  { "uv": [ 3.9375, 10.3125, 6.4375, 12.6875 ], "texture": "#texture" },
        "east":  { "uv": [ 3.9375, 10.3125, 6.4375, 12.6875 ], "texture": "#texture" }
    }
},
{
    "from": [ 13, 8, 6.8125 ],
    "to": [ 13.125, 9, 7.6875 ],
    "faces": {
        "down":  { "uv": [ 4.9375, 10.75, 5.3125, 12.6875 ], "texture": "#texture" },
        "up":    { "uv": [ 4.9375, 10.75, 5.3125, 12.6875 ], "texture": "#texture" },
        "north": { "uv": [ 6.125, 11.6875, 6.4375, 13.375 ], "texture": "#texture" },
        "south": { "uv": [ 6.125, 11.6875, 6.4375, 13.375 ], "texture": "#texture" },
        "west":  { "uv": [ 3.9375, 10.3125, 6.4375, 12.6875 ], "texture": "#texture" },
        "east":  { "uv": [ 3.9375, 10.3125, 6.4375, 12.6875 ], "texture": "#texture" }
    }
},
{
    "from": [ 12.5, 8, 6.8125 ],
    "to": [ 12.625, 9, 7.6875 ],
    "faces": {
        "down":  { "uv": [ 4.9375, 10.75, 5.3125, 12.6875 ], "texture": "#texture" },
        "up":    { "uv": [ 4.9375, 10.75, 5.3125, 12.6875 ], "texture": "#texture" },
        "north": { "uv": [ 6.125, 11.6875, 6.4375, 13.375 ], "texture": "#texture" },
        "south": { "uv": [ 6.125, 11.6875, 6.4375, 13.375 ], "texture": "#texture" },
        "west":  { "uv": [ 3.9375, 10.3125, 6.4375, 12.6875 ], "texture": "#texture" },
        "east":  { "uv": [ 3.9375, 10.3125, 6.4375, 12.6875 ], "texture": "#texture" }
    }
},
{
    "from": [ 12, 8, 6.8125 ],
    "to": [ 12.125, 9, 7.6875 ],
    "faces": {
        "down":  { "uv": [ 4.9375, 10.75, 5.3125, 12.6875 ], "texture": "#texture" },
        "up":    { "uv": [ 4.9375, 10.75, 5.3125, 12.6875 ], "texture": "#texture" },
        "north": { "uv": [ 6.125, 11.6875, 6.4375, 13.375 ], "texture": "#texture" },
        "south": { "uv": [ 6.125, 11.6875, 6.4375, 13.375 ], "texture": "#texture" },
        "west":  { "uv": [ 3.9375, 10.3125, 6.4375, 12.6875 ], "texture": "#texture" },
        "east":  { "uv": [ 3.9375, 10.3125, 6.4375, 12.6875 ], "texture": "#texture" }
    }
},
{
    "from": [ 11.5, 8, 6.8125 ],
    "to": [ 11.625, 9, 7.6875 ],
    "faces": {
        "down":  { "uv": [ 4.9375, 10.75, 5.3125, 12.6875 ], "texture": "#texture" },
        "up":    { "uv": [ 4.9375, 10.75, 5.3125, 12.6875 ], "texture": "#texture" },
        "north": { "uv": [ 6.125, 11.6875, 6.4375, 13.375 ], "texture": "#texture" },
        "south": { "uv": [ 6.125, 11.6875, 6.4375, 13.375 ], "texture": "#texture" },
        "west":  { "uv": [ 3.9375, 10.3125, 6.4375, 12.6875 ], "texture": "#texture" },
        "east":  { "uv": [ 3.9375, 10.3125, 6.4375, 12.6875 ], "texture": "#texture" }
    }
},
{
    "from": [ 11, 8, 6.8125 ],
    "to": [ 11.125, 9, 7.6875 ],
    "faces": {
        "down":  { "uv": [ 4.9375, 10.75, 5.3125, 12.6875 ], "texture": "#texture" },
        "up":    { "uv": [ 4.9375, 10.75, 5.3125, 12.6875 ], "texture": "#texture" },
        "north": { "uv": [ 6.125, 11.6875, 6.4375, 13.375 ], "texture": "#texture" },
        "south": { "uv": [ 6.125, 11.6875, 6.4375, 13.375 ], "texture": "#texture" },
        "west":  { "uv": [ 3.9375, 10.3125, 6.4375, 12.6875 ], "texture": "#texture" },
        "east":  { "uv": [ 3.9375, 10.3125, 6.4375, 12.6875 ], "texture": "#texture" }
    }
},
{
    "from": [ 10.625, 8, 6.8125 ],
    "to": [ 10.75, 9, 7.6875 ],
    "faces": {
        "down":  { "uv": [ 4.9375, 10.75, 5.3125, 12.6875 ], "texture": "#texture" },
        "up":    { "uv": [ 4.9375, 10.75, 5.3125, 12.6875 ], "texture": "#texture" },
        "north": { "uv": [ 6.125, 11.6875, 6.4375, 13.375 ], "texture": "#texture" },
        "south": { "uv": [ 6.125, 11.6875, 6.4375, 13.375 ], "texture": "#texture" },
        "west":  { "uv": [ 3.9375, 10.3125, 6.4375, 12.6875 ], "texture": "#texture" },
        "east":  { "uv": [ 3.9375, 10.3125, 6.4375, 12.6875 ], "texture": "#texture" }
    }
},
{
    "from": [ 10.1875, 8, 6.8125 ],
    "to": [ 10.3125, 9, 7.6875 ],
    "faces": {
        "down":  { "uv": [ 4.9375, 10.75, 5.3125, 12.6875 ], "texture": "#texture" },
        "up":    { "uv": [ 4.9375, 10.75, 5.3125, 12.6875 ], "texture": "#texture" },
        "north": { "uv": [ 6.125, 11.6875, 6.4375, 13.375 ], "texture": "#texture" },
        "south": { "uv": [ 6.125, 11.6875, 6.4375, 13.375 ], "texture": "#texture" },
        "west":  { "uv": [ 3.9375, 10.3125, 6.4375, 12.6875 ], "texture": "#texture" },
        "east":  { "uv": [ 3.9375, 10.3125, 6.4375, 12.6875 ], "texture": "#texture" }
    }
},
{
    "from": [ 9.75, 8, 6.8125 ],
    "to": [ 9.875, 9, 7.6875 ],
    "faces": {
        "down":  { "uv": [ 4.9375, 10.75, 5.3125, 12.6875 ], "texture": "#texture" },
        "up":    { "uv": [ 4.9375, 10.75, 5.3125, 12.6875 ], "texture": "#texture" },
        "north": { "uv": [ 6.125, 11.6875, 6.4375, 13.375 ], "texture": "#texture" },
        "south": { "uv": [ 6.125, 11.6875, 6.4375, 13.375 ], "texture": "#texture" },
        "west":  { "uv": [ 3.9375, 10.3125, 6.4375, 12.6875 ], "texture": "#texture" },
        "east":  { "uv": [ 3.9375, 10.3125, 6.4375, 12.6875 ], "texture": "#texture" }
    }
},
{
    "from": [ 9.25, 8, 6.8125 ],
    "to": [ 9.375, 9, 7.6875 ],
    "faces": {
        "down":  { "uv": [ 4.9375, 10.75, 5.3125, 12.6875 ], "texture": "#texture" },
        "up":    { "uv": [ 4.9375, 10.75, 5.3125, 12.6875 ], "texture": "#texture" },
        "north": { "uv": [ 6.125, 11.6875, 6.4375, 13.375 ], "texture": "#texture" },
        "south": { "uv": [ 6.125, 11.6875, 6.4375, 13.375 ], "texture": "#texture" },
        "west":  { "uv": [ 3.9375, 10.3125, 6.4375, 12.6875 ], "texture": "#texture" },
        "east":  { "uv": [ 3.9375, 10.3125, 6.4375, 12.6875 ], "texture": "#texture" }
    }
},
{
    "from": [ 8.75, 8, 6.8125 ],
    "to": [ 8.875, 9, 7.6875 ],
    "faces": {
        "down":  { "uv": [ 4.9375, 10.75, 5.3125, 12.6875 ], "texture": "#texture" },
        "up":    { "uv": [ 4.9375, 10.75, 5.3125, 12.6875 ], "texture": "#texture" },
        "north": { "uv": [ 6.125, 11.6875, 6.4375, 13.375 ], "texture": "#texture" },
        "south": { "uv": [ 6.125, 11.6875, 6.4375, 13.375 ], "texture": "#texture" },
        "west":  { "uv": [ 3.9375, 10.3125, 6.4375, 12.6875 ], "texture": "#texture" },
        "east":  { "uv": [ 3.9375, 10.3125, 6.4375, 12.6875 ], "texture": "#texture" }
    }
},
{
    "from": [ 8.25, 8, 6.8125 ],
    "to": [ 8.375, 9, 7.6875 ],
    "faces": {
        "down":  { "uv": [ 4.9375, 10.75, 5.3125, 12.6875 ], "texture": "#texture" },
        "up":    { "uv": [ 4.9375, 10.75, 5.3125, 12.6875 ], "texture": "#texture" },
        "north": { "uv": [ 6.125, 11.6875, 6.4375, 13.375 ], "texture": "#texture" },
        "south": { "uv": [ 6.125, 11.6875, 6.4375, 13.375 ], "texture": "#texture" },
        "west":  { "uv": [ 3.9375, 10.3125, 6.4375, 12.6875 ], "texture": "#texture" },
        "east":  { "uv": [ 3.9375, 10.3125, 6.4375, 12.6875 ], "texture": "#texture" }
    }
},
{
    "from": [ 7.75, 8, 6.8125 ],
    "to": [ 7.875, 9, 7.6875 ],
    "faces": {
        "down":  { "uv": [ 4.9375, 10.75, 5.3125, 12.6875 ], "texture": "#texture" },
        "up":    { "uv": [ 4.9375, 10.75, 5.3125, 12.6875 ], "texture": "#texture" },
        "north": { "uv": [ 6.125, 11.6875, 6.4375, 13.375 ], "texture": "#texture" },
        "south": { "uv": [ 6.125, 11.6875, 6.4375, 13.375 ], "texture": "#texture" },
        "west":  { "uv": [ 3.9375, 10.3125, 6.4375, 12.6875 ], "texture": "#texture" },
        "east":  { "uv": [ 3.9375, 10.3125, 6.4375, 12.6875 ], "texture": "#texture" }
    }
},
{
    "from": [ 7.75, 8, 6.8125 ],
    "to": [ 7.875, 9, 7.6875 ],
    "faces": {
        "down":  { "uv": [ 4.9375, 10.75, 5.3125, 12.6875 ], "texture": "#texture" },
        "up":    { "uv": [ 4.9375, 10.75, 5.3125, 12.6875 ], "texture": "#texture" },
        "north": { "uv": [ 6.125, 11.6875, 6.4375, 13.375 ], "texture": "#texture" },
        "south": { "uv": [ 6.125, 11.6875, 6.4375, 13.375 ], "texture": "#texture" },
        "west":  { "uv": [ 3.9375, 10.3125, 6.4375, 12.6875 ], "texture": "#texture" },
        "east":  { "uv": [ 3.9375, 10.3125, 6.4375, 12.6875 ], "texture": "#texture" }
    }
},
{
    "from": [ 7.25, 8, 6.8125 ],
    "to": [ 7.375, 9, 7.6875 ],
    "faces": {
        "down":  { "uv": [ 4.9375, 10.75, 5.3125, 12.6875 ], "texture": "#texture" },
        "up":    { "uv": [ 4.9375, 10.75, 5.3125, 12.6875 ], "texture": "#texture" },
        "north": { "uv": [ 6.125, 11.6875, 6.4375, 13.375 ], "texture": "#texture" },
        "south": { "uv": [ 6.125, 11.6875, 6.4375, 13.375 ], "texture": "#texture" },
        "west":  { "uv": [ 3.9375, 10.3125, 6.4375, 12.6875 ], "texture": "#texture" },
        "east":  { "uv": [ 3.9375, 10.3125, 6.4375, 12.6875 ], "texture": "#texture" }
    }
},
{
    "from": [ 6.75, 8, 6.8125 ],
    "to": [ 6.875, 9, 7.6875 ],
    "faces": {
        "down":  { "uv": [ 4.9375, 10.75, 5.3125, 12.6875 ], "texture": "#texture" },
        "up":    { "uv": [ 4.9375, 10.75, 5.3125, 12.6875 ], "texture": "#texture" },
        "north": { "uv": [ 6.125, 11.6875, 6.4375, 13.375 ], "texture": "#texture" },
        "south": { "uv": [ 6.125, 11.6875, 6.4375, 13.375 ], "texture": "#texture" },
        "west":  { "uv": [ 3.9375, 10.3125, 6.4375, 12.6875 ], "texture": "#texture" },
        "east":  { "uv": [ 3.9375, 10.3125, 6.4375, 12.6875 ], "texture": "#texture" }
    }
},
{
    "from": [ 6.25, 8, 6.8125 ],
    "to": [ 6.375, 9, 7.6875 ],
    "faces": {
        "down":  { "uv": [ 4.9375, 10.75, 5.3125, 12.6875 ], "texture": "#texture" },
        "up":    { "uv": [ 4.9375, 10.75, 5.3125, 12.6875 ], "texture": "#texture" },
        "north": { "uv": [ 6.125, 11.6875, 6.4375, 13.375 ], "texture": "#texture" },
        "south": { "uv": [ 6.125, 11.6875, 6.4375, 13.375 ], "texture": "#texture" },
        "west":  { "uv": [ 3.9375, 10.3125, 6.4375, 12.6875 ], "texture": "#texture" },
        "east":  { "uv": [ 3.9375, 10.3125, 6.4375, 12.6875 ], "texture": "#texture" }
    }
},
{
    "from": [ 5.6875, 8, 6.8125 ],
    "to": [ 5.8125, 9, 7.6875 ],
    "faces": {
        "down":  { "uv": [ 4.9375, 10.75, 5.3125, 12.6875 ], "texture": "#texture" },
        "up":    { "uv": [ 4.9375, 10.75, 5.3125, 12.6875 ], "texture": "#texture" },
        "north": { "uv": [ 6.125, 11.6875, 6.4375, 13.375 ], "texture": "#texture" },
        "south": { "uv": [ 6.125, 11.6875, 6.4375, 13.375 ], "texture": "#texture" },
        "west":  { "uv": [ 3.9375, 10.3125, 6.4375, 12.6875 ], "texture": "#texture" },
        "east":  { "uv": [ 3.9375, 10.3125, 6.4375, 12.6875 ], "texture": "#texture" }
    }
},
{
    "from": [ 5.25, 8, 6.8125 ],
    "to": [ 5.375, 9, 7.6875 ],
    "faces": {
        "down":  { "uv": [ 4.9375, 10.75, 5.3125, 12.6875 ], "texture": "#texture" },
        "up":    { "uv": [ 4.9375, 10.75, 5.3125, 12.6875 ], "texture": "#texture" },
        "north": { "uv": [ 6.125, 11.6875, 6.4375, 13.375 ], "texture": "#texture" },
        "south": { "uv": [ 6.125, 11.6875, 6.4375, 13.375 ], "texture": "#texture" },
        "west":  { "uv": [ 3.9375, 10.3125, 6.4375, 12.6875 ], "texture": "#texture" },
        "east":  { "uv": [ 3.9375, 10.3125, 6.4375, 12.6875 ], "texture": "#texture" }
    }
},
{
    "from": [ 4.6875, 8, 6.8125 ],
    "to": [ 4.8125, 9, 7.6875 ],
    "faces": {
        "down":  { "uv": [ 4.9375, 10.75, 5.3125, 12.6875 ], "texture": "#texture" },
        "up":    { "uv": [ 4.9375, 10.75, 5.3125, 12.6875 ], "texture": "#texture" },
        "north": { "uv": [ 6.125, 11.6875, 6.4375, 13.375 ], "texture": "#texture" },
        "south": { "uv": [ 6.125, 11.6875, 6.4375, 13.375 ], "texture": "#texture" },
        "west":  { "uv": [ 3.9375, 10.3125, 6.4375, 12.6875 ], "texture": "#texture" },
        "east":  { "uv": [ 3.9375, 10.3125, 6.4375, 12.6875 ], "texture": "#texture" }
    }
},
{
    "from": [ 4.0625, 8, 6.8125 ],
    "to": [ 4.1875, 9, 7.6875 ],
    "faces": {
        "down":  { "uv": [ 4.9375, 10.75, 5.3125, 12.6875 ], "texture": "#texture" },
        "up":    { "uv": [ 4.9375, 10.75, 5.3125, 12.6875 ], "texture": "#texture" },
        "north": { "uv": [ 6.125, 11.6875, 6.4375, 13.375 ], "texture": "#texture" },
        "south": { "uv": [ 6.125, 11.6875, 6.4375, 13.375 ], "texture": "#texture" },
        "west":  { "uv": [ 3.9375, 10.3125, 6.4375, 12.6875 ], "texture": "#texture" },
        "east":  { "uv": [ 3.9375, 10.3125, 6.4375, 12.6875 ], "texture": "#texture" }
    }
},
{
    "from": [ 3.5, 8, 6.8125 ],
    "to": [ 3.625, 9, 7.6875 ],
    "faces": {
        "down":  { "uv": [ 4.9375, 10.75, 5.3125, 12.6875 ], "texture": "#texture" },
        "up":    { "uv": [ 4.9375, 10.75, 5.3125, 12.6875 ], "texture": "#texture" },
        "north": { "uv": [ 6.125, 11.6875, 6.4375, 13.375 ], "texture": "#texture" },
        "south": { "uv": [ 6.125, 11.6875, 6.4375, 13.375 ], "texture": "#texture" },
        "west":  { "uv": [ 3.9375, 10.3125, 6.4375, 12.6875 ], "texture": "#texture" },
        "east":  { "uv": [ 3.9375, 10.3125, 6.4375, 12.6875 ], "texture": "#texture" }
    }
},
{
    "from": [ 3, 8, 6.8125 ],
    "to": [ 3.125, 9, 7.6875 ],
    "faces": {
        "down":  { "uv": [ 4.9375, 10.75, 5.3125, 12.6875 ], "texture": "#texture" },
        "up":    { "uv": [ 4.9375, 10.75, 5.3125, 12.6875 ], "texture": "#texture" },
        "north": { "uv": [ 6.125, 11.6875, 6.4375, 13.375 ], "texture": "#texture" },
        "south": { "uv": [ 6.125, 11.6875, 6.4375, 13.375 ], "texture": "#texture" },
        "west":  { "uv": [ 3.9375, 10.3125, 6.4375, 12.6875 ], "texture": "#texture" },
        "east":  { "uv": [ 3.9375, 10.3125, 6.4375, 12.6875 ], "texture": "#texture" }
    }
},
{
    "from": [ 2.5, 8, 6.8125 ],
    "to": [ 2.625, 9, 7.6875 ],
    "faces": {
        "down":  { "uv": [ 4.9375, 10.75, 5.3125, 12.6875 ], "texture": "#texture" },
        "up":    { "uv": [ 4.9375, 10.75, 5.3125, 12.6875 ], "texture": "#texture" },
        "north": { "uv": [ 6.125, 11.6875, 6.4375, 13.375 ], "texture": "#texture" },
        "south": { "uv": [ 6.125, 11.6875, 6.4375, 13.375 ], "texture": "#texture" },
        "west":  { "uv": [ 3.9375, 10.3125, 6.4375, 12.6875 ], "texture": "#texture" },
        "east":  { "uv": [ 3.9375, 10.3125, 6.4375, 12.6875 ], "texture": "#texture" }
    }
},
{
    "from": [ 2, 8, 6.8125 ],
    "to": [ 2.125, 9, 7.6875 ],
    "faces": {
        "down":  { "uv": [ 4.9375, 10.75, 5.3125, 12.6875 ], "texture": "#texture" },
        "up":    { "uv": [ 4.9375, 10.75, 5.3125, 12.6875 ], "texture": "#texture" },
        "north": { "uv": [ 6.125, 11.6875, 6.4375, 13.375 ], "texture": "#texture" },
        "south": { "uv": [ 6.125, 11.6875, 6.4375, 13.375 ], "texture": "#texture" },
        "west":  { "uv": [ 3.9375, 10.3125, 6.4375, 12.6875 ], "texture": "#texture" },
        "east":  { "uv": [ 3.9375, 10.3125, 6.4375, 12.6875 ], "texture": "#texture" }
    }
},
{
    "from": [ 1.5, 8, 6.8125 ],
    "to": [ 1.625, 9, 7.6875 ],
    "faces": {
        "down":  { "uv": [ 4.9375, 10.75, 5.3125, 12.6875 ], "texture": "#texture" },
        "up":    { "uv": [ 4.9375, 10.75, 5.3125, 12.6875 ], "texture": "#texture" },
        "north": { "uv": [ 6.125, 11.6875, 6.4375, 13.375 ], "texture": "#texture" },
        "south": { "uv": [ 6.125, 11.6875, 6.4375, 13.375 ], "texture": "#texture" },
        "west":  { "uv": [ 3.9375, 10.3125, 6.4375, 12.6875 ], "texture": "#texture" },
        "east":  { "uv": [ 3.9375, 10.3125, 6.4375, 12.6875 ], "texture": "#texture" }
    }
},
{
    "from": [ 1, 8, 6.8125 ],
    "to": [ 1.125, 9, 7.6875 ],
    "faces": {
        "down":  { "uv": [ 4.9375, 10.75, 5.3125, 12.6875 ], "texture": "#texture" },
        "up":    { "uv": [ 4.9375, 10.75, 5.3125, 12.6875 ], "texture": "#texture" },
        "north": { "uv": [ 6.125, 11.6875, 6.4375, 13.375 ], "texture": "#texture" },
        "south": { "uv": [ 6.125, 11.6875, 6.4375, 13.375 ], "texture": "#texture" },
        "west":  { "uv": [ 3.9375, 10.3125, 6.4375, 12.6875 ], "texture": "#texture" },
        "east":  { "uv": [ 3.9375, 10.3125, 6.4375, 12.6875 ], "texture": "#texture" }
    }
},
{
    "from": [ 0.5, 8, 6.8125 ],
    "to": [ 0.625, 9, 7.6875 ],
    "faces": {
        "down":  { "uv": [ 4.9375, 10.75, 5.3125, 12.6875 ], "texture": "#texture" },
        "up":    { "uv": [ 4.9375, 10.75, 5.3125, 12.6875 ], "texture": "#texture" },
        "north": { "uv": [ 6.125, 11.6875, 6.4375, 13.375 ], "texture": "#texture" },
        "south": { "uv": [ 6.125, 11.6875, 6.4375, 13.375 ], "texture": "#texture" },
        "west":  { "uv": [ 3.9375, 10.3125, 6.4375, 12.6875 ], "texture": "#texture" },
        "east":  { "uv": [ 3.9375, 10.3125, 6.4375, 12.6875 ], "texture": "#texture" }
    }
},
{
    "from": [ 0.25, 8, 6.8125 ],
    "to": [ 0.375, 9, 7.6875 ],
    "faces": {
        "down":  { "uv": [ 4.9375, 10.75, 5.3125, 12.6875 ], "texture": "#texture" },
        "up":    { "uv": [ 4.9375, 10.75, 5.3125, 12.6875 ], "texture": "#texture" },
        "north": { "uv": [ 6.125, 11.6875, 6.4375, 13.375 ], "texture": "#texture" },
        "south": { "uv": [ 6.125, 11.6875, 6.4375, 13.375 ], "texture": "#texture" },
        "west":  { "uv": [ 3.9375, 10.3125, 6.4375, 12.6875 ], "texture": "#texture" },
        "east":  { "uv": [ 3.9375, 10.3125, 6.4375, 12.6875 ], "texture": "#texture" }
    }
},
{
    "from": [ 0, 8, 6.8125 ],
    "to": [ 0.125, 9, 7.6875 ],
    "faces": {
        "down":  { "uv": [ 4.9375, 10.75, 5.3125, 12.6875 ], "texture": "#texture" },
        "up":    { "uv": [ 4.9375, 10.75, 5.3125, 12.6875 ], "texture": "#texture" },
        "north": { "uv": [ 6.125, 11.6875, 6.4375, 13.375 ], "texture": "#texture" },
        "south": { "uv": [ 6.125, 11.6875, 6.4375, 13.375 ], "texture": "#texture" },
        "west":  { "uv": [ 3.9375, 10.3125, 6.4375, 12.6875 ], "texture": "#texture" },
        "east":  { "uv": [ 3.9375, 10.3125, 6.4375, 12.6875 ], "texture": "#texture" }
    }
},
{
    "from": [ 18, 8, 6.8125 ],
    "to": [ 18.125, 9, 7.6875 ],
    "faces": {
        "down":  { "uv": [ 4.9375, 10.75, 5.3125, 12.6875 ], "texture": "#texture" },
        "up":    { "uv": [ 4.9375, 10.75, 5.3125, 12.6875 ], "texture": "#texture" },
        "north": { "uv": [ 6.125, 11.6875, 6.4375, 13.375 ], "texture": "#texture" },
        "south": { "uv": [ 6.125, 11.6875, 6.4375, 13.375 ], "texture": "#texture" },
        "west":  { "uv": [ 3.9375, 10.3125, 6.4375, 12.6875 ], "texture": "#texture" },
        "east":  { "uv": [ 3.9375, 10.3125, 6.4375, 12.6875 ], "texture": "#texture" }
    }
},
{
    "from": [ -4, 9.25, 6.5 ],
    "to": [ -2.5, 9.5, 8 ],
    "faces": {
        "down":  { "uv": [ 0, 0, 16, 16 ], "texture": "#steampunk_wand_clock_animation_texture" },
        "up":    { "uv": [ 0, 0, 16, 16 ], "rotation": 270, "texture": "#steampunk_wand_clock_animation_texture" },
        "north": { "uv": [ 1.9375, 5.5, 2.6875, 6 ], "texture": "#steampunk_wand_clock_animation_texture" },
        "south": { "uv": [ 1.9375, 5.5, 2.6875, 6 ], "texture": "#steampunk_wand_clock_animation_texture" },
        "west":  { "uv": [ 1.25, 5.4375, 2.5, 5.9375 ], "texture": "#steampunk_wand_clock_animation_texture" },
        "east":  { "uv": [ 1.25, 5.4375, 2.5, 5.9375 ], "texture": "#steampunk_wand_clock_animation_texture" }
    }
},
{
    "from": [ -3.5, 7.875, 6.625 ],
    "to": [ -3, 9.25, 7.875 ],
    "faces": {
        "down":  { "uv": [ 10.5, 4.3125, 14.625, 4.8125 ], "texture": "#texture" },
        "up":    { "uv": [ 10.5, 4.3125, 14.625, 4.8125 ], "texture": "#texture" },
        "north": { "uv": [ 9.375, 4.75, 13.25, 5.3125 ], "texture": "#texture" },
        "south": { "uv": [ 9.375, 4.75, 13.25, 5.3125 ], "texture": "#texture" },
        "west":  { "uv": [ 9.1875, 4.25, 10.1875, 5.25 ], "texture": "#texture" },
        "east":  { "uv": [ 9.1875, 4.25, 10.1875, 5.25 ], "texture": "#texture" }
    }
},
{
    "from": [ -4.3125, 9.5, 6.25 ],
    "to": [ -2.1875, 9.75, 6.5 ],
    "faces": {
        "down":  { "uv": [ 10.5, 4.3125, 14.625, 4.8125 ], "texture": "#texture" },
        "up":    { "uv": [ 10.5, 4.3125, 14.625, 4.8125 ], "texture": "#texture" },
        "north": { "uv": [ 9.375, 4.75, 13.25, 5.3125 ], "texture": "#texture" },
        "south": { "uv": [ 9.375, 4.75, 13.25, 5.3125 ], "texture": "#texture" },
        "west":  { "uv": [ 9.1875, 4.25, 10.1875, 5.25 ], "texture": "#texture" },
        "east":  { "uv": [ 9.1875, 4.25, 10.1875, 5.25 ], "texture": "#texture" }
    }
},
{
    "from": [ -4.3125, 9.5, 8 ],
    "to": [ -2.1875, 9.75, 8.25 ],
    "faces": {
        "down":  { "uv": [ 10.5, 4.3125, 14.625, 4.8125 ], "texture": "#texture" },
        "up":    { "uv": [ 10.5, 4.3125, 14.625, 4.8125 ], "texture": "#texture" },
        "north": { "uv": [ 9.375, 4.75, 13.25, 5.3125 ], "texture": "#texture" },
        "south": { "uv": [ 9.375, 4.75, 13.25, 5.3125 ], "texture": "#texture" },
        "west":  { "uv": [ 9.1875, 4.25, 10.1875, 5.25 ], "texture": "#texture" },
        "east":  { "uv": [ 9.1875, 4.25, 10.1875, 5.25 ], "texture": "#texture" }
    }
},
{
    "from": [ -4.3125, 9.5, 6.5 ],
    "to": [ -4, 9.75, 8 ],
    "faces": {
        "down":  { "uv": [ 10.5, 4.3125, 14.625, 4.8125 ], "texture": "#texture" },
        "up":    { "uv": [ 10.5, 4.3125, 14.625, 4.8125 ], "texture": "#texture" },
        "north": { "uv": [ 9.375, 4.75, 13.25, 5.3125 ], "texture": "#texture" },
        "south": { "uv": [ 9.375, 4.75, 13.25, 5.3125 ], "texture": "#texture" },
        "west":  { "uv": [ 9.1875, 4.25, 10.1875, 5.25 ], "texture": "#texture" },
        "east":  { "uv": [ 9.1875, 4.25, 10.1875, 5.25 ], "texture": "#texture" }
    }
},
{
    "from": [ -2.5, 9.5, 6.5 ],
    "to": [ -2.1875, 9.75, 8 ],
    "faces": {
        "down":  { "uv": [ 10.5, 4.3125, 14.625, 4.8125 ], "texture": "#texture" },
        "up":    { "uv": [ 10.5, 4.3125, 14.625, 4.8125 ], "texture": "#texture" },
        "north": { "uv": [ 9.375, 4.75, 13.25, 5.3125 ], "texture": "#texture" },
        "south": { "uv": [ 9.375, 4.75, 13.25, 5.3125 ], "texture": "#texture" },
        "west":  { "uv": [ 9.1875, 4.25, 10.1875, 5.25 ], "texture": "#texture" },
        "east":  { "uv": [ 9.1875, 4.25, 10.1875, 5.25 ], "texture": "#texture" }
    }
},
{
    "from": [ -5.75, 7.8125, 6.5625 ],
    "to": [ -4.9375, 9.1875, 7.9375 ],
    "faces": {
        "down":  { "uv": [ 9.6875, 2.25, 10.6875, 3.75 ], "texture": "#texture" },
        "up":    { "uv": [ 9.6875, 2.25, 10.6875, 3.75 ], "texture": "#texture" },
        "north": { "uv": [ 12.875, 2.25, 13.875, 3.75 ], "texture": "#texture" },
        "south": { "uv": [ 12.875, 2.25, 13.875, 3.75 ], "texture": "#texture" },
        "west":  { "uv": [ 12.1875, 2.1875, 13.6875, 3.6875 ], "texture": "#texture" },
        "east":  { "uv": [ 12.1875, 2.1875, 13.6875, 3.6875 ], "texture": "#texture" }
    }
},
{
    "from": [ -1.6875, 7.8125, 6.5625 ],
    "to": [ -1, 9.1875, 7.9375 ],
    "faces": {
        "down":  { "uv": [ 9.6875, 2.25, 10.6875, 3.75 ], "texture": "#texture" },
        "up":    { "uv": [ 9.6875, 2.25, 10.6875, 3.75 ], "texture": "#texture" },
        "north": { "uv": [ 12.875, 2.25, 13.875, 3.75 ], "texture": "#texture" },
        "south": { "uv": [ 12.875, 2.25, 13.875, 3.75 ], "texture": "#texture" },
        "west":  { "uv": [ 12.1875, 2.1875, 13.6875, 3.6875 ], "texture": "#texture" },
        "east":  { "uv": [ 12.1875, 2.1875, 13.6875, 3.6875 ], "texture": "#texture" }
    }
},
{
    "from": [ -6.625, 7.8125, 6.5625 ],
    "to": [ -6.1875, 9.1875, 7.9375 ],
    "faces": {
        "down":  { "uv": [ 9.6875, 6.125, 10.375, 7.625 ], "texture": "#texture" },
        "up":    { "uv": [ 9.6875, 6.125, 10.375, 7.625 ], "texture": "#texture" },
        "north": { "uv": [ 11.5625, 6.3125, 12.25, 7.8125 ], "texture": "#texture" },
        "south": { "uv": [ 11.5625, 6.3125, 12.25, 7.8125 ], "texture": "#texture" },
        "west":  { "uv": [ 12.25, 6.3125, 13.75, 7.8125 ], "texture": "#texture" },
        "east":  { "uv": [ 12.25, 6.3125, 13.75, 7.8125 ], "texture": "#texture" }
    }
},
{
    "from": [ -6.75, 7.875, 6.625 ],
    "to": [ -6.25, 9.125, 7.875 ],
    "faces": {
        "down":  { "uv": [ 9.6875, 6.125, 10.375, 7.625 ], "texture": "#texture" },
        "up":    { "uv": [ 9.6875, 6.125, 10.375, 7.625 ], "texture": "#texture" },
        "north": { "uv": [ 11.5625, 6.3125, 12.25, 7.8125 ], "texture": "#texture" },
        "south": { "uv": [ 11.5625, 6.3125, 12.25, 7.8125 ], "texture": "#texture" },
        "west":  { "uv": [ 12.25, 6.3125, 13.75, 7.8125 ], "texture": "#texture" },
        "east":  { "uv": [ 12.25, 6.3125, 13.75, 7.8125 ], "texture": "#texture" }
    }
},
{
    "from": [ -6.8125, 7.9375, 6.6875 ],
    "to": [ -6.3125, 9.0625, 7.8125 ],
    "faces": {
        "down":  { "uv": [ 9.6875, 6.125, 10.375, 7.625 ], "texture": "#texture" },
        "up":    { "uv": [ 9.6875, 6.125, 10.375, 7.625 ], "texture": "#texture" },
        "north": { "uv": [ 11.5625, 6.3125, 12.25, 7.8125 ], "texture": "#texture" },
        "south": { "uv": [ 11.5625, 6.3125, 12.25, 7.8125 ], "texture": "#texture" },
        "west":  { "uv": [ 12.25, 6.3125, 13.75, 7.8125 ], "texture": "#texture" },
        "east":  { "uv": [ 12.25, 6.3125, 13.75, 7.8125 ], "texture": "#texture" }
    }
},
{
    "from": [ -6.875, 8, 6.75 ],
    "to": [ -6.4375, 9, 7.75 ],
    "faces": {
        "down":  { "uv": [ 9.6875, 6.125, 10.375, 7.625 ], "texture": "#texture" },
        "up":    { "uv": [ 9.6875, 6.125, 10.375, 7.625 ], "texture": "#texture" },
        "north": { "uv": [ 11.5625, 6.3125, 12.25, 7.8125 ], "texture": "#texture" },
        "south": { "uv": [ 11.5625, 6.3125, 12.25, 7.8125 ], "texture": "#texture" },
        "west":  { "uv": [ 12.25, 6.3125, 13.75, 7.8125 ], "texture": "#texture" },
        "east":  { "uv": [ 12.25, 6.3125, 13.75, 7.8125 ], "texture": "#texture" }
    }
},
{
    "from": [ -2.375, 8.125, 5.75 ],
    "to": [ -1.75, 8.875, 7.5 ],
    "rotation": { "origin": [ -2.375, 8.125, 5.75 ], "axis": "y", "angle": 45 },
    "faces": {
        "down":  { "uv": [ 9, 3.1875, 15.25, 3.9375 ], "texture": "#texture" },
        "up":    { "uv": [ 9, 3.1875, 15.25, 3.9375 ], "texture": "#texture" },
        "north": { "uv": [ 9.3125, 2.125, 15.5625, 2.875 ], "texture": "#texture" },
        "south": { "uv": [ 9.3125, 2.125, 15.5625, 2.875 ], "texture": "#texture" },
        "west":  { "uv": [ 12.1875, 2.25, 12.9375, 3 ], "texture": "#texture" },
        "east":  { "uv": [ 12.1875, 2.25, 12.9375, 3 ], "texture": "#texture" }
    }
},
{
    "from": [ -8.125, 8.125, 5.3125 ],
    "to": [ -1.875, 8.875, 6.0625 ],
    "faces": {
        "down":  { "uv": [ 9, 3.1875, 15.25, 3.9375 ], "texture": "#texture" },
        "up":    { "uv": [ 9, 3.1875, 15.25, 3.9375 ], "texture": "#texture" },
        "north": { "uv": [ 9.3125, 2.125, 15.5625, 2.875 ], "texture": "#texture" },
        "south": { "uv": [ 9.3125, 2.125, 15.5625, 2.875 ], "texture": "#texture" },
        "west":  { "uv": [ 12.1875, 2.25, 12.9375, 3 ], "texture": "#texture" },
        "east":  { "uv": [ 12.1875, 2.25, 12.9375, 3 ], "texture": "#texture" }
    }
},
{
    "from": [ -9.5625, 8.125, 5.375 ],
    "to": [ -7.9375, 8.875, 5.4375 ],
    "rotation": { "origin": [ -9.5625, 8.125, 5.375 ], "axis": "y", "angle": -22.5 },
    "faces": {
        "down":  { "uv": [ 9, 3.1875, 15.25, 3.9375 ], "texture": "#texture" },
        "up":    { "uv": [ 9, 3.1875, 15.25, 3.9375 ], "texture": "#texture" },
        "north": { "uv": [ 9.3125, 2.125, 15.5625, 2.875 ], "texture": "#texture" },
        "south": { "uv": [ 9.3125, 2.125, 15.5625, 2.875 ], "texture": "#texture" },
        "west":  { "uv": [ 12.1875, 2.25, 12.9375, 3 ], "texture": "#texture" },
        "east":  { "uv": [ 12.1875, 2.25, 12.9375, 3 ], "texture": "#texture" }
    }
},
{
    "from": [ -9.5625, 8.125, 5.3125 ],
    "to": [ -8.125, 8.875, 5.375 ],
    "faces": {
        "down":  { "uv": [ 9, 3.1875, 15.25, 3.9375 ], "texture": "#texture" },
        "up":    { "uv": [ 9, 3.1875, 15.25, 3.9375 ], "texture": "#texture" },
        "north": { "uv": [ 9.3125, 2.125, 15.5625, 2.875 ], "texture": "#texture" },
        "south": { "uv": [ 9.3125, 2.125, 15.5625, 2.875 ], "texture": "#texture" },
        "west":  { "uv": [ 12.1875, 2.25, 12.9375, 3 ], "texture": "#texture" },
        "east":  { "uv": [ 12.1875, 2.25, 12.9375, 3 ], "texture": "#texture" }
    }
},
{
    "from": [ -9.0625, 8.125, 5.375 ],
    "to": [ -8.125, 8.875, 5.5625 ],
    "faces": {
        "down":  { "uv": [ 9, 3.1875, 15.25, 3.9375 ], "texture": "#texture" },
        "up":    { "uv": [ 9, 3.1875, 15.25, 3.9375 ], "texture": "#texture" },
        "north": { "uv": [ 9.3125, 2.125, 15.5625, 2.875 ], "texture": "#texture" },
        "south": { "uv": [ 9.3125, 2.125, 15.5625, 2.875 ], "texture": "#texture" },
        "west":  { "uv": [ 12.1875, 2.25, 12.9375, 3 ], "texture": "#texture" },
        "east":  { "uv": [ 12.1875, 2.25, 12.9375, 3 ], "texture": "#texture" }
    }
},
{
    "from": [ -8.6875, 8.125, 5.5625 ],
    "to": [ -7.75, 8.875, 5.75 ],
    "faces": {
        "down":  { "uv": [ 9, 3.1875, 15.25, 3.9375 ], "texture": "#texture" },
        "up":    { "uv": [ 9, 3.1875, 15.25, 3.9375 ], "texture": "#texture" },
        "north": { "uv": [ 9.3125, 2.125, 15.5625, 2.875 ], "texture": "#texture" },
        "south": { "uv": [ 9.3125, 2.125, 15.5625, 2.875 ], "texture": "#texture" },
        "west":  { "uv": [ 12.1875, 2.25, 12.9375, 3 ], "texture": "#texture" },
        "east":  { "uv": [ 12.1875, 2.25, 12.9375, 3 ], "texture": "#texture" }
    }
},
{
    "from": [ -9.5625, 8.125, 5.375 ],
    "to": [ -7.9375, 8.875, 5.4375 ],
    "rotation": { "origin": [ -9.5625, 8.125, 5.375 ], "axis": "y", "angle": -22.5 },
    "faces": {
        "down":  { "uv": [ 15.8125, 7.375, 15.3125, 6.0625 ], "texture": "#texture" },
        "up":    { "uv": [ 0.1875, 6.0625, 0.6875, 7.375 ], "texture": "#texture" },
        "north": { "uv": [ 15.3125, 6.9375, 15.8125, 7.6875 ], "texture": "#texture" },
        "south": { "uv": [ 0.1875, 6.9375, 0.6875, 7.6875 ], "texture": "#texture" },
        "west":  { "uv": [ 6.0625, 6.9375, 7.375, 7.6875 ], "texture": "#texture" },
        "east":  { "uv": [ 8.625, 6.9375, 9.9375, 7.6875 ], "texture": "#texture" }
    }
},
{
    "from": [ -9.125, 8.125, 5.3125 ],
    "to": [ -7.9375, 8.875, 5.5625 ],
    "rotation": { "origin": [ -9.125, 8.125, 5.3125 ], "axis": "y", "angle": -22.5 },
    "faces": {
        "down":  { "uv": [ 9, 3.1875, 15.25, 3.9375 ], "texture": "#texture" },
        "up":    { "uv": [ 9, 3.1875, 15.25, 3.9375 ], "texture": "#texture" },
        "north": { "uv": [ 9.3125, 2.125, 15.5625, 2.875 ], "texture": "#texture" },
        "south": { "uv": [ 9.3125, 2.125, 15.5625, 2.875 ], "texture": "#texture" },
        "west":  { "uv": [ 12.1875, 2.25, 12.9375, 3 ], "texture": "#texture" },
        "east":  { "uv": [ 12.1875, 2.25, 12.9375, 3 ], "texture": "#texture" }
    }
},
{
    "from": [ -9.5625, 8.125, 5.375 ],
    "to": [ -8.625, 8.875, 5.4375 ],
    "faces": {
        "down":  { "uv": [ 9, 3.1875, 15.25, 3.9375 ], "texture": "#texture" },
        "up":    { "uv": [ 9, 3.1875, 15.25, 3.9375 ], "texture": "#texture" },
        "north": { "uv": [ 9.3125, 2.125, 15.5625, 2.875 ], "texture": "#texture" },
        "south": { "uv": [ 9.3125, 2.125, 15.5625, 2.875 ], "texture": "#texture" },
        "west":  { "uv": [ 12.1875, 2.25, 12.9375, 3 ], "texture": "#texture" },
        "east":  { "uv": [ 12.1875, 2.25, 12.9375, 3 ], "texture": "#texture" }
    }
},
{
    "from": [ -9.25, 8.125, 5.4375 ],
    "to": [ -8.9375, 8.875, 5.5625 ],
    "faces": {
        "down":  { "uv": [ 9, 3.1875, 15.25, 3.9375 ], "texture": "#texture" },
        "up":    { "uv": [ 9, 3.1875, 15.25, 3.9375 ], "texture": "#texture" },
        "north": { "uv": [ 9.3125, 2.125, 15.5625, 2.875 ], "texture": "#texture" },
        "south": { "uv": [ 9.3125, 2.125, 15.5625, 2.875 ], "texture": "#texture" },
        "west":  { "uv": [ 12.1875, 2.25, 12.9375, 3 ], "texture": "#texture" },
        "east":  { "uv": [ 12.1875, 2.25, 12.9375, 3 ], "texture": "#texture" }
    }
},
{
    "from": [ -9.4375, 8.125, 5.375 ],
    "to": [ -9.125, 8.875, 5.4375 ],
    "faces": {
        "down":  { "uv": [ 9, 3.1875, 15.25, 3.9375 ], "texture": "#texture" },
        "up":    { "uv": [ 9, 3.1875, 15.25, 3.9375 ], "texture": "#texture" },
        "north": { "uv": [ 9.3125, 2.125, 15.5625, 2.875 ], "texture": "#texture" },
        "south": { "uv": [ 9.3125, 2.125, 15.5625, 2.875 ], "texture": "#texture" },
        "west":  { "uv": [ 12.1875, 2.25, 12.9375, 3 ], "texture": "#texture" },
        "east":  { "uv": [ 12.1875, 2.25, 12.9375, 3 ], "texture": "#texture" }
    }
},
{
    "from": [ -9.4175, 8.125, 5.4375 ],
    "to": [ -9.105, 8.875, 5.5 ],
    "faces": {
        "down":  { "uv": [ 9, 3.1875, 15.25, 3.9375 ], "texture": "#texture" },
        "up":    { "uv": [ 9, 3.1875, 15.25, 3.9375 ], "texture": "#texture" },
        "north": { "uv": [ 9.3125, 2.125, 15.5625, 2.875 ], "texture": "#texture" },
        "south": { "uv": [ 9.3125, 2.125, 15.5625, 2.875 ], "texture": "#texture" },
        "west":  { "uv": [ 12.1875, 2.25, 12.9375, 3 ], "texture": "#texture" },
        "east":  { "uv": [ 12.1875, 2.25, 12.9375, 3 ], "texture": "#texture" }
    }
},
{
    "from": [ 0, 8.25, 7.625 ],
    "to": [ 0.375, 8.6875, 8.875 ],
    "faces": {
        "down":  { "uv": [ 2.625, 11.375, 6.375, 12 ], "texture": "#texture" },
        "up":    { "uv": [ 1.6875, 9.5625, 5.4375, 10.1875 ], "texture": "#texture" },
        "north": { "uv": [ 1.625, 9.3125, 5.375, 9.875 ], "texture": "#texture" },
        "south": { "uv": [ 3, 11.75, 6.75, 12.3125 ], "texture": "#texture" },
        "west":  { "uv": [ 5.9375, 9.875, 6.5625, 10.4375 ], "texture": "#texture" },
        "east":  { "uv": [ 4.8125, 10.625, 5.4375, 11.1875 ], "texture": "#texture" }
    }
},
{
    "from": [ -3.3125, 8.1875, 9.8125 ],
    "to": [ 0.4375, 8.75, 10.4375 ],
    "rotation": { "origin": [ -3.3125, 8.1875, 9.8125 ], "axis": "y", "angle": 22.5 },
    "faces": {
        "down":  { "uv": [ 2.625, 11.375, 6.375, 12 ], "texture": "#texture" },
        "up":    { "uv": [ 1.6875, 9.5625, 5.4375, 10.1875 ], "texture": "#texture" },
        "north": { "uv": [ 1.625, 9.3125, 5.375, 9.875 ], "texture": "#texture" },
        "south": { "uv": [ 3, 11.75, 6.75, 12.3125 ], "texture": "#texture" },
        "west":  { "uv": [ 5.9375, 9.875, 6.5625, 10.4375 ], "texture": "#texture" },
        "east":  { "uv": [ 4.8125, 10.625, 5.4375, 11.1875 ], "texture": "#texture" }
    }
},
{
    "from": [ -6.75, 8.1875, 8.25 ],
    "to": [ -4.375, 8.75, 8.875 ],
    "rotation": { "origin": [ -6.75, 8.1875, 8.25 ], "axis": "y", "angle": -45 },
    "faces": {
        "down":  { "uv": [ 2.625, 11.375, 6.375, 12 ], "texture": "#texture" },
        "up":    { "uv": [ 1.6875, 9.5625, 5.4375, 10.1875 ], "texture": "#texture" },
        "north": { "uv": [ 1.625, 9.3125, 5.375, 9.875 ], "texture": "#texture" },
        "south": { "uv": [ 3, 11.75, 6.75, 12.3125 ], "texture": "#texture" },
        "west":  { "uv": [ 5.9375, 9.875, 6.5625, 10.4375 ], "texture": "#texture" },
        "east":  { "uv": [ 4.8125, 10.625, 5.4375, 11.1875 ], "texture": "#texture" }
    }
},
{
    "from": [ -5.5, 8.1875, 9.75 ],
    "to": [ -3, 8.75, 10.375 ],
    "faces": {
        "down":  { "uv": [ 2.625, 11.375, 6.375, 12 ], "texture": "#texture" },
        "up":    { "uv": [ 1.6875, 9.5625, 5.4375, 10.1875 ], "texture": "#texture" },
        "north": { "uv": [ 1.625, 9.3125, 5.375, 9.875 ], "texture": "#texture" },
        "south": { "uv": [ 3, 11.75, 6.75, 12.3125 ], "texture": "#texture" },
        "west":  { "uv": [ 5.9375, 9.875, 6.5625, 10.4375 ], "texture": "#texture" },
        "east":  { "uv": [ 4.8125, 10.625, 5.4375, 11.1875 ], "texture": "#texture" }
    }
},
{
    "from": [ -7.1875, 8.25, 7.4375 ],
    "to": [ -6.875, 8.6875, 8.6875 ],
    "faces": {
        "down":  { "uv": [ 2.625, 11.375, 6.375, 12 ], "texture": "#texture" },
        "up":    { "uv": [ 1.6875, 9.5625, 5.4375, 10.1875 ], "texture": "#texture" },
        "north": { "uv": [ 1.625, 9.3125, 5.375, 9.875 ], "texture": "#texture" },
        "south": { "uv": [ 3, 11.75, 6.75, 12.3125 ], "texture": "#texture" },
        "west":  { "uv": [ 5.9375, 9.875, 6.5625, 10.4375 ], "texture": "#texture" },
        "east":  { "uv": [ 4.8125, 10.625, 5.4375, 11.1875 ], "texture": "#texture" }
    }
},
{
    "from": [ -7, 8, 6.75 ],
    "to": [ -6.875, 9, 7.75 ],
    "faces": {
        "down":  { "uv": [ 4.9375, 10.75, 5.3125, 12.6875 ], "texture": "#texture" },
        "up":    { "uv": [ 4.9375, 10.75, 5.3125, 12.6875 ], "texture": "#texture" },
        "north": { "uv": [ 6.125, 11.6875, 6.4375, 13.375 ], "texture": "#texture" },
        "south": { "uv": [ 6.125, 11.6875, 6.4375, 13.375 ], "texture": "#texture" },
        "west":  { "uv": [ 3.9375, 10.3125, 6.4375, 12.6875 ], "texture": "#texture" },
        "east":  { "uv": [ 3.9375, 10.3125, 6.4375, 12.6875 ], "texture": "#texture" }
    }
},
{
    "from": [ -4.625, 9.4375, 7 ],
    "to": [ -4.25, 9.8125, 7.4375 ],
    "faces": {
        "down":  { "uv": [ 2.375, 0.3125, 3.6875, 1.75 ], "texture": "#texture" },
        "up":    { "uv": [ 2.375, 0.3125, 3.6875, 1.75 ], "texture": "#texture" },
        "north": { "uv": [ 2.6875, 0.375, 4, 1.5 ], "texture": "#texture" },
        "south": { "uv": [ 2.6875, 0.375, 4, 1.5 ], "texture": "#texture" },
        "west":  { "uv": [ 4.4375, 0.4375, 5.75, 1.75 ], "texture": "#texture" },
        "east":  { "uv": [ 4.4375, 0.4375, 5.75, 1.75 ], "texture": "#texture" }
    }
}
],
"display": {
    "thirdperson_righthand": {
        "rotation": [ 180, 0, 90 ],
        "translation": [ 0.94, -0.94, 0.56 ],
        "scale": [ 2, 2, 2 ]
    },
    "thirdperson_lefthand": {
        "rotation": [ 180, 180, -90 ],
        "translation": [ 0.94, -0.76, 3.59 ],
        "scale": [ 2, 2, 2 ]
    },
    "head": {
        "rotation": [ 0, 0, -54 ],
        "translation": [ 1.13, 0, 0 ],
        "scale": [ 1, 1, 1 ]
    },
    "ground": {
        "rotation": [ 30, 10, -13 ],
        "translation": [ 0, 1.32, 0 ],
        "scale": [ 0.69, 0.69, 0.69 ]
    },
    "fixed": {
        "rotation": [ -41, 24, -47 ],
        "translation": [ 2.27, -0.57, -0.76 ],
        "scale": [ 0.72, 0.72, 0.72 ]
    },
    "firstperson_righthand": {
        "rotation": [ -7, -170, -91 ],
        "translation": [ 8.88, -10.02, -12.28 ],
        "scale": [ 2, 2, 2.39 ]
    },
    "firstperson_lefthand": {
        "rotation": [ -7, 14, 95 ],
        "translation": [ 11.72, -6.43, -8.69 ],
        "scale": [ 2, 2, 2.39 ]
    },
    "gui": {
        "rotation": [ -84, -139, -156 ],
        "translation": [ 1.32, -2.65, 0.19 ],
        "scale": [ 0.76, 0.76, 0.76 ]
    }
}
}