{
"__comment": "Designed by Jragon014 with BDcraft Cubik PRO 0.96 Beta - http://bdcraft.net",
    "textures": {
        "texture": "items/attribute/ability_levitate"
    },
"elements": [ 
{
    "__comment": "Pokeball_Obj",
    "from": [ 0, 5, 6 ],
    "to": [ 16, 11, 10 ],
    "faces": {
        "down":  { "uv": [ 16, 10, 0, 6 ], "texture": "#texture" },
        "up":    { "uv": [ 0, 6, 16, 10 ], "texture": "#texture" },
        "north": { "uv": [ 0, 5, 16, 11 ], "texture": "#texture" },
        "south": { "uv": [ 0, 5, 16, 11 ], "texture": "#texture" },
        "west":  { "uv": [ 6, 5, 10, 11 ], "texture": "#texture" },
        "east":  { "uv": [ 6, 5, 10, 11 ], "texture": "#texture" }
    }
},
{
    "__comment": "Pokeball_Obj",
    "from": [ 0, 4, 7 ],
    "to": [ 16, 5, 9 ],
    "faces": {
        "down":  { "uv": [ 16, 9, 0, 7 ], "texture": "#texture" },
        "up":    { "uv": [ 0, 7, 16, 9 ], "texture": "#texture" },
        "north": { "uv": [ 0, 11, 16, 12 ], "texture": "#texture" },
        "south": { "uv": [ 0, 11, 16, 12 ], "texture": "#texture" },
        "west":  { "uv": [ 7, 11, 9, 12 ], "texture": "#texture" },
        "east":  { "uv": [ 7, 11, 9, 12 ], "texture": "#texture" }
    }
},
{
    "__comment": "Pokeball_Obj",
    "from": [ 0, 11, 7 ],
    "to": [ 16, 12, 9 ],
    "faces": {
        "down":  { "uv": [ 16, 9, 0, 7 ], "texture": "#texture" },
        "up":    { "uv": [ 0, 7, 16, 9 ], "texture": "#texture" },
        "north": { "uv": [ 0, 4, 16, 5 ], "texture": "#texture" },
        "south": { "uv": [ 0, 4, 16, 5 ], "texture": "#texture" },
        "west":  { "uv": [ 7, 4, 9, 5 ], "texture": "#texture" },
        "east":  { "uv": [ 7, 4, 9, 5 ], "texture": "#texture" }
    }
},
{
    "__comment": "Pokeball_Obj",
    "from": [ 1, 5, 3 ],
    "to": [ 15, 11, 6 ],
    "faces": {
        "down":  { "uv": [ 15, 6, 1, 3 ], "texture": "#texture" },
        "up":    { "uv": [ 1, 3, 15, 6 ], "texture": "#texture" },
        "north": { "uv": [ 1, 5, 15, 11 ], "texture": "#texture" },
        "south": { "uv": [ 1, 5, 15, 11 ], "texture": "#texture" },
        "west":  { "uv": [ 3, 5, 6, 11 ], "texture": "#texture" },
        "east":  { "uv": [ 10, 5, 13, 11 ], "texture": "#texture" }
    }
},
{
    "__comment": "Pokeball_Obj",
    "from": [ 1, 4, 4 ],
    "to": [ 15, 5, 7 ],
    "faces": {
        "down":  { "uv": [ 15, 7, 1, 4 ], "texture": "#texture" },
        "up":    { "uv": [ 1, 4, 15, 7 ], "texture": "#texture" },
        "north": { "uv": [ 1, 11, 15, 12 ], "texture": "#texture" },
        "south": { "uv": [ 1, 11, 15, 12 ], "texture": "#texture" },
        "west":  { "uv": [ 4, 11, 7, 12 ], "texture": "#texture" },
        "east":  { "uv": [ 9, 11, 12, 12 ], "texture": "#texture" }
    }
},
{
    "__comment": "Pokeball_Obj",
    "from": [ 1, 11, 4 ],
    "to": [ 15, 12, 7 ],
    "faces": {
        "down":  { "uv": [ 15, 7, 1, 4 ], "texture": "#texture" },
        "up":    { "uv": [ 1, 4, 15, 7 ], "texture": "#texture" },
        "north": { "uv": [ 1, 4, 15, 5 ], "texture": "#texture" },
        "south": { "uv": [ 1, 4, 15, 5 ], "texture": "#texture" },
        "west":  { "uv": [ 4, 4, 7, 5 ], "texture": "#texture" },
        "east":  { "uv": [ 9, 4, 12, 5 ], "texture": "#texture" }
    }
},
{
    "__comment": "Pokeball_Obj",
    "from": [ 1, 3, 6 ],
    "to": [ 15, 4, 10 ],
    "faces": {
        "down":  { "uv": [ 15, 10, 1, 6 ], "texture": "#texture" },
        "up":    { "uv": [ 1, 6, 15, 10 ], "texture": "#texture" },
        "north": { "uv": [ 1, 12, 15, 13 ], "texture": "#texture" },
        "south": { "uv": [ 1, 12, 15, 13 ], "texture": "#texture" },
        "west":  { "uv": [ 6, 12, 10, 13 ], "texture": "#texture" },
        "east":  { "uv": [ 6, 12, 10, 13 ], "texture": "#texture" }
    }
},
{
    "__comment": "Pokeball_Obj",
    "from": [ 1, 12, 6 ],
    "to": [ 15, 13, 10 ],
    "faces": {
        "down":  { "uv": [ 15, 10, 1, 6 ], "texture": "#texture" },
        "up":    { "uv": [ 1, 6, 15, 10 ], "texture": "#texture" },
        "north": { "uv": [ 1, 3, 15, 4 ], "texture": "#texture" },
        "south": { "uv": [ 1, 3, 15, 4 ], "texture": "#texture" },
        "west":  { "uv": [ 6, 3, 10, 4 ], "texture": "#texture" },
        "east":  { "uv": [ 6, 3, 10, 4 ], "texture": "#texture" }
    }
},
{
    "__comment": "Pokeball_Obj",
    "from": [ 1, 4, 9 ],
    "to": [ 15, 5, 12 ],
    "faces": {
        "down":  { "uv": [ 15, 12, 1, 9 ], "texture": "#texture" },
        "up":    { "uv": [ 1, 9, 15, 12 ], "texture": "#texture" },
        "north": { "uv": [ 1, 11, 15, 12 ], "texture": "#texture" },
        "south": { "uv": [ 1, 11, 15, 12 ], "texture": "#texture" },
        "west":  { "uv": [ 9, 11, 12, 12 ], "texture": "#texture" },
        "east":  { "uv": [ 4, 11, 7, 12 ], "texture": "#texture" }
    }
},
{
    "__comment": "Pokeball_Obj",
    "from": [ 1, 11, 9 ],
    "to": [ 15, 12, 12 ],
    "faces": {
        "down":  { "uv": [ 15, 12, 1, 9 ], "texture": "#texture" },
        "up":    { "uv": [ 1, 9, 15, 12 ], "texture": "#texture" },
        "north": { "uv": [ 1, 4, 15, 5 ], "texture": "#texture" },
        "south": { "uv": [ 1, 4, 15, 5 ], "texture": "#texture" },
        "west":  { "uv": [ 9, 4, 12, 5 ], "texture": "#texture" },
        "east":  { "uv": [ 4, 4, 7, 5 ], "texture": "#texture" }
    }
},
{
    "__comment": "Pokeball_Obj",
    "from": [ 1, 5, 10 ],
    "to": [ 15, 11, 13 ],
    "faces": {
        "down":  { "uv": [ 15, 13, 1, 10 ], "texture": "#texture" },
        "up":    { "uv": [ 1, 10, 15, 13 ], "texture": "#texture" },
        "north": { "uv": [ 1, 5, 15, 11 ], "texture": "#texture" },
        "south": { "uv": [ 1, 5, 15, 11 ], "texture": "#texture" },
        "west":  { "uv": [ 10, 5, 13, 11 ], "texture": "#texture" },
        "east":  { "uv": [ 3, 5, 6, 11 ], "texture": "#texture" }
    }
},
{
    "__comment": "Pokeball_Obj",
    "from": [ 2, 5, 2 ],
    "to": [ 14, 11, 3 ],
    "faces": {
        "down":  { "uv": [ 14, 3, 2, 2 ], "texture": "#texture" },
        "up":    { "uv": [ 2, 2, 14, 3 ], "texture": "#texture" },
        "north": { "uv": [ 2, 5, 14, 11 ], "texture": "#texture" },
        "south": { "uv": [ 2, 5, 14, 11 ], "texture": "#texture" },
        "west":  { "uv": [ 2, 5, 3, 11 ], "texture": "#texture" },
        "east":  { "uv": [ 13, 5, 14, 11 ], "texture": "#texture" }
    }
},
{
    "__comment": "Pokeball_Obj",
    "from": [ 2, 4, 3 ],
    "to": [ 14, 5, 4 ],
    "faces": {
        "down":  { "uv": [ 14, 4, 2, 3 ], "texture": "#texture" },
        "up":    { "uv": [ 2, 3, 14, 4 ], "texture": "#texture" },
        "north": { "uv": [ 2, 11, 14, 12 ], "texture": "#texture" },
        "south": { "uv": [ 2, 11, 14, 12 ], "texture": "#texture" },
        "west":  { "uv": [ 3, 11, 4, 12 ], "texture": "#texture" },
        "east":  { "uv": [ 12, 11, 13, 12 ], "texture": "#texture" }
    }
},
{
    "__comment": "Pokeball_Obj",
    "from": [ 2, 11, 3 ],
    "to": [ 14, 12, 4 ],
    "faces": {
        "down":  { "uv": [ 14, 4, 2, 3 ], "texture": "#texture" },
        "up":    { "uv": [ 2, 3, 14, 4 ], "texture": "#texture" },
        "north": { "uv": [ 2, 4, 14, 5 ], "texture": "#texture" },
        "south": { "uv": [ 2, 4, 14, 5 ], "texture": "#texture" },
        "west":  { "uv": [ 3, 4, 4, 5 ], "texture": "#texture" },
        "east":  { "uv": [ 12, 4, 13, 5 ], "texture": "#texture" }
    }
},
{
    "__comment": "Pokeball_Obj",
    "from": [ 2, 3, 4 ],
    "to": [ 14, 4, 6 ],
    "faces": {
        "down":  { "uv": [ 14, 6, 2, 4 ], "texture": "#texture" },
        "up":    { "uv": [ 2, 4, 14, 6 ], "texture": "#texture" },
        "north": { "uv": [ 2, 12, 14, 13 ], "texture": "#texture" },
        "south": { "uv": [ 2, 12, 14, 13 ], "texture": "#texture" },
        "west":  { "uv": [ 4, 12, 6, 13 ], "texture": "#texture" },
        "east":  { "uv": [ 10, 12, 12, 13 ], "texture": "#texture" }
    }
},
{
    "__comment": "Pokeball_Obj",
    "from": [ 2, 12, 4 ],
    "to": [ 14, 13, 6 ],
    "faces": {
        "down":  { "uv": [ 14, 6, 2, 4 ], "texture": "#texture" },
        "up":    { "uv": [ 2, 4, 14, 6 ], "texture": "#texture" },
        "north": { "uv": [ 2, 3, 14, 4 ], "texture": "#texture" },
        "south": { "uv": [ 2, 3, 14, 4 ], "texture": "#texture" },
        "west":  { "uv": [ 4, 3, 6, 4 ], "texture": "#texture" },
        "east":  { "uv": [ 10, 3, 12, 4 ], "texture": "#texture" }
    }
},
{
    "__comment": "Pokeball_Obj",
    "from": [ 2, 2, 6 ],
    "to": [ 14, 3, 10 ],
    "faces": {
        "down":  { "uv": [ 14, 10, 2, 6 ], "texture": "#texture" },
        "up":    { "uv": [ 2, 6, 14, 10 ], "texture": "#texture" },
        "north": { "uv": [ 2, 13, 14, 14 ], "texture": "#texture" },
        "south": { "uv": [ 2, 13, 14, 14 ], "texture": "#texture" },
        "west":  { "uv": [ 6, 13, 10, 14 ], "texture": "#texture" },
        "east":  { "uv": [ 6, 13, 10, 14 ], "texture": "#texture" }
    }
},
{
    "__comment": "Pokeball_Obj",
    "from": [ 2, 13, 6 ],
    "to": [ 14, 14, 10 ],
    "faces": {
        "down":  { "uv": [ 14, 10, 2, 6 ], "texture": "#texture" },
        "up":    { "uv": [ 2, 6, 14, 10 ], "texture": "#texture" },
        "north": { "uv": [ 2, 2, 14, 3 ], "texture": "#texture" },
        "south": { "uv": [ 2, 2, 14, 3 ], "texture": "#texture" },
        "west":  { "uv": [ 6, 2, 10, 3 ], "texture": "#texture" },
        "east":  { "uv": [ 6, 2, 10, 3 ], "texture": "#texture" }
    }
},
{
    "__comment": "Pokeball_Obj",
    "from": [ 2, 3, 10 ],
    "to": [ 14, 4, 12 ],
    "faces": {
        "down":  { "uv": [ 14, 12, 2, 10 ], "texture": "#texture" },
        "up":    { "uv": [ 2, 10, 14, 12 ], "texture": "#texture" },
        "north": { "uv": [ 2, 12, 14, 13 ], "texture": "#texture" },
        "south": { "uv": [ 2, 12, 14, 13 ], "texture": "#texture" },
        "west":  { "uv": [ 10, 12, 12, 13 ], "texture": "#texture" },
        "east":  { "uv": [ 4, 12, 6, 13 ], "texture": "#texture" }
    }
},
{
    "__comment": "Pokeball_Obj",
    "from": [ 2, 12, 10 ],
    "to": [ 14, 13, 12 ],
    "faces": {
        "down":  { "uv": [ 14, 12, 2, 10 ], "texture": "#texture" },
        "up":    { "uv": [ 2, 10, 14, 12 ], "texture": "#texture" },
        "north": { "uv": [ 2, 3, 14, 4 ], "texture": "#texture" },
        "south": { "uv": [ 2, 3, 14, 4 ], "texture": "#texture" },
        "west":  { "uv": [ 10, 3, 12, 4 ], "texture": "#texture" },
        "east":  { "uv": [ 4, 3, 6, 4 ], "texture": "#texture" }
    }
},
{
    "__comment": "Pokeball_Obj",
    "from": [ 2, 4, 12 ],
    "to": [ 14, 5, 13 ],
    "faces": {
        "down":  { "uv": [ 14, 13, 2, 12 ], "texture": "#texture" },
        "up":    { "uv": [ 2, 12, 14, 13 ], "texture": "#texture" },
        "north": { "uv": [ 2, 11, 14, 12 ], "texture": "#texture" },
        "south": { "uv": [ 2, 11, 14, 12 ], "texture": "#texture" },
        "west":  { "uv": [ 12, 11, 13, 12 ], "texture": "#texture" },
        "east":  { "uv": [ 3, 11, 4, 12 ], "texture": "#texture" }
    }
},
{
    "__comment": "Pokeball_Obj",
    "from": [ 2, 11, 12 ],
    "to": [ 14, 12, 13 ],
    "faces": {
        "down":  { "uv": [ 14, 13, 2, 12 ], "texture": "#texture" },
        "up":    { "uv": [ 2, 12, 14, 13 ], "texture": "#texture" },
        "north": { "uv": [ 2, 4, 14, 5 ], "texture": "#texture" },
        "south": { "uv": [ 2, 4, 14, 5 ], "texture": "#texture" },
        "west":  { "uv": [ 12, 4, 13, 5 ], "texture": "#texture" },
        "east":  { "uv": [ 3, 4, 4, 5 ], "texture": "#texture" }
    }
},
{
    "__comment": "Pokeball_Obj",
    "from": [ 2, 5, 13 ],
    "to": [ 14, 11, 14 ],
    "faces": {
        "down":  { "uv": [ 14, 14, 2, 13 ], "texture": "#texture" },
        "up":    { "uv": [ 2, 13, 14, 14 ], "texture": "#texture" },
        "north": { "uv": [ 2, 5, 14, 11 ], "texture": "#texture" },
        "south": { "uv": [ 2, 5, 14, 11 ], "texture": "#texture" },
        "west":  { "uv": [ 13, 5, 14, 11 ], "texture": "#texture" },
        "east":  { "uv": [ 2, 5, 3, 11 ], "texture": "#texture" }
    }
},
{
    "__comment": "Pokeball_Obj",
    "from": [ 3, 4, 2 ],
    "to": [ 13, 5, 3 ],
    "faces": {
        "down":  { "uv": [ 13, 3, 3, 2 ], "texture": "#texture" },
        "up":    { "uv": [ 3, 2, 13, 3 ], "texture": "#texture" },
        "north": { "uv": [ 3, 11, 13, 12 ], "texture": "#texture" },
        "south": { "uv": [ 3, 11, 13, 12 ], "texture": "#texture" },
        "west":  { "uv": [ 2, 11, 3, 12 ], "texture": "#texture" },
        "east":  { "uv": [ 13, 11, 14, 12 ], "texture": "#texture" }
    }
},
{
    "__comment": "Pokeball_Obj",
    "from": [ 3, 11, 2 ],
    "to": [ 13, 12, 3 ],
    "faces": {
        "down":  { "uv": [ 13, 3, 3, 2 ], "texture": "#texture" },
        "up":    { "uv": [ 3, 2, 13, 3 ], "texture": "#texture" },
        "north": { "uv": [ 3, 4, 13, 5 ], "texture": "#texture" },
        "south": { "uv": [ 3, 4, 13, 5 ], "texture": "#texture" },
        "west":  { "uv": [ 2, 4, 3, 5 ], "texture": "#texture" },
        "east":  { "uv": [ 13, 4, 14, 5 ], "texture": "#texture" }
    }
},
{
    "__comment": "Pokeball_Obj",
    "from": [ 3, 3, 3 ],
    "to": [ 13, 4, 4 ],
    "faces": {
        "down":  { "uv": [ 13, 4, 3, 3 ], "texture": "#texture" },
        "up":    { "uv": [ 3, 3, 13, 4 ], "texture": "#texture" },
        "north": { "uv": [ 3, 12, 13, 13 ], "texture": "#texture" },
        "south": { "uv": [ 3, 12, 13, 13 ], "texture": "#texture" },
        "west":  { "uv": [ 3, 12, 4, 13 ], "texture": "#texture" },
        "east":  { "uv": [ 12, 12, 13, 13 ], "texture": "#texture" }
    }
},
{
    "__comment": "Pokeball_Obj",
    "from": [ 3, 12, 3 ],
    "to": [ 13, 13, 4 ],
    "faces": {
        "down":  { "uv": [ 13, 4, 3, 3 ], "texture": "#texture" },
        "up":    { "uv": [ 3, 3, 13, 4 ], "texture": "#texture" },
        "north": { "uv": [ 3, 3, 13, 4 ], "texture": "#texture" },
        "south": { "uv": [ 3, 3, 13, 4 ], "texture": "#texture" },
        "west":  { "uv": [ 3, 3, 4, 4 ], "texture": "#texture" },
        "east":  { "uv": [ 12, 3, 13, 4 ], "texture": "#texture" }
    }
},
{
    "__comment": "Pokeball_Obj",
    "from": [ 3, 2, 4 ],
    "to": [ 13, 3, 6 ],
    "faces": {
        "down":  { "uv": [ 13, 6, 3, 4 ], "texture": "#texture" },
        "up":    { "uv": [ 3, 4, 13, 6 ], "texture": "#texture" },
        "north": { "uv": [ 3, 13, 13, 14 ], "texture": "#texture" },
        "south": { "uv": [ 3, 13, 13, 14 ], "texture": "#texture" },
        "west":  { "uv": [ 4, 13, 6, 14 ], "texture": "#texture" },
        "east":  { "uv": [ 10, 13, 12, 14 ], "texture": "#texture" }
    }
},
{
    "__comment": "Pokeball_Obj",
    "from": [ 3, 13, 4 ],
    "to": [ 13, 14, 6 ],
    "faces": {
        "down":  { "uv": [ 13, 6, 3, 4 ], "texture": "#texture" },
        "up":    { "uv": [ 3, 4, 13, 6 ], "texture": "#texture" },
        "north": { "uv": [ 3, 2, 13, 3 ], "texture": "#texture" },
        "south": { "uv": [ 3, 2, 13, 3 ], "texture": "#texture" },
        "west":  { "uv": [ 4, 2, 6, 3 ], "texture": "#texture" },
        "east":  { "uv": [ 10, 2, 12, 3 ], "texture": "#texture" }
    }
},
{
    "__comment": "Pokeball_Obj",
    "from": [ 3, 1, 5 ],
    "to": [ 13, 2, 11 ],
    "faces": {
        "down":  { "uv": [ 13, 11, 3, 5 ], "texture": "#texture" },
        "up":    { "uv": [ 3, 5, 13, 11 ], "texture": "#texture" },
        "north": { "uv": [ 3, 14, 13, 15 ], "texture": "#texture" },
        "south": { "uv": [ 3, 14, 13, 15 ], "texture": "#texture" },
        "west":  { "uv": [ 5, 14, 11, 15 ], "texture": "#texture" },
        "east":  { "uv": [ 5, 14, 11, 15 ], "texture": "#texture" }
    }
},
{
    "__comment": "Pokeball_Obj",
    "from": [ 3, 14, 5 ],
    "to": [ 13, 15, 11 ],
    "faces": {
        "down":  { "uv": [ 13, 11, 3, 5 ], "texture": "#texture" },
        "up":    { "uv": [ 3, 5, 13, 11 ], "texture": "#texture" },
        "north": { "uv": [ 3, 1, 13, 2 ], "texture": "#texture" },
        "south": { "uv": [ 3, 1, 13, 2 ], "texture": "#texture" },
        "west":  { "uv": [ 5, 1, 11, 2 ], "texture": "#texture" },
        "east":  { "uv": [ 5, 1, 11, 2 ], "texture": "#texture" }
    }
},
{
    "__comment": "Pokeball_Obj",
    "from": [ 3, 2, 10 ],
    "to": [ 13, 3, 12 ],
    "faces": {
        "down":  { "uv": [ 13, 12, 3, 10 ], "texture": "#texture" },
        "up":    { "uv": [ 3, 10, 13, 12 ], "texture": "#texture" },
        "north": { "uv": [ 3, 13, 13, 14 ], "texture": "#texture" },
        "south": { "uv": [ 3, 13, 13, 14 ], "texture": "#texture" },
        "west":  { "uv": [ 10, 13, 12, 14 ], "texture": "#texture" },
        "east":  { "uv": [ 4, 13, 6, 14 ], "texture": "#texture" }
    }
},
{
    "__comment": "Pokeball_Obj",
    "from": [ 3, 13, 10 ],
    "to": [ 13, 14, 12 ],
    "faces": {
        "down":  { "uv": [ 13, 12, 3, 10 ], "texture": "#texture" },
        "up":    { "uv": [ 3, 10, 13, 12 ], "texture": "#texture" },
        "north": { "uv": [ 3, 2, 13, 3 ], "texture": "#texture" },
        "south": { "uv": [ 3, 2, 13, 3 ], "texture": "#texture" },
        "west":  { "uv": [ 10, 2, 12, 3 ], "texture": "#texture" },
        "east":  { "uv": [ 4, 2, 6, 3 ], "texture": "#texture" }
    }
},
{
    "__comment": "Pokeball_Obj",
    "from": [ 3, 3, 12 ],
    "to": [ 13, 4, 13 ],
    "faces": {
        "down":  { "uv": [ 13, 13, 3, 12 ], "texture": "#texture" },
        "up":    { "uv": [ 3, 12, 13, 13 ], "texture": "#texture" },
        "north": { "uv": [ 3, 12, 13, 13 ], "texture": "#texture" },
        "south": { "uv": [ 3, 12, 13, 13 ], "texture": "#texture" },
        "west":  { "uv": [ 12, 12, 13, 13 ], "texture": "#texture" },
        "east":  { "uv": [ 3, 12, 4, 13 ], "texture": "#texture" }
    }
},
{
    "__comment": "Pokeball_Obj",
    "from": [ 3, 12, 12 ],
    "to": [ 13, 13, 13 ],
    "faces": {
        "down":  { "uv": [ 13, 13, 3, 12 ], "texture": "#texture" },
        "up":    { "uv": [ 3, 12, 13, 13 ], "texture": "#texture" },
        "north": { "uv": [ 3, 3, 13, 4 ], "texture": "#texture" },
        "south": { "uv": [ 3, 3, 13, 4 ], "texture": "#texture" },
        "west":  { "uv": [ 12, 3, 13, 4 ], "texture": "#texture" },
        "east":  { "uv": [ 3, 3, 4, 4 ], "texture": "#texture" }
    }
},
{
    "__comment": "Pokeball_Obj",
    "from": [ 3, 4, 13 ],
    "to": [ 13, 5, 14 ],
    "faces": {
        "down":  { "uv": [ 13, 14, 3, 13 ], "texture": "#texture" },
        "up":    { "uv": [ 3, 13, 13, 14 ], "texture": "#texture" },
        "north": { "uv": [ 3, 11, 13, 12 ], "texture": "#texture" },
        "south": { "uv": [ 3, 11, 13, 12 ], "texture": "#texture" },
        "west":  { "uv": [ 13, 11, 14, 12 ], "texture": "#texture" },
        "east":  { "uv": [ 2, 11, 3, 12 ], "texture": "#texture" }
    }
},
{
    "__comment": "Pokeball_Obj",
    "from": [ 3, 11, 13 ],
    "to": [ 13, 12, 14 ],
    "faces": {
        "down":  { "uv": [ 13, 14, 3, 13 ], "texture": "#texture" },
        "up":    { "uv": [ 3, 13, 13, 14 ], "texture": "#texture" },
        "north": { "uv": [ 3, 4, 13, 5 ], "texture": "#texture" },
        "south": { "uv": [ 3, 4, 13, 5 ], "texture": "#texture" },
        "west":  { "uv": [ 13, 4, 14, 5 ], "texture": "#texture" },
        "east":  { "uv": [ 2, 4, 3, 5 ], "texture": "#texture" }
    }
},
{
    "__comment": "Pokeball_Obj",
    "from": [ 4, 4, 1 ],
    "to": [ 12, 12, 2 ],
    "faces": {
        "down":  { "uv": [ 12, 2, 4, 1 ], "texture": "#texture" },
        "up":    { "uv": [ 4, 1, 12, 2 ], "texture": "#texture" },
        "north": { "uv": [ 4, 4, 12, 12 ], "texture": "#texture" },
        "south": { "uv": [ 4, 4, 12, 12 ], "texture": "#texture" },
        "west":  { "uv": [ 1, 4, 2, 12 ], "texture": "#texture" },
        "east":  { "uv": [ 14, 4, 15, 12 ], "texture": "#texture" }
    }
},
{
    "__comment": "Pokeball_Obj",
    "from": [ 4, 3, 2 ],
    "to": [ 12, 4, 3 ],
    "faces": {
        "down":  { "uv": [ 12, 3, 4, 2 ], "texture": "#texture" },
        "up":    { "uv": [ 4, 2, 12, 3 ], "texture": "#texture" },
        "north": { "uv": [ 4, 12, 12, 13 ], "texture": "#texture" },
        "south": { "uv": [ 4, 12, 12, 13 ], "texture": "#texture" },
        "west":  { "uv": [ 2, 12, 3, 13 ], "texture": "#texture" },
        "east":  { "uv": [ 13, 12, 14, 13 ], "texture": "#texture" }
    }
},
{
    "__comment": "Pokeball_Obj",
    "from": [ 4, 12, 2 ],
    "to": [ 12, 13, 3 ],
    "faces": {
        "down":  { "uv": [ 12, 3, 4, 2 ], "texture": "#texture" },
        "up":    { "uv": [ 4, 2, 12, 3 ], "texture": "#texture" },
        "north": { "uv": [ 4, 3, 12, 4 ], "texture": "#texture" },
        "south": { "uv": [ 4, 3, 12, 4 ], "texture": "#texture" },
        "west":  { "uv": [ 2, 3, 3, 4 ], "texture": "#texture" },
        "east":  { "uv": [ 13, 3, 14, 4 ], "texture": "#texture" }
    }
},
{
    "__comment": "Pokeball_Obj",
    "from": [ 4, 2, 3 ],
    "to": [ 12, 3, 4 ],
    "faces": {
        "down":  { "uv": [ 12, 4, 4, 3 ], "texture": "#texture" },
        "up":    { "uv": [ 4, 3, 12, 4 ], "texture": "#texture" },
        "north": { "uv": [ 4, 13, 12, 14 ], "texture": "#texture" },
        "south": { "uv": [ 4, 13, 12, 14 ], "texture": "#texture" },
        "west":  { "uv": [ 3, 13, 4, 14 ], "texture": "#texture" },
        "east":  { "uv": [ 12, 13, 13, 14 ], "texture": "#texture" }
    }
},
{
    "__comment": "Pokeball_Obj",
    "from": [ 4, 13, 3 ],
    "to": [ 12, 14, 4 ],
    "faces": {
        "down":  { "uv": [ 12, 4, 4, 3 ], "texture": "#texture" },
        "up":    { "uv": [ 4, 3, 12, 4 ], "texture": "#texture" },
        "north": { "uv": [ 4, 2, 12, 3 ], "texture": "#texture" },
        "south": { "uv": [ 4, 2, 12, 3 ], "texture": "#texture" },
        "west":  { "uv": [ 3, 2, 4, 3 ], "texture": "#texture" },
        "east":  { "uv": [ 12, 2, 13, 3 ], "texture": "#texture" }
    }
},
{
    "__comment": "Pokeball_Obj",
    "from": [ 4, 1, 4 ],
    "to": [ 12, 2, 5 ],
    "faces": {
        "down":  { "uv": [ 12, 5, 4, 4 ], "texture": "#texture" },
        "up":    { "uv": [ 4, 4, 12, 5 ], "texture": "#texture" },
        "north": { "uv": [ 4, 14, 12, 15 ], "texture": "#texture" },
        "south": { "uv": [ 4, 14, 12, 15 ], "texture": "#texture" },
        "west":  { "uv": [ 4, 14, 5, 15 ], "texture": "#texture" },
        "east":  { "uv": [ 11, 14, 12, 15 ], "texture": "#texture" }
    }
},
{
    "__comment": "Pokeball_Obj",
    "from": [ 4, 14, 4 ],
    "to": [ 12, 15, 5 ],
    "faces": {
        "down":  { "uv": [ 12, 5, 4, 4 ], "texture": "#texture" },
        "up":    { "uv": [ 4, 4, 12, 5 ], "texture": "#texture" },
        "north": { "uv": [ 4, 1, 12, 2 ], "texture": "#texture" },
        "south": { "uv": [ 4, 1, 12, 2 ], "texture": "#texture" },
        "west":  { "uv": [ 4, 1, 5, 2 ], "texture": "#texture" },
        "east":  { "uv": [ 11, 1, 12, 2 ], "texture": "#texture" }
    }
},
{
    "__comment": "Pokeball_Obj",
    "from": [ 4, 1, 11 ],
    "to": [ 12, 2, 12 ],
    "faces": {
        "down":  { "uv": [ 12, 12, 4, 11 ], "texture": "#texture" },
        "up":    { "uv": [ 4, 11, 12, 12 ], "texture": "#texture" },
        "north": { "uv": [ 4, 14, 12, 15 ], "texture": "#texture" },
        "south": { "uv": [ 4, 14, 12, 15 ], "texture": "#texture" },
        "west":  { "uv": [ 11, 14, 12, 15 ], "texture": "#texture" },
        "east":  { "uv": [ 4, 14, 5, 15 ], "texture": "#texture" }
    }
},
{
    "__comment": "Pokeball_Obj",
    "from": [ 4, 14, 11 ],
    "to": [ 12, 15, 12 ],
    "faces": {
        "down":  { "uv": [ 12, 12, 4, 11 ], "texture": "#texture" },
        "up":    { "uv": [ 4, 11, 12, 12 ], "texture": "#texture" },
        "north": { "uv": [ 4, 1, 12, 2 ], "texture": "#texture" },
        "south": { "uv": [ 4, 1, 12, 2 ], "texture": "#texture" },
        "west":  { "uv": [ 11, 1, 12, 2 ], "texture": "#texture" },
        "east":  { "uv": [ 4, 1, 5, 2 ], "texture": "#texture" }
    }
},
{
    "__comment": "Pokeball_Obj",
    "from": [ 4, 2, 12 ],
    "to": [ 12, 3, 13 ],
    "faces": {
        "down":  { "uv": [ 12, 13, 4, 12 ], "texture": "#texture" },
        "up":    { "uv": [ 4, 12, 12, 13 ], "texture": "#texture" },
        "north": { "uv": [ 4, 13, 12, 14 ], "texture": "#texture" },
        "south": { "uv": [ 4, 13, 12, 14 ], "texture": "#texture" },
        "west":  { "uv": [ 12, 13, 13, 14 ], "texture": "#texture" },
        "east":  { "uv": [ 3, 13, 4, 14 ], "texture": "#texture" }
    }
},
{
    "__comment": "Pokeball_Obj",
    "from": [ 4, 13, 12 ],
    "to": [ 12, 14, 13 ],
    "faces": {
        "down":  { "uv": [ 12, 13, 4, 12 ], "texture": "#texture" },
        "up":    { "uv": [ 4, 12, 12, 13 ], "texture": "#texture" },
        "north": { "uv": [ 4, 2, 12, 3 ], "texture": "#texture" },
        "south": { "uv": [ 4, 2, 12, 3 ], "texture": "#texture" },
        "west":  { "uv": [ 12, 2, 13, 3 ], "texture": "#texture" },
        "east":  { "uv": [ 3, 2, 4, 3 ], "texture": "#texture" }
    }
},
{
    "__comment": "Pokeball_Obj",
    "from": [ 4, 3, 13 ],
    "to": [ 12, 4, 14 ],
    "faces": {
        "down":  { "uv": [ 12, 14, 4, 13 ], "texture": "#texture" },
        "up":    { "uv": [ 4, 13, 12, 14 ], "texture": "#texture" },
        "north": { "uv": [ 4, 12, 12, 13 ], "texture": "#texture" },
        "south": { "uv": [ 4, 12, 12, 13 ], "texture": "#texture" },
        "west":  { "uv": [ 13, 12, 14, 13 ], "texture": "#texture" },
        "east":  { "uv": [ 2, 12, 3, 13 ], "texture": "#texture" }
    }
},
{
    "__comment": "Pokeball_Obj",
    "from": [ 4, 12, 13 ],
    "to": [ 12, 13, 14 ],
    "faces": {
        "down":  { "uv": [ 12, 14, 4, 13 ], "texture": "#texture" },
        "up":    { "uv": [ 4, 13, 12, 14 ], "texture": "#texture" },
        "north": { "uv": [ 4, 3, 12, 4 ], "texture": "#texture" },
        "south": { "uv": [ 4, 3, 12, 4 ], "texture": "#texture" },
        "west":  { "uv": [ 13, 3, 14, 4 ], "texture": "#texture" },
        "east":  { "uv": [ 2, 3, 3, 4 ], "texture": "#texture" }
    }
},
{
    "__comment": "Pokeball_Obj",
    "from": [ 4, 4, 14 ],
    "to": [ 12, 12, 15 ],
    "faces": {
        "down":  { "uv": [ 12, 15, 4, 14 ], "texture": "#texture" },
        "up":    { "uv": [ 4, 14, 12, 15 ], "texture": "#texture" },
        "north": { "uv": [ 4, 4, 12, 12 ], "texture": "#texture" },
        "south": { "uv": [ 4, 4, 12, 12 ], "texture": "#texture" },
        "west":  { "uv": [ 14, 4, 15, 12 ], "texture": "#texture" },
        "east":  { "uv": [ 1, 4, 2, 12 ], "texture": "#texture" }
    }
},
{
    "__comment": "Pokeball_Obj",
    "from": [ 5, 5, 0 ],
    "to": [ 11, 11, 1 ],
    "faces": {
        "down":  { "uv": [ 11, 1, 5, 0 ], "texture": "#texture" },
        "up":    { "uv": [ 5, 0, 11, 1 ], "texture": "#texture" },
        "north": { "uv": [ 5, 5, 11, 11 ], "texture": "#texture" },
        "south": { "uv": [ 5, 5, 11, 11 ], "texture": "#texture" },
        "west":  { "uv": [ 0, 5, 1, 11 ], "texture": "#texture" },
        "east":  { "uv": [ 15, 5, 16, 11 ], "texture": "#texture" }
    }
},
{
    "__comment": "Pokeball_Obj",
    "from": [ 5, 3, 1 ],
    "to": [ 11, 4, 2 ],
    "faces": {
        "down":  { "uv": [ 11, 2, 5, 1 ], "texture": "#texture" },
        "up":    { "uv": [ 5, 1, 11, 2 ], "texture": "#texture" },
        "north": { "uv": [ 5, 12, 11, 13 ], "texture": "#texture" },
        "south": { "uv": [ 5, 12, 11, 13 ], "texture": "#texture" },
        "west":  { "uv": [ 1, 12, 2, 13 ], "texture": "#texture" },
        "east":  { "uv": [ 14, 12, 15, 13 ], "texture": "#texture" }
    }
},
{
    "__comment": "Pokeball_Obj",
    "from": [ 5, 12, 1 ],
    "to": [ 11, 13, 2 ],
    "faces": {
        "down":  { "uv": [ 11, 2, 5, 1 ], "texture": "#texture" },
        "up":    { "uv": [ 5, 1, 11, 2 ], "texture": "#texture" },
        "north": { "uv": [ 5, 3, 11, 4 ], "texture": "#texture" },
        "south": { "uv": [ 5, 3, 11, 4 ], "texture": "#texture" },
        "west":  { "uv": [ 1, 3, 2, 4 ], "texture": "#texture" },
        "east":  { "uv": [ 14, 3, 15, 4 ], "texture": "#texture" }
    }
},
{
    "__comment": "Pokeball_Obj",
    "from": [ 5, 2, 2 ],
    "to": [ 11, 3, 3 ],
    "faces": {
        "down":  { "uv": [ 11, 3, 5, 2 ], "texture": "#texture" },
        "up":    { "uv": [ 5, 2, 11, 3 ], "texture": "#texture" },
        "north": { "uv": [ 5, 13, 11, 14 ], "texture": "#texture" },
        "south": { "uv": [ 5, 13, 11, 14 ], "texture": "#texture" },
        "west":  { "uv": [ 2, 13, 3, 14 ], "texture": "#texture" },
        "east":  { "uv": [ 13, 13, 14, 14 ], "texture": "#texture" }
    }
},
{
    "__comment": "Pokeball_Obj",
    "from": [ 5, 13, 2 ],
    "to": [ 11, 14, 3 ],
    "faces": {
        "down":  { "uv": [ 11, 3, 5, 2 ], "texture": "#texture" },
        "up":    { "uv": [ 5, 2, 11, 3 ], "texture": "#texture" },
        "north": { "uv": [ 5, 2, 11, 3 ], "texture": "#texture" },
        "south": { "uv": [ 5, 2, 11, 3 ], "texture": "#texture" },
        "west":  { "uv": [ 2, 2, 3, 3 ], "texture": "#texture" },
        "east":  { "uv": [ 13, 2, 14, 3 ], "texture": "#texture" }
    }
},
{
    "__comment": "Pokeball_Obj",
    "from": [ 5, 1, 3 ],
    "to": [ 11, 2, 4 ],
    "faces": {
        "down":  { "uv": [ 11, 4, 5, 3 ], "texture": "#texture" },
        "up":    { "uv": [ 5, 3, 11, 4 ], "texture": "#texture" },
        "north": { "uv": [ 5, 14, 11, 15 ], "texture": "#texture" },
        "south": { "uv": [ 5, 14, 11, 15 ], "texture": "#texture" },
        "west":  { "uv": [ 3, 14, 4, 15 ], "texture": "#texture" },
        "east":  { "uv": [ 12, 14, 13, 15 ], "texture": "#texture" }
    }
},
{
    "__comment": "Pokeball_Obj",
    "from": [ 5, 14, 3 ],
    "to": [ 11, 15, 4 ],
    "faces": {
        "down":  { "uv": [ 11, 4, 5, 3 ], "texture": "#texture" },
        "up":    { "uv": [ 5, 3, 11, 4 ], "texture": "#texture" },
        "north": { "uv": [ 5, 1, 11, 2 ], "texture": "#texture" },
        "south": { "uv": [ 5, 1, 11, 2 ], "texture": "#texture" },
        "west":  { "uv": [ 3, 1, 4, 2 ], "texture": "#texture" },
        "east":  { "uv": [ 12, 1, 13, 2 ], "texture": "#texture" }
    }
},
{
    "__comment": "Pokeball_Obj",
    "from": [ 5, 0, 6 ],
    "to": [ 11, 1, 10 ],
    "faces": {
        "down":  { "uv": [ 11, 10, 5, 6 ], "texture": "#texture" },
        "up":    { "uv": [ 5, 6, 11, 10 ], "texture": "#texture" },
        "north": { "uv": [ 5, 15, 11, 16 ], "texture": "#texture" },
        "south": { "uv": [ 5, 15, 11, 16 ], "texture": "#texture" },
        "west":  { "uv": [ 6, 15, 10, 16 ], "texture": "#texture" },
        "east":  { "uv": [ 6, 15, 10, 16 ], "texture": "#texture" }
    }
},
{
    "__comment": "Pokeball_Obj",
    "from": [ 5, 15, 6 ],
    "to": [ 11, 16, 10 ],
    "faces": {
        "down":  { "uv": [ 11, 10, 5, 6 ], "texture": "#texture" },
        "up":    { "uv": [ 5, 6, 11, 10 ], "texture": "#texture" },
        "north": { "uv": [ 5, 0, 11, 1 ], "texture": "#texture" },
        "south": { "uv": [ 5, 0, 11, 1 ], "texture": "#texture" },
        "west":  { "uv": [ 6, 0, 10, 1 ], "texture": "#texture" },
        "east":  { "uv": [ 6, 0, 10, 1 ], "texture": "#texture" }
    }
},
{
    "__comment": "Pokeball_Obj",
    "from": [ 5, 1, 12 ],
    "to": [ 11, 2, 13 ],
    "faces": {
        "down":  { "uv": [ 11, 13, 5, 12 ], "texture": "#texture" },
        "up":    { "uv": [ 5, 12, 11, 13 ], "texture": "#texture" },
        "north": { "uv": [ 5, 14, 11, 15 ], "texture": "#texture" },
        "south": { "uv": [ 5, 14, 11, 15 ], "texture": "#texture" },
        "west":  { "uv": [ 12, 14, 13, 15 ], "texture": "#texture" },
        "east":  { "uv": [ 3, 14, 4, 15 ], "texture": "#texture" }
    }
},
{
    "__comment": "Pokeball_Obj",
    "from": [ 5, 14, 12 ],
    "to": [ 11, 15, 13 ],
    "faces": {
        "down":  { "uv": [ 11, 13, 5, 12 ], "texture": "#texture" },
        "up":    { "uv": [ 5, 12, 11, 13 ], "texture": "#texture" },
        "north": { "uv": [ 5, 1, 11, 2 ], "texture": "#texture" },
        "south": { "uv": [ 5, 1, 11, 2 ], "texture": "#texture" },
        "west":  { "uv": [ 12, 1, 13, 2 ], "texture": "#texture" },
        "east":  { "uv": [ 3, 1, 4, 2 ], "texture": "#texture" }
    }
},
{
    "__comment": "Pokeball_Obj",
    "from": [ 5, 2, 13 ],
    "to": [ 11, 3, 14 ],
    "faces": {
        "down":  { "uv": [ 11, 14, 5, 13 ], "texture": "#texture" },
        "up":    { "uv": [ 5, 13, 11, 14 ], "texture": "#texture" },
        "north": { "uv": [ 5, 13, 11, 14 ], "texture": "#texture" },
        "south": { "uv": [ 5, 13, 11, 14 ], "texture": "#texture" },
        "west":  { "uv": [ 13, 13, 14, 14 ], "texture": "#texture" },
        "east":  { "uv": [ 2, 13, 3, 14 ], "texture": "#texture" }
    }
},
{
    "__comment": "Pokeball_Obj",
    "from": [ 5, 13, 13 ],
    "to": [ 11, 14, 14 ],
    "faces": {
        "down":  { "uv": [ 11, 14, 5, 13 ], "texture": "#texture" },
        "up":    { "uv": [ 5, 13, 11, 14 ], "texture": "#texture" },
        "north": { "uv": [ 5, 2, 11, 3 ], "texture": "#texture" },
        "south": { "uv": [ 5, 2, 11, 3 ], "texture": "#texture" },
        "west":  { "uv": [ 13, 2, 14, 3 ], "texture": "#texture" },
        "east":  { "uv": [ 2, 2, 3, 3 ], "texture": "#texture" }
    }
},
{
    "__comment": "Pokeball_Obj",
    "from": [ 5, 3, 14 ],
    "to": [ 11, 4, 15 ],
    "faces": {
        "down":  { "uv": [ 11, 15, 5, 14 ], "texture": "#texture" },
        "up":    { "uv": [ 5, 14, 11, 15 ], "texture": "#texture" },
        "north": { "uv": [ 5, 12, 11, 13 ], "texture": "#texture" },
        "south": { "uv": [ 5, 12, 11, 13 ], "texture": "#texture" },
        "west":  { "uv": [ 14, 12, 15, 13 ], "texture": "#texture" },
        "east":  { "uv": [ 1, 12, 2, 13 ], "texture": "#texture" }
    }
},
{
    "__comment": "Pokeball_Obj",
    "from": [ 5, 12, 14 ],
    "to": [ 11, 13, 15 ],
    "faces": {
        "down":  { "uv": [ 11, 15, 5, 14 ], "texture": "#texture" },
        "up":    { "uv": [ 5, 14, 11, 15 ], "texture": "#texture" },
        "north": { "uv": [ 5, 3, 11, 4 ], "texture": "#texture" },
        "south": { "uv": [ 5, 3, 11, 4 ], "texture": "#texture" },
        "west":  { "uv": [ 14, 3, 15, 4 ], "texture": "#texture" },
        "east":  { "uv": [ 1, 3, 2, 4 ], "texture": "#texture" }
    }
},
{
    "__comment": "Pokeball_Obj",
    "from": [ 5, 5, 15 ],
    "to": [ 11, 11, 16 ],
    "faces": {
        "down":  { "uv": [ 11, 16, 5, 15 ], "texture": "#texture" },
        "up":    { "uv": [ 5, 15, 11, 16 ], "texture": "#texture" },
        "north": { "uv": [ 5, 5, 11, 11 ], "texture": "#texture" },
        "south": { "uv": [ 5, 5, 11, 11 ], "texture": "#texture" },
        "west":  { "uv": [ 15, 5, 16, 11 ], "texture": "#texture" },
        "east":  { "uv": [ 0, 5, 1, 11 ], "texture": "#texture" }
    }
},
{
    "__comment": "Pokeball_Obj",
    "from": [ 6, 0, 5 ],
    "to": [ 10, 1, 6 ],
    "faces": {
        "down":  { "uv": [ 10, 6, 6, 5 ], "texture": "#texture" },
        "up":    { "uv": [ 6, 5, 10, 6 ], "texture": "#texture" },
        "north": { "uv": [ 6, 15, 10, 16 ], "texture": "#texture" },
        "south": { "uv": [ 6, 15, 10, 16 ], "texture": "#texture" },
        "west":  { "uv": [ 5, 15, 6, 16 ], "texture": "#texture" },
        "east":  { "uv": [ 10, 15, 11, 16 ], "texture": "#texture" }
    }
},
{
    "__comment": "Pokeball_Obj",
    "from": [ 6, 15, 5 ],
    "to": [ 10, 16, 6 ],
    "faces": {
        "down":  { "uv": [ 10, 6, 6, 5 ], "texture": "#texture" },
        "up":    { "uv": [ 6, 5, 10, 6 ], "texture": "#texture" },
        "north": { "uv": [ 6, 0, 10, 1 ], "texture": "#texture" },
        "south": { "uv": [ 6, 0, 10, 1 ], "texture": "#texture" },
        "west":  { "uv": [ 5, 0, 6, 1 ], "texture": "#texture" },
        "east":  { "uv": [ 10, 0, 11, 1 ], "texture": "#texture" }
    }
},
{
    "__comment": "Pokeball_Obj",
    "from": [ 6, 0, 10 ],
    "to": [ 10, 1, 11 ],
    "faces": {
        "down":  { "uv": [ 10, 11, 6, 10 ], "texture": "#texture" },
        "up":    { "uv": [ 6, 10, 10, 11 ], "texture": "#texture" },
        "north": { "uv": [ 6, 15, 10, 16 ], "texture": "#texture" },
        "south": { "uv": [ 6, 15, 10, 16 ], "texture": "#texture" },
        "west":  { "uv": [ 10, 15, 11, 16 ], "texture": "#texture" },
        "east":  { "uv": [ 5, 15, 6, 16 ], "texture": "#texture" }
    }
},
{
    "__comment": "Pokeball_Obj",
    "from": [ 6, 15, 10 ],
    "to": [ 10, 16, 11 ],
    "faces": {
        "down":  { "uv": [ 10, 11, 6, 10 ], "texture": "#texture" },
        "up":    { "uv": [ 6, 10, 10, 11 ], "texture": "#texture" },
        "north": { "uv": [ 6, 0, 10, 1 ], "texture": "#texture" },
        "south": { "uv": [ 6, 0, 10, 1 ], "texture": "#texture" },
        "west":  { "uv": [ 10, 0, 11, 1 ], "texture": "#texture" },
        "east":  { "uv": [ 5, 0, 6, 1 ], "texture": "#texture" }
    }
}
],"display": {
    "thirdperson_lefthand": {"rotation": [ 0, 0, 0], "translation": [ 0, 0, 0 ], "scale": [ 0.0, 0.0, 0.0 ]},
    "thirdperson_righthand": {"rotation": [ 0, 0, 0], "translation": [ 0, 0, 0 ], "scale": [ 0.4, 0.4, 0.4 ]},
    "firstperson_lefthand": {"rotation": [ 0, 45, 0 ], "translation": [ 0, 0, 0 ], "scale": [ 0.0, 0.0, 0.0 ]},
    "firstperson_righthand": {"rotation": [ 0, 45, 0 ], "translation": [ 0, 0, 0 ], "scale": [ 0.4, 0.4, 0.4 ]},
    "gui": {"rotation": [ 15, 22.5, 0 ], "translation": [ 0, 0, 0 ], "scale": [ 0.75, 0.75, 0.75 ]},
    "ground": {"rotation": [ 0, 0, 180], "translation": [ 0, 4, 0 ], "scale":[0.45, 0.45, 0.45]},
    "head": { "translation": [ 0, -55, 0 ], "scale": [ 1.75, 1.75, 1.75 ]},
    "fixed": {"rotation": [ 0, 0, 0], "translation": [ 0, 0, 0 ], "scale":[1,1,1]}
}
}